Time,Open,High,Low,Close,Volume,candlestick_pattern,candlestick_pattern_type
2020-01-01 00:00:00,7165.72,7165.72,7136.05,7150.35,250.84981195,NO_PATTERN,NO_PATTERN
2020-01-01 01:00:00,7149.26,7204.94,7147.18,7194.52,230.17120242000001,NO_PATTERN,NO_PATTERN
2020-01-01 02:00:00,7194.52,7218.42,7191.44,7217.0,189.93790294000001,NO_PATTERN,NO_PATTERN
2020-01-01 03:00:00,7217.0,7217.0,7193.34,7196.98,234.73978059,NO_PATTERN,NO_PATTERN
2020-01-01 04:00:00,7196.99,7200.62,7183.85,7186.41,205.90872906,NO_PATTERN,NO_PATTERN
2020-01-01 05:00:00,7186.4,7199.0,7183.85,7197.31,120.59609582,ENGULFING,Bullish
2020-01-01 06:00:00,7197.31,7207.87,7197.31,7201.46,128.24591861000002,NO_PATTERN,NO_PATTERN
2020-01-01 07:00:00,7201.3,7209.15,7175.0,7185.91,53.599802509999996,NO_PATTERN,NO_PATTERN
2020-01-01 08:00:00,7185.9,7185.91,7158.19,7181.99,71.49745551,NO_PATTERN,NO_PATTERN
2020-01-01 09:00:00,7181.99,7189.53,7170.01,7170.01,53.71043183,NO_PATTERN,NO_PATTERN
2020-01-01 10:00:00,7170.01,7187.55,7170.01,7182.33,31.27827458,NO_PATTERN,NO_PATTERN
2020-01-01 11:00:00,7182.33,7215.0,7168.45,7174.26,119.94491814999999,NO_PATTERN,NO_PATTERN
2020-01-01 12:00:00,7174.27,7206.82,7174.27,7206.82,63.82391835,NO_PATTERN,NO_PATTERN
2020-01-01 13:00:00,7206.82,7210.84,7197.93,7200.4,60.01184369,NO_PATTERN,NO_PATTERN
2020-01-01 14:00:00,7200.01,7215.0,7188.91,7199.03,78.08757791,DOJI,Neutral
2020-01-01 15:00:00,7199.03,7238.14,7196.43,7214.31,198.12448662,NO_PATTERN,NO_PATTERN
2020-01-01 16:00:00,7213.34,7225.0,7195.02,7223.86,161.49997969999998,NO_PATTERN,NO_PATTERN
2020-01-01 17:00:00,7224.99,7231.27,7204.96,7218.01,124.52960211,NO_PATTERN,NO_PATTERN
2020-01-01 18:00:00,7218.0,7229.37,7205.69,7218.3,222.31596403,DOJI,Neutral
2020-01-01 19:00:00,7218.3,7218.31,7199.61,7207.07,167.18158325,NO_PATTERN,NO_PATTERN
2020-01-01 20:00:00,7207.06,7221.92,7200.0,7215.85,90.85722726,NO_PATTERN,NO_PATTERN
2020-01-01 21:00:00,7215.85,7222.6,7204.53,7213.12,139.75419491,DOJI,Neutral
2020-01-01 22:00:00,7216.2,7217.0,7163.91,7177.01,198.44105178,NO_PATTERN,NO_PATTERN
2020-01-01 23:00:00,7177.01,7177.58,7150.0,7174.33,149.04858016,DRAGONFLYDOJI,Neutral
2020-01-02 00:00:00,7174.33,7186.18,7160.0,7181.99,92.04082952,NO_PATTERN,NO_PATTERN
2020-01-02 01:00:00,7181.99,7182.0,7157.15,7165.75,189.81934306,NO_PATTERN,NO_PATTERN
2020-01-02 02:00:00,7165.74,7165.74,7125.0,7141.11,344.74459494,NO_PATTERN,NO_PATTERN
2020-01-02 03:00:00,7134.86,7137.0,7096.61,7098.88,331.87888069,NO_PATTERN,NO_PATTERN
2020-01-02 04:00:00,7098.87,7129.77,7089.0,7110.98,258.25134995,NO_PATTERN,NO_PATTERN
2020-01-02 05:00:00,7112.11,7123.71,7101.48,7108.03,108.03915924,NO_PATTERN,NO_PATTERN
2020-01-02 06:00:00,7108.04,7119.97,7091.1,7104.32,128.22574701,NO_PATTERN,NO_PATTERN
2020-01-02 07:00:00,7103.45,7109.32,7074.09,7077.45,319.47617746,NO_PATTERN,NO_PATTERN
2020-01-02 08:00:00,7075.04,7122.5,7075.0,7122.05,121.35463632999999,3LINESTRIKE,Bear
2020-01-02 09:00:00,7122.49,7132.48,7108.52,7132.48,42.30981084,NO_PATTERN,NO_PATTERN
2020-01-02 10:00:00,7132.48,7156.65,7132.28,7136.88,92.77181797,NO_PATTERN,NO_PATTERN
2020-01-02 11:00:00,7136.88,7141.68,7120.0,7120.0,60.22409994,NO_PATTERN,NO_PATTERN
2020-01-02 12:00:00,7117.78,7140.81,7117.78,7132.72,97.37740858,NO_PATTERN,NO_PATTERN
2020-01-02 13:00:00,7132.72,7139.97,7081.03,7107.87,259.1422028,NO_PATTERN,NO_PATTERN
2020-01-02 14:00:00,7107.85,7137.23,7099.03,7114.12,187.17203792,NO_PATTERN,NO_PATTERN
2020-01-02 15:00:00,7114.12,7130.0,7095.5,7111.72,184.64441275,DOJI,Neutral
2020-01-02 16:00:00,7111.69,7125.0,7011.3,7027.01,824.47920444,NO_PATTERN,NO_PATTERN
2020-01-02 17:00:00,7027.01,7027.01,6903.0,6942.4,2348.88771903,NO_PATTERN,NO_PATTERN
2020-01-02 18:00:00,6942.4,6968.22,6927.13,6955.01,577.88914615,NO_PATTERN,NO_PATTERN
2020-01-02 19:00:00,6955.01,6976.17,6937.82,6965.0,306.98121211,NO_PATTERN,NO_PATTERN
2020-01-02 20:00:00,6965.0,6965.01,6924.75,6927.24,316.31984846,NO_PATTERN,NO_PATTERN
2020-01-02 21:00:00,6927.24,6967.14,6926.16,6957.97,268.98089312,NO_PATTERN,NO_PATTERN
2020-01-02 22:00:00,6957.98,6958.0,6943.33,6955.62,188.58460916,DRAGONFLYDOJI,Neutral
2020-01-02 23:00:00,6955.62,6957.0,6936.69,6945.02,298.08307534,NO_PATTERN,NO_PATTERN
2020-01-03 00:00:00,6945.02,6945.03,6903.09,6919.01,353.74767742,NO_PATTERN,NO_PATTERN
2020-01-03 01:00:00,6919.01,6927.58,6864.0,6869.45,520.71391049,NO_PATTERN,NO_PATTERN
2020-01-03 02:00:00,6869.45,6945.4,6854.67,6938.93,442.92750511,NO_PATTERN,NO_PATTERN
2020-01-03 03:00:00,6938.93,6947.64,6925.61,6937.61,179.84355856,DOJI,Neutral
2020-01-03 04:00:00,6937.61,7281.24,6937.61,7194.79,2265.69899049,NO_PATTERN,NO_PATTERN
2020-01-03 05:00:00,7194.79,7235.94,7151.79,7203.04,621.34774945,NO_PATTERN,NO_PATTERN
2020-01-03 06:00:00,7203.04,7209.94,7181.35,7193.14,377.32931399,NO_PATTERN,NO_PATTERN
2020-01-03 07:00:00,7193.14,7220.0,7176.07,7184.66,526.39958097,NO_PATTERN,NO_PATTERN
2020-01-03 08:00:00,7186.59,7287.52,7186.59,7255.9,466.90773101,NO_PATTERN,NO_PATTERN
2020-01-03 09:00:00,7255.86,7347.36,7252.56,7337.53,672.08889264,NO_PATTERN,NO_PATTERN
2020-01-03 10:00:00,7337.67,7361.7,7276.77,7301.15,427.04173693,NO_PATTERN,NO_PATTERN
2020-01-03 11:00:00,7301.15,7333.77,7296.09,7327.64,504.61979387,NO_PATTERN,NO_PATTERN
2020-01-03 12:00:00,7327.64,7339.31,7296.05,7316.31,438.36713025,NO_PATTERN,NO_PATTERN
2020-01-03 13:00:00,7316.3,7369.61,7306.5,7342.88,329.31686069,ENGULFING,Bullish
2020-01-03 14:00:00,7342.19,7347.29,7227.78,7245.0,862.79280338,NO_PATTERN,NO_PATTERN
2020-01-03 15:00:00,7245.0,7319.83,7245.0,7313.23,636.68868872,NO_PATTERN,NO_PATTERN
2020-01-03 16:00:00,7315.02,7401.2,7291.42,7386.74,1229.5309057,NO_PATTERN,NO_PATTERN
2020-01-03 17:00:00,7386.74,7400.0,7330.0,7353.04,514.58293231,NO_PATTERN,NO_PATTERN
2020-01-03 18:00:00,7353.04,7363.28,7330.0,7334.38,407.71630268,NO_PATTERN,NO_PATTERN
2020-01-03 19:00:00,7334.39,7341.53,7276.14,7330.91,472.92617,HAMMER,Neutral
2020-01-03 20:00:00,7330.9,7349.44,7293.7,7308.25,444.92422777,NO_PATTERN,NO_PATTERN
2020-01-03 21:00:00,7308.25,7326.85,7259.0,7269.3,458.90332121,NO_PATTERN,NO_PATTERN
2020-01-03 22:00:00,7269.3,7309.75,7250.0,7294.72,479.78004426,NO_PATTERN,NO_PATTERN
2020-01-03 23:00:00,7293.9,7334.45,7288.99,7334.45,344.91168221,NO_PATTERN,NO_PATTERN
2020-01-04 00:00:00,7334.45,7339.99,7284.15,7302.44,220.67804984,NO_PATTERN,NO_PATTERN
2020-01-04 01:00:00,7302.43,7304.55,7277.34,7303.07,187.44033035,DRAGONFLYDOJI,Neutral
2020-01-04 02:00:00,7303.07,7320.98,7290.09,7320.68,94.49726129,NO_PATTERN,NO_PATTERN
2020-01-04 03:00:00,7320.68,7332.89,7311.29,7323.57,148.11330622,DOJI,Neutral
2020-01-04 04:00:00,7323.6,7330.0,7302.78,7326.97,89.42103635,DRAGONFLYDOJI,Neutral
2020-01-04 05:00:00,7326.86,7359.99,7320.0,7333.94,211.02309082,NO_PATTERN,NO_PATTERN
2020-01-04 06:00:00,7333.95,7354.72,7330.57,7349.54,113.68026266,NO_PATTERN,NO_PATTERN
2020-01-04 07:00:00,7349.54,7354.98,7322.27,7343.16,89.42901598,NO_PATTERN,NO_PATTERN
2020-01-04 08:00:00,7343.16,7352.04,7327.16,7339.13,101.13121362,NO_PATTERN,NO_PATTERN
2020-01-04 09:00:00,7339.13,7355.23,7332.14,7351.67,103.5712781,NO_PATTERN,NO_PATTERN
2020-01-04 10:00:00,7351.67,7357.39,7296.81,7304.74,95.93039590000001,NO_PATTERN,NO_PATTERN
2020-01-04 11:00:00,7304.11,7328.74,7292.02,7326.61,56.34765261,NO_PATTERN,NO_PATTERN
2020-01-04 12:00:00,7326.61,7328.18,7295.0,7299.94,80.90483671,NO_PATTERN,NO_PATTERN
2020-01-04 13:00:00,7299.95,7312.54,7280.5,7287.85,150.30265332,NO_PATTERN,NO_PATTERN
2020-01-04 14:00:00,7287.83,7310.75,7281.9,7304.85,120.76563707,ENGULFING,Bullish
2020-01-04 15:00:00,7304.86,7317.58,7293.6,7306.11,175.86113866,DOJI,Neutral
2020-01-04 16:00:00,7306.12,7313.79,7285.02,7297.65,148.6677214,ENGULFING,Bearish
2020-01-04 17:00:00,7297.64,7339.31,7295.75,7339.3,179.05437675,ENGULFING,Bullish
2020-01-04 18:00:00,7339.31,7398.0,7263.32,7291.42,1058.75038641,ENGULFING,Bearish
2020-01-04 19:00:00,7291.41,7342.75,7275.01,7322.54,412.77298102000003,NO_PATTERN,NO_PATTERN
2020-01-04 20:00:00,7324.2,7339.78,7304.79,7333.01,266.2543832,NO_PATTERN,NO_PATTERN
2020-01-04 21:00:00,7333.01,7358.51,7322.23,7344.84,266.71684156,NO_PATTERN,NO_PATTERN
2020-01-04 22:00:00,7343.98,7354.23,7334.09,7346.37,168.07933972,DOJI,Neutral
2020-01-04 23:00:00,7346.38,7350.0,7326.69,7348.63,192.36499314,HAMMER,Neutral
2020-01-05 00:00:00,7348.63,7384.37,7348.62,7368.94,350.85117005,NO_PATTERN,NO_PATTERN
2020-01-05 01:00:00,7368.75,7471.52,7368.75,7451.01,1179.77923838,NO_PATTERN,NO_PATTERN
2020-01-05 02:00:00,7451.0,7483.28,7425.0,7438.05,402.96988062,HARAMI,Bearish
2020-01-05 03:00:00,7438.75,7474.0,7438.08,7471.82,213.15908352,NO_PATTERN,NO_PATTERN
2020-01-05 04:00:00,7470.9,7488.87,7441.33,7447.56,302.85806188,HARAMI,Bearish
2020-01-05 05:00:00,7447.56,7459.65,7440.65,7454.73,153.15832274,NO_PATTERN,NO_PATTERN
2020-01-05 06:00:00,7454.8,7478.24,7442.06,7461.65,393.46921128,NO_PATTERN,NO_PATTERN
2020-01-05 07:00:00,7461.65,7473.78,7446.57,7468.22,226.14532625,NO_PATTERN,NO_PATTERN
2020-01-05 08:00:00,7468.28,7475.0,7413.91,7426.38,230.68313579,3LINESTRIKE,Bull
2020-01-05 09:00:00,7426.41,7435.0,7396.36,7425.11,219.46435362,DOJI,Neutral
2020-01-05 10:00:00,7425.1,7431.33,7404.95,7413.9,29.145570550000002,NO_PATTERN,NO_PATTERN
2020-01-05 11:00:00,7413.89,7441.25,7409.46,7423.92,71.87626338,NO_PATTERN,NO_PATTERN
2020-01-05 12:00:00,7423.85,7457.32,7423.42,7457.32,77.83077072,NO_PATTERN,NO_PATTERN
2020-01-05 13:00:00,7457.32,7460.03,7411.11,7430.68,142.53143445,NO_PATTERN,NO_PATTERN
2020-01-05 14:00:00,7431.11,7442.92,7425.35,7431.21,44.58663678,HARAMI,Bull
2020-01-05 15:00:00,7430.77,7472.51,7428.09,7459.97,141.87501411,NO_PATTERN,NO_PATTERN
2020-01-05 16:00:00,7459.97,7479.52,7450.0,7455.99,167.48637576,NO_PATTERN,NO_PATTERN
2020-01-05 17:00:00,7457.1,7464.12,7444.33,7461.16,163.62484744,NO_PATTERN,NO_PATTERN
2020-01-05 18:00:00,7461.17,7463.0,7419.2,7432.09,179.07987117,ENGULFING,Bearish
2020-01-05 19:00:00,7432.08,7443.86,7422.94,7439.16,141.58289513,NO_PATTERN,NO_PATTERN
2020-01-05 20:00:00,7439.15,7439.15,7422.41,7428.7,123.13827967,NO_PATTERN,NO_PATTERN
2020-01-05 21:00:00,7428.71,7430.08,7356.82,7356.82,368.62856511999996,NO_PATTERN,NO_PATTERN
2020-01-05 22:00:00,7355.79,7375.0,7316.0,7348.07,358.42004248,NO_PATTERN,NO_PATTERN
2020-01-05 23:00:00,7348.06,7357.04,7312.22,7355.4,233.65030285,NO_PATTERN,NO_PATTERN
2020-01-06 00:00:00,7355.4,7377.45,7343.17,7372.97,220.42447508,NO_PATTERN,NO_PATTERN
2020-01-06 01:00:00,7372.93,7416.17,7361.64,7416.1,335.90121618,NO_PATTERN,NO_PATTERN
2020-01-06 02:00:00,7416.09,7562.82,7412.88,7547.86,1611.9612436,NO_PATTERN,NO_PATTERN
2020-01-06 03:00:00,7547.86,7580.0,7478.33,7540.16,747.88959823,NO_PATTERN,NO_PATTERN
2020-01-06 04:00:00,7538.99,7550.0,7516.07,7527.87,271.92848341,NO_PATTERN,NO_PATTERN
2020-01-06 05:00:00,7527.84,7535.0,7498.6,7528.7,262.68979758,DOJI,Neutral
2020-01-06 06:00:00,7528.76,7528.79,7507.37,7509.77,205.15390587,ENGULFING,Bearish
2020-01-06 07:00:00,7510.83,7520.9,7503.56,7503.56,86.70421789,NO_PATTERN,NO_PATTERN
2020-01-06 08:00:00,7503.56,7545.0,7503.55,7542.19,125.44044887,NO_PATTERN,NO_PATTERN
2020-01-06 09:00:00,7543.42,7545.0,7506.8,7541.44,124.25538914,DRAGONFLYDOJI,Neutral
2020-01-06 10:00:00,7543.25,7567.5,7528.89,7553.33,163.62897147,NO_PATTERN,NO_PATTERN
2020-01-06 11:00:00,7553.33,7572.2,7520.04,7536.29,143.17708775,NO_PATTERN,NO_PATTERN
2020-01-06 12:00:00,7536.29,7558.01,7529.86,7554.33,156.82927657,NO_PATTERN,NO_PATTERN
2020-01-06 13:00:00,7554.34,7615.68,7484.65,7522.17,746.75493958,ENGULFING,Bearish
2020-01-06 14:00:00,7522.19,7549.99,7499.99,7541.83,312.89738434,NO_PATTERN,NO_PATTERN
2020-01-06 15:00:00,7541.82,7546.11,7510.8,7516.84,594.5163052199999,NO_PATTERN,NO_PATTERN
2020-01-06 16:00:00,7515.91,7540.63,7505.89,7523.46,479.72944399,NO_PATTERN,NO_PATTERN
2020-01-06 17:00:00,7521.04,7554.86,7518.87,7552.76,553.6587182000001,NO_PATTERN,NO_PATTERN
2020-01-06 18:00:00,7552.77,7553.0,7523.15,7527.07,282.30112748,NO_PATTERN,NO_PATTERN
2020-01-06 19:00:00,7526.6,7544.42,7516.88,7536.6,355.0071989,NO_PATTERN,NO_PATTERN
2020-01-06 20:00:00,7536.6,7549.99,7531.94,7544.98,287.97223675,NO_PATTERN,NO_PATTERN
2020-01-06 21:00:00,7544.98,7606.8,7544.98,7576.79,784.70619591,NO_PATTERN,NO_PATTERN
2020-01-06 22:00:00,7576.79,7758.0,7575.65,7711.03,1621.51086519,NO_PATTERN,NO_PATTERN
2020-01-06 23:00:00,7716.54,7805.0,7700.06,7764.63,1247.06815019,NO_PATTERN,NO_PATTERN
2020-01-07 00:00:00,7764.63,8000.0,7764.63,7889.99,3572.35070256,NO_PATTERN,NO_PATTERN
2020-01-07 01:00:00,7890.0,7932.56,7865.62,7906.52,803.29005827,NO_PATTERN,NO_PATTERN
2020-01-07 02:00:00,7907.47,7940.23,7897.09,7899.74,494.46929008,GRAVESTONEDOJI,Neutral
2020-01-07 03:00:00,7899.9,7918.29,7889.2,7897.83,485.15263247,DOJI,Neutral
2020-01-07 04:00:00,7897.83,7906.0,7820.91,7844.51,602.58478473,NO_PATTERN,NO_PATTERN
2020-01-07 05:00:00,7844.51,7882.83,7838.53,7877.17,280.89147573,NO_PATTERN,NO_PATTERN
2020-01-07 06:00:00,7877.17,7879.07,7862.3,7874.41,117.01740073,DRAGONFLYDOJI,Neutral
2020-01-07 07:00:00,7873.5,7892.2,7860.83,7878.65,146.92213338,ENGULFING,Bull
2020-01-07 08:00:00,7878.65,7900.0,7869.73,7880.52,109.05120547,DOJI,Neutral
2020-01-07 09:00:00,7880.52,7880.52,7856.74,7856.75,55.06607889,NO_PATTERN,NO_PATTERN
2020-01-07 10:00:00,7856.75,7885.78,7856.75,7885.78,78.33037816,NO_PATTERN,NO_PATTERN
2020-01-07 11:00:00,7885.78,7966.16,7882.06,7893.61,432.34565871,NO_PATTERN,NO_PATTERN
2020-01-07 12:00:00,7893.15,7913.21,7847.11,7871.09,430.32889302,NO_PATTERN,NO_PATTERN
2020-01-07 13:00:00,7869.92,7869.93,7812.15,7847.78,425.07817493,NO_PATTERN,NO_PATTERN
2020-01-07 14:00:00,7847.78,7883.89,7839.44,7850.0,679.40344792,DOJI,Neutral
2020-01-07 15:00:00,7850.0,7851.4,7743.5,7766.06,1064.77867963,NO_PATTERN,NO_PATTERN
2020-01-07 16:00:00,7766.06,7941.7,7723.0,7915.0,1242.75005628,NO_PATTERN,NO_PATTERN
2020-01-07 17:00:00,7915.01,7956.82,7875.93,7942.58,566.11201942,NO_PATTERN,NO_PATTERN
2020-01-07 18:00:00,7942.58,8134.82,7923.09,8046.05,2341.79870434,NO_PATTERN,NO_PATTERN
2020-01-07 19:00:00,8043.41,8119.7,8040.93,8081.67,947.16537499,NO_PATTERN,NO_PATTERN
2020-01-07 20:00:00,8081.66,8184.2,8051.24,8168.53,1119.54971187,NO_PATTERN,NO_PATTERN
2020-01-07 21:00:00,8168.53,8195.0,8007.29,8022.11,1606.67367143,NO_PATTERN,NO_PATTERN
2020-01-07 22:00:00,8022.1,8067.2,7965.01,8045.0,807.84561406,NO_PATTERN,NO_PATTERN
2020-01-07 23:00:00,8045.0,8216.0,8027.0,8158.52,1358.09059136,NO_PATTERN,NO_PATTERN
2020-01-08 00:00:00,8160.01,8469.39,8157.71,8447.12,4421.65422424,NO_PATTERN,NO_PATTERN
2020-01-08 01:00:00,8444.53,8467.83,8350.0,8377.06,1402.07806205,HARAMI,Bearish
2020-01-08 02:00:00,8377.65,8432.75,8251.76,8282.26,1236.68367492,NO_PATTERN,NO_PATTERN
2020-01-08 03:00:00,8278.26,8339.95,8251.63,8303.0,812.32433011,NO_PATTERN,NO_PATTERN
2020-01-08 04:00:00,8302.99,8355.0,8282.82,8345.48,415.55268037,NO_PATTERN,NO_PATTERN
2020-01-08 05:00:00,8343.68,8377.56,8306.92,8335.09,432.46970524,DOJI,Neutral
2020-01-08 06:00:00,8334.47,8361.48,8320.0,8338.22,288.64159223,GRAVESTONEDOJI,Neutral
2020-01-08 07:00:00,8337.65,8342.95,8281.19,8300.13,247.49500556,NO_PATTERN,NO_PATTERN
2020-01-08 08:00:00,8299.01,8327.96,8268.1,8312.54,215.49739227,NO_PATTERN,NO_PATTERN
2020-01-08 09:00:00,8312.55,8318.38,8276.5,8295.45,152.97666782000002,ENGULFING,Bearish
2020-01-08 10:00:00,8297.91,8362.61,8288.19,8334.79,315.24070926,NO_PATTERN,NO_PATTERN
2020-01-08 11:00:00,8339.03,8374.88,8332.02,8334.8,199.07393618,SHOOTINGSTAR,Neutral
2020-01-08 12:00:00,8337.41,8347.69,8276.16,8281.89,524.71664985,NO_PATTERN,NO_PATTERN
2020-01-08 13:00:00,8280.52,8416.2,8220.24,8384.48,1145.69103322,ENGULFING,Bullish
2020-01-08 14:00:00,8384.48,8384.49,8202.57,8307.33,1033.14779429,NO_PATTERN,NO_PATTERN
2020-01-08 15:00:00,8308.52,8357.69,8233.0,8301.04,692.27164594,DOJI,Neutral
2020-01-08 16:00:00,8302.17,8332.49,8060.0,8115.0,3050.34390896,NO_PATTERN,NO_PATTERN
2020-01-08 17:00:00,8115.0,8123.24,8008.88,8080.18,1516.4686706,HAMMER,Neutral
2020-01-08 18:00:00,8076.79,8090.94,8030.0,8046.59,648.23783094,NO_PATTERN,NO_PATTERN
2020-01-08 19:00:00,8046.59,8060.87,7960.0,7961.19,1064.72808739,NO_PATTERN,NO_PATTERN
2020-01-08 20:00:00,7961.19,8050.0,7845.0,8043.55,2308.3180583,NO_PATTERN,NO_PATTERN
2020-01-08 21:00:00,8041.75,8041.75,7951.06,8001.0,782.38672231,HARAMI,Bearish
2020-01-08 22:00:00,8003.92,8091.16,7975.8,8067.31,506.38416721,NO_PATTERN,NO_PATTERN
2020-01-08 23:00:00,8067.31,8112.93,8024.22,8045.51,481.63620826,NO_PATTERN,NO_PATTERN
2020-01-09 00:00:00,8047.75,8048.67,7927.27,7949.72,654.98831239,NO_PATTERN,NO_PATTERN
2020-01-09 01:00:00,7949.72,8029.34,7946.94,7993.0,261.44568365,NO_PATTERN,NO_PATTERN
2020-01-09 02:00:00,7995.0,8016.07,7974.63,7975.0,263.77629095,NO_PATTERN,NO_PATTERN
2020-01-09 03:00:00,7975.01,7986.55,7931.92,7948.25,444.17810823,NO_PATTERN,NO_PATTERN
2020-01-09 04:00:00,7948.26,7974.97,7927.29,7966.48,275.88164548,HAMMER,Neutral
2020-01-09 05:00:00,7966.48,7966.49,7930.0,7939.85,191.77767264,NO_PATTERN,NO_PATTERN
2020-01-09 06:00:00,7939.85,7946.88,7902.24,7910.6,299.35246133,NO_PATTERN,NO_PATTERN
2020-01-09 07:00:00,7910.61,7966.99,7908.7,7946.77,177.86505997999998,NO_PATTERN,NO_PATTERN
2020-01-09 08:00:00,7946.02,7953.57,7917.29,7934.15,101.00584087,NO_PATTERN,NO_PATTERN
2020-01-09 09:00:00,7934.15,7934.15,7856.36,7869.41,437.88043203,NO_PATTERN,NO_PATTERN
2020-01-09 10:00:00,7869.41,7934.82,7856.31,7885.33,190.71872278,NO_PATTERN,NO_PATTERN
2020-01-09 11:00:00,7887.73,7897.4,7852.58,7873.05,174.40771147,NO_PATTERN,NO_PATTERN
2020-01-09 12:00:00,7873.05,7908.96,7865.03,7893.71,120.78243069,NO_PATTERN,NO_PATTERN
2020-01-09 13:00:00,7893.72,7943.2,7885.11,7890.0,376.20015725,GRAVESTONEDOJI,Neutral
2020-01-09 14:00:00,7889.99,7913.65,7871.2,7879.15,327.54990177999997,NO_PATTERN,NO_PATTERN
2020-01-09 15:00:00,7880.04,7925.0,7879.16,7899.51,332.17469486,NO_PATTERN,NO_PATTERN
2020-01-09 16:00:00,7899.5,7916.31,7803.28,7816.23,701.77145154,NO_PATTERN,NO_PATTERN
2020-01-09 17:00:00,7816.22,7842.69,7777.0,7790.97,549.72147591,NO_PATTERN,NO_PATTERN
2020-01-09 18:00:00,7790.97,7825.5,7782.57,7810.34,283.16712832,NO_PATTERN,NO_PATTERN
2020-01-09 19:00:00,7810.34,7950.0,7809.12,7916.51,666.94300806,NO_PATTERN,NO_PATTERN
2020-01-09 20:00:00,7915.65,7995.72,7800.0,7815.09,1277.45402549,NO_PATTERN,NO_PATTERN
2020-01-09 21:00:00,7809.15,7840.0,7744.48,7785.0,792.0876037200001,NO_PATTERN,NO_PATTERN
2020-01-09 22:00:00,7785.0,7870.03,7784.99,7804.99,321.04372489,NO_PATTERN,NO_PATTERN
2020-01-09 23:00:00,7804.99,7827.65,7784.64,7813.78,223.87923113,DOJI,Neutral
2020-01-10 00:00:00,7813.78,7845.69,7809.51,7814.61,254.86298511,GRAVESTONEDOJI,Neutral
2020-01-10 01:00:00,7815.36,7833.79,7780.84,7794.99,260.70409365,ENGULFING,Bearish
2020-01-10 02:00:00,7794.99,7816.76,7787.66,7791.74,218.50901278,GRAVESTONEDOJI,Neutral
2020-01-10 03:00:00,7791.65,7811.9,7763.96,7805.71,190.93189411,HAMMER,Neutral
2020-01-10 04:00:00,7805.85,7806.78,7757.93,7786.01,244.69867285,ENGULFING,Bearish
2020-01-10 05:00:00,7786.01,7786.01,7721.12,7737.42,344.87611563,NO_PATTERN,NO_PATTERN
2020-01-10 06:00:00,7735.84,7766.56,7711.22,7733.4,439.53510769,DOJI,Neutral
2020-01-10 07:00:00,7733.39,7739.71,7711.01,7735.58,705.36732352,DRAGONFLYDOJI,Neutral
2020-01-10 08:00:00,7735.58,7735.58,7678.0,7698.01,517.01479744,NO_PATTERN,NO_PATTERN
2020-01-10 09:00:00,7700.6,7741.73,7687.75,7714.82,260.61469446,HARAMI,Bullish
2020-01-10 10:00:00,7714.82,7771.02,7671.0,7763.57,523.22401501,NO_PATTERN,NO_PATTERN
2020-01-10 11:00:00,7763.57,7846.13,7762.94,7831.0,423.56688971,NO_PATTERN,NO_PATTERN
2020-01-10 12:00:00,7831.01,7887.72,7797.84,7885.53,304.31047197,NO_PATTERN,NO_PATTERN
2020-01-10 13:00:00,7885.32,7936.46,7857.97,7862.38,426.0826003,HARAMI,Bearish
2020-01-10 14:00:00,7859.95,7977.35,7845.01,7973.24,985.24983729,ENGULFING,Bullish
2020-01-10 15:00:00,7971.71,8094.18,7947.0,8058.59,1328.73800409,NO_PATTERN,NO_PATTERN
2020-01-10 16:00:00,8058.88,8132.01,7930.95,7952.9,1301.95457213,ENGULFING,Bearish
2020-01-10 17:00:00,7950.88,7974.9,7912.15,7964.24,400.0336723,NO_PATTERN,NO_PATTERN
2020-01-10 18:00:00,7964.24,8109.73,7964.24,8023.42,1030.40994258,NO_PATTERN,NO_PATTERN
2020-01-10 19:00:00,8023.42,8130.0,7975.0,8065.5,883.42150497,NO_PATTERN,NO_PATTERN
2020-01-10 20:00:00,8065.51,8100.0,8041.08,8074.88,393.77543961,DOJI,Neutral
2020-01-10 21:00:00,8074.48,8133.67,8023.87,8046.47,789.9503584,NO_PATTERN,NO_PATTERN
2020-01-10 22:00:00,8046.48,8102.58,7985.0,8092.47,450.85200881,HAMMER,Neutral
2020-01-10 23:00:00,8092.43,8199.77,8066.09,8198.09,730.08879483,NO_PATTERN,NO_PATTERN
2020-01-11 00:00:00,8198.09,8205.0,8133.44,8170.55,541.08686268,NO_PATTERN,NO_PATTERN
2020-01-11 01:00:00,8172.74,8262.78,8170.68,8206.02,694.80310249,NO_PATTERN,NO_PATTERN
2020-01-11 02:00:00,8206.02,8213.86,8159.07,8206.44,398.3176936,DRAGONFLYDOJI,Neutral
2020-01-11 03:00:00,8206.0,8206.44,8135.0,8159.83,349.85316272,NO_PATTERN,NO_PATTERN
2020-01-11 04:00:00,8158.61,8178.67,8103.36,8116.09,276.87005197,NO_PATTERN,NO_PATTERN
2020-01-11 05:00:00,8116.09,8116.09,8048.53,8086.54,497.11256844999997,HAMMER,Neutral
2020-01-11 06:00:00,8086.54,8130.67,8063.1,8115.2,159.07904505,NO_PATTERN,NO_PATTERN
2020-01-11 07:00:00,8115.21,8145.61,8061.43,8074.79,110.90419669,ENGULFING,Bearish
2020-01-11 08:00:00,8073.13,8097.65,8038.0,8054.66,99.25310333,NO_PATTERN,NO_PATTERN
2020-01-11 09:00:00,8054.66,8122.0,8054.64,8109.53,78.91111363,MORNINGSTAR,Neutral
2020-01-11 10:00:00,8110.95,8110.95,8045.67,8050.94,71.11516828,ENGULFING,Bearish
2020-01-11 11:00:00,8050.43,8071.09,8011.56,8037.0,232.01381284,NO_PATTERN,NO_PATTERN
2020-01-11 12:00:00,8037.0,8065.21,8017.12,8052.3,107.06791436,NO_PATTERN,NO_PATTERN
2020-01-11 13:00:00,8054.88,8098.22,8047.37,8085.41,124.42792651,NO_PATTERN,NO_PATTERN
2020-01-11 14:00:00,8085.41,8112.32,8050.0,8050.0,156.29897386,NO_PATTERN,NO_PATTERN
2020-01-11 15:00:00,8050.01,8095.33,8050.0,8092.61,235.62193157000002,NO_PATTERN,NO_PATTERN
2020-01-11 16:00:00,8092.6,8175.0,8061.56,8168.83,338.12166062,NO_PATTERN,NO_PATTERN
2020-01-11 17:00:00,8168.75,8225.09,8150.03,8155.75,489.60171567000003,HARAMI,Bearish
2020-01-11 18:00:00,8155.75,8185.67,8123.69,8162.14,311.00068219,DOJI,Neutral
2020-01-11 19:00:00,8162.13,8174.17,8134.67,8150.02,168.9100754,NO_PATTERN,NO_PATTERN
2020-01-11 20:00:00,8148.4,8184.14,8141.93,8163.15,224.96784717,ENGULFING,Bullish
2020-01-11 21:00:00,8160.9,8290.0,8053.0,8101.99,825.52632812,NO_PATTERN,NO_PATTERN
2020-01-11 22:00:00,8101.99,8103.47,8023.59,8073.78,586.4367704599999,NO_PATTERN,NO_PATTERN
2020-01-11 23:00:00,8076.25,8077.85,8000.01,8020.0,468.03865219,NO_PATTERN,NO_PATTERN
2020-01-12 00:00:00,8017.47,8073.09,7963.25,8062.66,614.66012948,NO_PATTERN,NO_PATTERN
2020-01-12 01:00:00,8062.48,8087.5,8034.99,8063.76,123.95461716,DOJI,Neutral
2020-01-12 02:00:00,8062.95,8106.19,8050.0,8091.52,134.78670249,NO_PATTERN,NO_PATTERN
2020-01-12 03:00:00,8091.72,8106.7,8060.04,8088.19,80.14522917,DOJI,Neutral
2020-01-12 04:00:00,8088.19,8100.0,8062.94,8066.52,126.19607064,NO_PATTERN,NO_PATTERN
2020-01-12 05:00:00,8067.07,8102.91,8067.07,8101.53,75.63972863000001,NO_PATTERN,NO_PATTERN
2020-01-12 06:00:00,8101.53,8149.49,8081.62,8081.63,178.74605682,NO_PATTERN,NO_PATTERN
2020-01-12 07:00:00,8081.63,8104.21,8078.79,8092.94,74.82971527,NO_PATTERN,NO_PATTERN
2020-01-12 08:00:00,8092.82,8140.0,8082.06,8134.03,84.99471713999999,NO_PATTERN,NO_PATTERN
2020-01-12 09:00:00,8134.03,8154.0,8117.84,8128.0,124.73238324,NO_PATTERN,NO_PATTERN
2020-01-12 10:00:00,8127.99,8135.25,8092.9,8118.53,53.45997408,NO_PATTERN,NO_PATTERN
2020-01-12 11:00:00,8118.53,8125.9,8101.03,8103.9,32.63908376,NO_PATTERN,NO_PATTERN
2020-01-12 12:00:00,8103.9,8148.31,8103.9,8131.01,120.64757664,NO_PATTERN,NO_PATTERN
2020-01-12 13:00:00,8131.01,8164.71,8117.37,8162.86,129.23888948,NO_PATTERN,NO_PATTERN
2020-01-12 14:00:00,8160.01,8178.18,8121.32,8132.4,179.39419855,NO_PATTERN,NO_PATTERN
2020-01-12 15:00:00,8130.27,8161.0,8130.27,8146.13,103.49760464,NO_PATTERN,NO_PATTERN
2020-01-12 16:00:00,8146.13,8166.81,8094.64,8096.96,226.80839324,NO_PATTERN,NO_PATTERN
2020-01-12 17:00:00,8096.96,8185.0,8070.38,8092.81,371.20414057,DOJI,Neutral
2020-01-12 18:00:00,8093.36,8124.81,8078.1,8115.54,113.08962152,NO_PATTERN,NO_PATTERN
2020-01-12 19:00:00,8115.53,8157.82,8115.53,8125.22,258.84831856,NO_PATTERN,NO_PATTERN
2020-01-12 20:00:00,8125.22,8147.11,8125.22,8139.79,133.53453531,NO_PATTERN,NO_PATTERN
2020-01-12 21:00:00,8139.78,8143.98,8097.0,8103.15,144.62939869,NO_PATTERN,NO_PATTERN
2020-01-12 22:00:00,8100.8,8160.1,8098.34,8152.96,161.6676065,ENGULFING,Bullish
2020-01-12 23:00:00,8152.96,8180.81,8135.86,8180.81,260.88382614,NO_PATTERN,NO_PATTERN
2020-01-13 00:00:00,8180.81,8195.81,8137.56,8145.07,323.65829474000003,NO_PATTERN,NO_PATTERN
2020-01-13 01:00:00,8145.07,8157.22,8132.28,8146.16,324.17805835,DOJI,Neutral
2020-01-13 02:00:00,8146.17,8152.01,8106.43,8109.42,182.84997227,ENGULFING,Bearish
2020-01-13 03:00:00,8109.42,8117.18,8085.29,8101.56,231.249248,NO_PATTERN,NO_PATTERN
2020-01-13 04:00:00,8101.54,8113.06,8084.94,8108.78,155.35697097,NO_PATTERN,NO_PATTERN
2020-01-13 05:00:00,8108.55,8108.55,8074.98,8082.69,175.80113758,NO_PATTERN,NO_PATTERN
2020-01-13 06:00:00,8082.69,8104.68,8041.95,8047.24,427.90729987,NO_PATTERN,NO_PATTERN
2020-01-13 07:00:00,8047.23,8074.72,8047.23,8063.74,330.79914441,NO_PATTERN,NO_PATTERN
2020-01-13 08:00:00,8063.74,8113.19,8057.3,8113.19,282.61280692,NO_PATTERN,NO_PATTERN
2020-01-13 09:00:00,8118.14,8118.15,8072.54,8096.14,143.49750207,NO_PATTERN,NO_PATTERN
2020-01-13 10:00:00,8096.14,8113.68,8083.22,8106.52,200.90949333,NO_PATTERN,NO_PATTERN
2020-01-13 11:00:00,8108.03,8118.15,8069.63,8070.0,141.2322751,ENGULFING,Bearish
2020-01-13 12:00:00,8066.86,8085.41,8045.07,8080.69,266.3401573,NO_PATTERN,NO_PATTERN
2020-01-13 13:00:00,8080.69,8098.71,8071.0,8073.89,130.70620971,NO_PATTERN,NO_PATTERN
2020-01-13 14:00:00,8073.97,8087.47,8061.0,8082.2,187.86557693,NO_PATTERN,NO_PATTERN
2020-01-13 15:00:00,8082.2,8090.32,8063.01,8074.83,210.2298151,NO_PATTERN,NO_PATTERN
2020-01-13 16:00:00,8074.82,8099.0,8061.98,8099.0,452.04022501,ENGULFING,Bullish
2020-01-13 17:00:00,8099.0,8127.19,8083.56,8088.96,575.36434454,NO_PATTERN,NO_PATTERN
2020-01-13 18:00:00,8088.97,8097.5,8081.56,8095.34,239.63868516,HAMMER,Neutral
2020-01-13 19:00:00,8095.34,8119.95,8095.33,8108.48,273.16091924,NO_PATTERN,NO_PATTERN
2020-01-13 20:00:00,8107.98,8155.0,8102.63,8153.94,569.72670131,NO_PATTERN,NO_PATTERN
2020-01-13 21:00:00,8153.94,8157.95,8112.53,8130.0,277.08828566,NO_PATTERN,NO_PATTERN
2020-01-13 22:00:00,8129.95,8134.99,8113.0,8118.43,311.76140296,NO_PATTERN,NO_PATTERN
2020-01-13 23:00:00,8118.42,8138.62,8101.0,8104.5,221.85896505,NO_PATTERN,NO_PATTERN
2020-01-14 00:00:00,8105.6,8319.14,8105.23,8271.23,1241.86641772,NO_PATTERN,NO_PATTERN
2020-01-14 01:00:00,8271.23,8483.43,8271.23,8438.77,2504.47013734,NO_PATTERN,NO_PATTERN
2020-01-14 02:00:00,8437.73,8437.73,8377.12,8432.57,1043.82530832,HARAMI,Bear
2020-01-14 03:00:00,8432.56,8475.45,8378.04,8465.15,973.58565447,ENGULFING,Bullish
2020-01-14 04:00:00,8465.14,8590.38,8465.14,8521.25,2606.86487487,NO_PATTERN,NO_PATTERN
2020-01-14 05:00:00,8521.26,8540.0,8466.97,8483.18,657.73584627,NO_PATTERN,NO_PATTERN
2020-01-14 06:00:00,8481.3,8518.0,8464.0,8508.42,410.46873743,NO_PATTERN,NO_PATTERN
2020-01-14 07:00:00,8507.78,8542.99,8491.84,8505.73,449.80485141,DOJI,Neutral
2020-01-14 08:00:00,8500.35,8529.94,8496.0,8505.0,314.81171215,INVERTEDHAMMER,Neutral
2020-01-14 09:00:00,8505.01,8560.64,8480.0,8491.79,378.98606393,ENGULFING,Bearish
2020-01-14 10:00:00,8492.22,8519.8,8458.21,8517.92,731.40218208,HAMMER,Neutral
2020-01-14 11:00:00,8515.02,8527.84,8493.86,8524.12,297.32600781,NO_PATTERN,NO_PATTERN
2020-01-14 12:00:00,8522.81,8610.35,8467.5,8491.39,1143.73743288,NO_PATTERN,NO_PATTERN
2020-01-14 13:00:00,8491.39,8589.0,8491.39,8588.68,615.32015878,NO_PATTERN,NO_PATTERN
2020-01-14 14:00:00,8588.31,8750.0,8561.64,8691.73,2095.6264685300002,NO_PATTERN,NO_PATTERN
2020-01-14 15:00:00,8691.74,8778.01,8636.14,8686.01,1591.16556112,DOJI,Neutral
2020-01-14 16:00:00,8629.57,8695.0,8515.75,8683.78,2289.09621788,NO_PATTERN,NO_PATTERN
2020-01-14 17:00:00,8683.82,8822.0,8683.82,8784.03,2263.49332959,NO_PATTERN,NO_PATTERN
2020-01-14 18:00:00,8785.58,8859.17,8678.77,8782.55,1580.92244555,DOJI,Neutral
2020-01-14 19:00:00,8780.12,8783.31,8699.37,8780.0,547.79296579,DRAGONFLYDOJI,Neutral
2020-01-14 20:00:00,8779.99,8779.99,8684.0,8691.71,818.10111221,NO_PATTERN,NO_PATTERN
2020-01-14 21:00:00,8692.7,8760.02,8671.01,8737.22,511.61420733,HARAMI,Bullish
2020-01-14 22:00:00,8737.21,8785.94,8729.59,8744.12,395.95959869,GRAVESTONEDOJI,Neutral
2020-01-14 23:00:00,8743.99,8893.69,8727.86,8815.69,1358.74311584,NO_PATTERN,NO_PATTERN
2020-01-15 00:00:00,8812.58,8900.0,8708.86,8775.01,2063.88000547,HARAMI,Bearish
2020-01-15 01:00:00,8774.23,8800.0,8714.01,8766.86,940.3127696,DOJI,Neutral
2020-01-15 02:00:00,8768.15,8821.0,8757.99,8805.17,421.59831087,NO_PATTERN,NO_PATTERN
2020-01-15 03:00:00,8805.16,8806.68,8720.0,8720.01,450.11093257,NO_PATTERN,NO_PATTERN
2020-01-15 04:00:00,8720.0,8727.52,8565.46,8583.65,1613.17987509,NO_PATTERN,NO_PATTERN
2020-01-15 05:00:00,8583.3,8649.99,8550.0,8604.36,405.33653845000003,NO_PATTERN,NO_PATTERN
2020-01-15 06:00:00,8602.87,8666.09,8592.64,8659.71,216.17260086,NO_PATTERN,NO_PATTERN
2020-01-15 07:00:00,8659.72,8665.71,8602.54,8607.92,211.49774263999998,NO_PATTERN,NO_PATTERN
2020-01-15 08:00:00,8605.37,8655.22,8592.0,8621.61,204.69468354,NO_PATTERN,NO_PATTERN
2020-01-15 09:00:00,8621.6,8755.33,8621.6,8733.28,407.28039855,NO_PATTERN,NO_PATTERN
2020-01-15 10:00:00,8733.28,8797.63,8703.54,8784.94,391.94916104000004,NO_PATTERN,NO_PATTERN
2020-01-15 11:00:00,8784.93,8792.15,8709.15,8714.07,273.5497052,NO_PATTERN,NO_PATTERN
2020-01-15 12:00:00,8717.09,8779.9,8706.39,8753.53,177.93431738,HARAMI,Bullish
2020-01-15 13:00:00,8753.54,8899.0,8753.53,8884.64,772.2271585,NO_PATTERN,NO_PATTERN
2020-01-15 14:00:00,8880.05,8889.67,8734.2,8844.12,856.1934381799999,HARAMI,Bearish
2020-01-15 15:00:00,8845.98,8850.87,8726.46,8745.03,1065.10065381,NO_PATTERN,NO_PATTERN
2020-01-15 16:00:00,8745.41,8804.0,8658.0,8766.8,843.22371934,HARAMI,Bullish
2020-01-15 17:00:00,8766.8,8788.0,8718.0,8783.08,491.91012663,NO_PATTERN,NO_PATTERN
2020-01-15 18:00:00,8783.08,8783.1,8706.42,8737.0,424.16649597,NO_PATTERN,NO_PATTERN
2020-01-15 19:00:00,8737.0,8765.97,8730.43,8750.88,268.8262272,NO_PATTERN,NO_PATTERN
2020-01-15 20:00:00,8750.91,8827.25,8727.88,8808.89,872.20830141,NO_PATTERN,NO_PATTERN
2020-01-15 21:00:00,8808.88,8842.92,8780.67,8825.78,466.4461354,NO_PATTERN,NO_PATTERN
2020-01-15 22:00:00,8825.78,8852.26,8800.0,8848.72,665.00619315,NO_PATTERN,NO_PATTERN
2020-01-15 23:00:00,8848.72,8864.29,8786.0,8808.81,425.18759324999996,NO_PATTERN,NO_PATTERN
2020-01-16 00:00:00,8808.81,8850.0,8705.0,8748.94,772.05819191,NO_PATTERN,NO_PATTERN
2020-01-16 01:00:00,8749.85,8761.03,8605.0,8650.57,973.22359026,NO_PATTERN,NO_PATTERN
2020-01-16 02:00:00,8650.56,8685.15,8600.0,8645.01,504.88866002000003,DOJI,Neutral
2020-01-16 03:00:00,8645.0,8648.17,8580.0,8630.35,660.08374084,NO_PATTERN,NO_PATTERN
2020-01-16 04:00:00,8630.35,8667.9,8606.38,8640.1,341.36523523,NO_PATTERN,NO_PATTERN
2020-01-16 05:00:00,8640.1,8700.52,8639.67,8685.35,236.28968806,NO_PATTERN,NO_PATTERN
2020-01-16 06:00:00,8685.33,8704.01,8660.0,8700.32,182.07564661,NO_PATTERN,NO_PATTERN
2020-01-16 07:00:00,8700.31,8700.32,8642.18,8660.02,166.70596620999999,NO_PATTERN,NO_PATTERN
2020-01-16 08:00:00,8660.01,8694.83,8643.18,8656.05,172.18244201,DOJI,Neutral
2020-01-16 09:00:00,8657.6,8662.92,8593.37,8635.67,274.85152297,HAMMER,Neutral
2020-01-16 10:00:00,8635.68,8649.0,8590.0,8646.24,245.82062738,NO_PATTERN,NO_PATTERN
2020-01-16 11:00:00,8646.24,8715.01,8616.48,8714.89,360.71460324000003,NO_PATTERN,NO_PATTERN
2020-01-16 12:00:00,8715.07,8772.38,8685.65,8710.73,341.56359069,DOJI,Neutral
2020-01-16 13:00:00,8712.34,8715.11,8652.46,8687.18,410.20580803,NO_PATTERN,NO_PATTERN
2020-01-16 14:00:00,8687.19,8689.35,8630.25,8669.0,255.93175811,NO_PATTERN,NO_PATTERN
2020-01-16 15:00:00,8669.0,8710.5,8657.75,8700.63,414.28806519,NO_PATTERN,NO_PATTERN
2020-01-16 16:00:00,8700.63,8706.7,8602.98,8640.13,525.01747956,NO_PATTERN,NO_PATTERN
2020-01-16 17:00:00,8640.11,8702.22,8635.05,8665.59,422.47931077,NO_PATTERN,NO_PATTERN
2020-01-16 18:00:00,8665.59,8688.23,8633.13,8666.04,331.62273574,DOJI,Neutral
2020-01-16 19:00:00,8667.32,8702.27,8662.57,8690.64,373.09692194999997,NO_PATTERN,NO_PATTERN
2020-01-16 20:00:00,8691.88,8743.03,8680.04,8733.4,275.25016861,NO_PATTERN,NO_PATTERN
2020-01-16 21:00:00,8735.96,8749.71,8662.05,8677.98,474.72441273,ENGULFING,Bearish
2020-01-16 22:00:00,8677.98,8730.0,8675.65,8710.06,283.1204548,NO_PATTERN,NO_PATTERN
2020-01-16 23:00:00,8710.05,8740.0,8705.84,8714.76,229.10979017,GRAVESTONEDOJI,Neutral
2020-01-17 00:00:00,8714.77,8727.57,8665.67,8681.53,283.57239298,ENGULFING,Bearish
2020-01-17 01:00:00,8681.54,8720.0,8668.91,8719.98,201.6227159,NO_PATTERN,NO_PATTERN
2020-01-17 02:00:00,8719.98,8761.0,8705.64,8740.01,475.71194638,NO_PATTERN,NO_PATTERN
2020-01-17 03:00:00,8740.01,8824.01,8739.17,8771.98,834.03791614,NO_PATTERN,NO_PATTERN
2020-01-17 04:00:00,8772.06,8799.47,8741.29,8798.07,319.78707591,NO_PATTERN,NO_PATTERN
2020-01-17 05:00:00,8798.07,8894.0,8778.77,8888.64,839.75106054,NO_PATTERN,NO_PATTERN
2020-01-17 06:00:00,8888.65,8990.61,8847.94,8864.2,2162.11431162,NO_PATTERN,NO_PATTERN
2020-01-17 07:00:00,8865.44,8932.75,8848.89,8917.99,728.51487649,NO_PATTERN,NO_PATTERN
2020-01-17 08:00:00,8916.22,9000.0,8891.66,8917.51,1090.23542664,HARAMI,Bear
2020-01-17 09:00:00,8919.05,8965.94,8904.49,8952.23,324.19245782,NO_PATTERN,NO_PATTERN
2020-01-17 10:00:00,8953.4,9013.0,8875.09,8912.6,899.04612216,ENGULFING,Bearish
2020-01-17 11:00:00,8912.71,8936.05,8880.0,8891.75,417.82994434,NO_PATTERN,NO_PATTERN
2020-01-17 12:00:00,8891.75,8900.05,8785.73,8801.0,624.18207375,NO_PATTERN,NO_PATTERN
2020-01-17 13:00:00,8801.02,8853.46,8795.01,8834.95,337.3068579,HARAMI,Bullish
2020-01-17 14:00:00,8834.95,8835.0,8766.27,8772.94,550.13302461,NO_PATTERN,NO_PATTERN
2020-01-17 15:00:00,8772.93,8850.0,8768.08,8840.22,491.91112691,ENGULFING,Bullish
2020-01-17 16:00:00,8840.22,8909.99,8832.7,8861.98,1137.19912855,NO_PATTERN,NO_PATTERN
2020-01-17 17:00:00,8864.31,8897.0,8844.43,8874.38,448.85804553,NO_PATTERN,NO_PATTERN
2020-01-17 18:00:00,8874.39,8929.99,8867.31,8909.68,509.22420272,NO_PATTERN,NO_PATTERN
2020-01-17 19:00:00,8909.34,8949.39,8800.0,8864.53,1054.88934147,NO_PATTERN,NO_PATTERN
2020-01-17 20:00:00,8867.62,8919.08,8853.81,8868.02,664.5092362,HARAMI,Bull
2020-01-17 21:00:00,8868.02,8918.1,8867.6,8909.1,310.73560001,NO_PATTERN,NO_PATTERN
2020-01-17 22:00:00,8909.1,8942.44,8888.2,8929.41,390.3409695,NO_PATTERN,NO_PATTERN
2020-01-17 23:00:00,8929.41,8947.5,8890.01,8899.42,305.74955761,NO_PATTERN,NO_PATTERN
2020-01-18 00:00:00,8899.42,8974.53,8860.9,8965.86,475.57765062,NO_PATTERN,NO_PATTERN
2020-01-18 01:00:00,8965.86,8980.0,8880.93,8931.35,388.48255863,NO_PATTERN,NO_PATTERN
2020-01-18 02:00:00,8929.6,8934.62,8889.9,8915.32,284.68483217,NO_PATTERN,NO_PATTERN
2020-01-18 03:00:00,8914.25,8946.6,8895.0,8923.38,421.42754148,NO_PATTERN,NO_PATTERN
2020-01-18 04:00:00,8924.42,8924.42,8800.1,8837.45,547.50847908,ENGULFING,Bearish
2020-01-18 05:00:00,8837.44,8866.66,8810.31,8841.41,217.29925949,DOJI,Neutral
2020-01-18 06:00:00,8841.41,8867.98,8805.0,8855.64,218.66144106,NO_PATTERN,NO_PATTERN
2020-01-18 07:00:00,8856.18,8871.54,8836.82,8841.64,73.85770357,NO_PATTERN,NO_PATTERN
2020-01-18 08:00:00,8841.63,8863.79,8819.85,8859.24,71.70239201,HAMMER,Neutral
2020-01-18 09:00:00,8859.25,8886.85,8848.39,8869.05,188.08239723,NO_PATTERN,NO_PATTERN
2020-01-18 10:00:00,8869.05,8901.79,8863.05,8879.24,178.57793789000002,NO_PATTERN,NO_PATTERN
2020-01-18 11:00:00,8877.08,8880.06,8846.6,8865.74,58.15146661,HAMMER,Neutral
2020-01-18 12:00:00,8866.64,8910.49,8866.49,8900.0,81.68687652,NO_PATTERN,NO_PATTERN
2020-01-18 13:00:00,8899.99,8950.0,8888.05,8910.94,268.00450946,NO_PATTERN,NO_PATTERN
2020-01-18 14:00:00,8910.94,8958.82,8901.03,8910.83,273.1152365,DOJI,Neutral
2020-01-18 15:00:00,8910.82,8940.41,8865.91,8890.98,270.32334304,NO_PATTERN,NO_PATTERN
2020-01-18 16:00:00,8890.98,8927.64,8840.0,8875.21,398.09518905,NO_PATTERN,NO_PATTERN
2020-01-18 17:00:00,8875.21,8900.0,8863.07,8896.01,150.58516266,NO_PATTERN,NO_PATTERN
2020-01-18 18:00:00,8896.01,8898.21,8860.49,8870.01,156.26623139,NO_PATTERN,NO_PATTERN
2020-01-18 19:00:00,8869.69,8904.23,8864.16,8899.49,114.44565252,ENGULFING,Bullish
2020-01-18 20:00:00,8899.49,8913.56,8890.38,8898.01,157.30973694,DOJI,Neutral
2020-01-18 21:00:00,8898.01,8922.27,8898.0,8915.5,136.67530078,NO_PATTERN,NO_PATTERN
2020-01-18 22:00:00,8914.67,8950.0,8914.67,8948.62,208.85796324,NO_PATTERN,NO_PATTERN
2020-01-18 23:00:00,8948.61,8953.8,8906.98,8909.32,245.93653235,NO_PATTERN,NO_PATTERN
2020-01-19 00:00:00,8908.95,8975.0,8882.0,8970.25,337.29519752,ENGULFING,Bullish
2020-01-19 01:00:00,8970.24,9169.77,8970.24,9142.53,2441.0333884,NO_PATTERN,NO_PATTERN
2020-01-19 02:00:00,9144.12,9194.99,9114.03,9152.55,848.42684334,NO_PATTERN,NO_PATTERN
2020-01-19 03:00:00,9153.58,9186.0,9135.0,9145.38,366.91507118,NO_PATTERN,NO_PATTERN
2020-01-19 04:00:00,9145.38,9152.98,9100.0,9137.56,529.05977721,NO_PATTERN,NO_PATTERN
2020-01-19 05:00:00,9138.41,9142.64,9099.68,9118.15,195.20656141,NO_PATTERN,NO_PATTERN
2020-01-19 06:00:00,9118.16,9136.54,9040.0,9063.47,436.34354167,NO_PATTERN,NO_PATTERN
2020-01-19 07:00:00,9065.14,9079.04,9033.15,9075.59,218.39175093,HARAMI,Bullish
2020-01-19 08:00:00,9075.58,9102.16,9059.03,9087.96,100.12536145,NO_PATTERN,NO_PATTERN
2020-01-19 09:00:00,9087.96,9114.83,9046.31,9055.69,158.32610901,NO_PATTERN,NO_PATTERN
2020-01-19 10:00:00,9053.56,9070.0,9030.04,9030.04,58.931195,NO_PATTERN,NO_PATTERN
2020-01-19 11:00:00,9030.04,9030.05,8465.0,8665.62,3953.1265063299998,NO_PATTERN,NO_PATTERN
2020-01-19 12:00:00,8665.62,8665.62,8550.0,8621.37,1017.67374945,NO_PATTERN,NO_PATTERN
2020-01-19 13:00:00,8621.37,8637.06,8564.94,8625.25,462.58671083,DOJI,Neutral
2020-01-19 14:00:00,8625.02,8646.0,8595.24,8613.67,406.95549214,DOJI,Neutral
2020-01-19 15:00:00,8613.67,8639.9,8588.73,8624.9,299.51495546,DOJI,Neutral
2020-01-19 16:00:00,8623.28,8662.6,8606.28,8635.0,474.17214992,NO_PATTERN,NO_PATTERN
2020-01-19 17:00:00,8635.0,8656.63,8615.31,8645.85,255.09102464,HAMMER,Neutral
2020-01-19 18:00:00,8645.85,8651.08,8622.0,8641.08,307.13108552,DRAGONFLYDOJI,Neutral
2020-01-19 19:00:00,8641.08,8649.68,8620.0,8643.86,153.30089536,DRAGONFLYDOJI,Neutral
2020-01-19 20:00:00,8643.86,8650.44,8625.0,8643.7,148.72038634,DRAGONFLYDOJI,Neutral
2020-01-19 21:00:00,8643.71,8749.99,8641.91,8718.0,416.02996299,NO_PATTERN,NO_PATTERN
2020-01-19 22:00:00,8717.99,8750.0,8477.02,8629.3,1211.56932552,NO_PATTERN,NO_PATTERN
2020-01-19 23:00:00,8629.3,8710.57,8612.09,8697.53,367.41482214,NO_PATTERN,NO_PATTERN
2020-01-20 00:00:00,8697.53,8725.0,8641.21,8666.0,408.81431858,NO_PATTERN,NO_PATTERN
2020-01-20 01:00:00,8666.0,8687.15,8625.0,8642.5,204.93329652,NO_PATTERN,NO_PATTERN
2020-01-20 02:00:00,8642.32,8660.6,8626.68,8642.1,195.46812902,DOJI,Neutral
2020-01-20 03:00:00,8642.1,8659.37,8627.98,8659.37,156.54214548,NO_PATTERN,NO_PATTERN
2020-01-20 04:00:00,8659.37,8676.63,8622.14,8628.41,152.27422658,NO_PATTERN,NO_PATTERN
2020-01-20 05:00:00,8628.41,8667.94,8628.4,8661.86,122.09231112,NO_PATTERN,NO_PATTERN
2020-01-20 06:00:00,8661.86,8668.0,8647.06,8667.12,89.27187881,DRAGONFLYDOJI,Neutral
2020-01-20 07:00:00,8667.11,8678.67,8632.58,8648.99,174.08076574,NO_PATTERN,NO_PATTERN
2020-01-20 08:00:00,8648.16,8667.0,8583.39,8626.38,189.04637768999999,NO_PATTERN,NO_PATTERN
2020-01-20 09:00:00,8626.38,8656.98,8626.38,8646.0,64.63786538,NO_PATTERN,NO_PATTERN
2020-01-20 10:00:00,8645.99,8658.59,8630.01,8644.55,66.30620320999999,DOJI,Neutral
2020-01-20 11:00:00,8644.8,8651.65,8590.92,8605.09,142.13937221,NO_PATTERN,NO_PATTERN
2020-01-20 12:00:00,8605.09,8622.54,8537.37,8569.88,440.67953501,NO_PATTERN,NO_PATTERN
2020-01-20 13:00:00,8569.87,8629.74,8504.06,8594.54,550.51657867,NO_PATTERN,NO_PATTERN
2020-01-20 14:00:00,8592.56,8655.98,8568.63,8650.36,329.46402103,NO_PATTERN,NO_PATTERN
2020-01-20 15:00:00,8650.49,8667.24,8623.99,8663.5,192.75675192,NO_PATTERN,NO_PATTERN
2020-01-20 16:00:00,8663.5,8685.48,8640.54,8659.66,463.12257447,DOJI,Neutral
2020-01-20 17:00:00,8659.66,8663.16,8627.43,8627.51,245.10463963,NO_PATTERN,NO_PATTERN
2020-01-20 18:00:00,8627.51,8675.16,8624.16,8647.19,220.9152875,NO_PATTERN,NO_PATTERN
2020-01-20 19:00:00,8647.35,8664.35,8645.01,8656.41,150.96369762,NO_PATTERN,NO_PATTERN
2020-01-20 20:00:00,8659.58,8659.98,8649.27,8659.98,98.82511873,DRAGONFLYDOJI,Neutral
2020-01-20 21:00:00,8658.57,8674.08,8652.0,8673.52,119.50321619,NO_PATTERN,NO_PATTERN
2020-01-20 22:00:00,8673.52,8734.84,8640.0,8645.01,461.7863092,NO_PATTERN,NO_PATTERN
2020-01-20 23:00:00,8645.0,8664.44,8601.91,8628.89,338.93854483,NO_PATTERN,NO_PATTERN
2020-01-21 00:00:00,8628.89,8646.18,8605.0,8617.77,457.78569846,NO_PATTERN,NO_PATTERN
2020-01-21 01:00:00,8617.78,8646.66,8615.67,8634.32,184.46755391,NO_PATTERN,NO_PATTERN
2020-01-21 02:00:00,8634.32,8658.98,8630.0,8651.75,141.52359118,NO_PATTERN,NO_PATTERN
2020-01-21 03:00:00,8651.75,8664.37,8645.22,8655.33,113.03735375,DOJI,Neutral
2020-01-21 04:00:00,8655.32,8675.0,8648.94,8656.54,117.38665968,DOJI,Neutral
2020-01-21 05:00:00,8656.55,8659.95,8625.01,8643.01,163.49175721999998,ENGULFING,Bearish
2020-01-21 06:00:00,8643.01,8647.82,8622.61,8629.05,226.42933444,NO_PATTERN,NO_PATTERN
2020-01-21 07:00:00,8629.05,8639.43,8605.58,8617.67,159.41636477,NO_PATTERN,NO_PATTERN
2020-01-21 08:00:00,8617.67,8643.74,8601.0,8639.02,176.44134207,NO_PATTERN,NO_PATTERN
2020-01-21 09:00:00,8640.45,8643.74,8611.7,8611.8,46.55033282,ENGULFING,Bearish
2020-01-21 10:00:00,8611.79,8656.72,8591.45,8641.71,239.38707060000002,ENGULFING,Bullish
2020-01-21 11:00:00,8641.94,8659.65,8627.52,8639.73,66.24531934,DOJI,Neutral
2020-01-21 12:00:00,8639.73,8652.14,8596.85,8645.37,252.12984091,NO_PATTERN,NO_PATTERN
2020-01-21 13:00:00,8645.18,8654.98,8638.68,8651.01,108.52268280999999,NO_PATTERN,NO_PATTERN
2020-01-21 14:00:00,8651.01,8651.01,8636.0,8643.81,147.58819807,HAMMER,Neutral
2020-01-21 15:00:00,8643.8,8670.06,8635.0,8635.02,305.49614421,INVERTEDHAMMER,Neutral
2020-01-21 16:00:00,8635.02,8646.75,8609.06,8631.3,424.45211653,NO_PATTERN,NO_PATTERN
2020-01-21 17:00:00,8631.3,8640.0,8618.85,8637.82,251.8877909,NO_PATTERN,NO_PATTERN
2020-01-21 18:00:00,8637.36,8637.36,8602.13,8611.92,401.00926405,NO_PATTERN,NO_PATTERN
2020-01-21 19:00:00,8611.92,8626.0,8465.0,8511.02,1309.92653027,NO_PATTERN,NO_PATTERN
2020-01-21 20:00:00,8511.02,8710.61,8511.0,8705.79,1153.15318989,NO_PATTERN,NO_PATTERN
2020-01-21 21:00:00,8705.79,8774.31,8705.79,8722.5,597.2231631999999,NO_PATTERN,NO_PATTERN
2020-01-21 22:00:00,8722.5,8722.51,8669.06,8710.23,275.78217902,HAMMER,Neutral
2020-01-21 23:00:00,8710.68,8741.09,8705.73,8722.03,185.33215941,NO_PATTERN,NO_PATTERN
2020-01-22 00:00:00,8722.03,8740.0,8711.08,8725.77,158.82423315,DOJI,Neutral
2020-01-22 01:00:00,8725.76,8730.0,8702.0,8712.01,170.76062531,NO_PATTERN,NO_PATTERN
2020-01-22 02:00:00,8712.01,8716.71,8685.0,8695.89,188.82367018,NO_PATTERN,NO_PATTERN
2020-01-22 03:00:00,8695.89,8708.49,8693.76,8699.01,112.45268056,GRAVESTONEDOJI,Neutral
2020-01-22 04:00:00,8699.01,8722.24,8699.01,8722.0,131.36929563,NO_PATTERN,NO_PATTERN
2020-01-22 05:00:00,8722.01,8722.01,8698.65,8700.01,121.51638812,NO_PATTERN,NO_PATTERN
2020-01-22 06:00:00,8700.02,8739.0,8700.01,8735.04,88.65473197,NO_PATTERN,NO_PATTERN
2020-01-22 07:00:00,8735.05,8791.76,8685.0,8718.75,513.22818891,NO_PATTERN,NO_PATTERN
2020-01-22 08:00:00,8719.45,8720.0,8631.37,8653.71,600.62401772,NO_PATTERN,NO_PATTERN
2020-01-22 09:00:00,8653.72,8664.99,8620.9,8662.42,184.75569699,HARAMI,Bullish
2020-01-22 10:00:00,8662.42,8662.42,8628.69,8641.17,55.07806608,NO_PATTERN,NO_PATTERN
2020-01-22 11:00:00,8639.86,8649.01,8601.0,8637.79,209.18787052000002,DOJI,Neutral
2020-01-22 12:00:00,8637.12,8652.66,8620.67,8644.91,109.76214595,ENGULFING,Bullish
2020-01-22 13:00:00,8644.11,8650.45,8611.05,8623.57,219.73408182,NO_PATTERN,NO_PATTERN
2020-01-22 14:00:00,8622.49,8653.52,8614.22,8629.17,199.92514402,NO_PATTERN,NO_PATTERN
2020-01-22 15:00:00,8629.17,8641.42,8622.06,8634.41,164.68096941,NO_PATTERN,NO_PATTERN
2020-01-22 16:00:00,8632.52,8685.85,8565.0,8660.98,761.91703398,NO_PATTERN,NO_PATTERN
2020-01-22 17:00:00,8660.93,8670.0,8640.0,8664.43,349.22341243,DRAGONFLYDOJI,Neutral
2020-01-22 18:00:00,8664.43,8664.43,8619.44,8646.36,288.58103234,NO_PATTERN,NO_PATTERN
2020-01-22 19:00:00,8646.36,8646.4,8620.01,8640.61,186.17987057,NO_PATTERN,NO_PATTERN
2020-01-22 20:00:00,8640.63,8650.0,8629.0,8644.84,162.95845857,DOJI,Neutral
2020-01-22 21:00:00,8644.84,8648.23,8631.77,8638.98,156.21845076,NO_PATTERN,NO_PATTERN
2020-01-22 22:00:00,8638.98,8650.0,8634.16,8634.17,225.03563982,NO_PATTERN,NO_PATTERN
2020-01-22 23:00:00,8634.17,8663.45,8631.77,8660.38,111.0622849,NO_PATTERN,NO_PATTERN
2020-01-23 00:00:00,8660.38,8665.0,8616.15,8634.98,239.64165809,NO_PATTERN,NO_PATTERN
2020-01-23 01:00:00,8634.33,8637.36,8571.54,8571.54,356.33809277,NO_PATTERN,NO_PATTERN
2020-01-23 02:00:00,8571.55,8588.11,8539.0,8573.98,503.38383375,HARAMI,Bull
2020-01-23 03:00:00,8572.89,8578.88,8553.0,8561.97,286.45829787,NO_PATTERN,NO_PATTERN
2020-01-23 04:00:00,8561.97,8571.29,8545.36,8558.92,191.44073118,DOJI,Neutral
2020-01-23 05:00:00,8557.85,8557.85,8458.0,8523.86,1093.03213602,NO_PATTERN,NO_PATTERN
2020-01-23 06:00:00,8523.87,8539.29,8476.49,8502.38,259.72626942,NO_PATTERN,NO_PATTERN
2020-01-23 07:00:00,8500.23,8567.0,8472.37,8551.29,461.01363721,ENGULFING,Bullish
2020-01-23 08:00:00,8551.28,8590.11,8480.0,8480.0,415.85784176,NO_PATTERN,NO_PATTERN
2020-01-23 09:00:00,8482.88,8485.69,8404.01,8412.09,737.32980522,NO_PATTERN,NO_PATTERN
2020-01-23 10:00:00,8411.33,8429.12,8379.0,8415.76,462.22463654,DOJI,Neutral
2020-01-23 11:00:00,8415.99,8439.0,8380.82,8391.87,265.86579922,ENGULFING,Bearish
2020-01-23 12:00:00,8389.94,8450.02,8350.0,8385.58,832.50893469,DOJI,Neutral
2020-01-23 13:00:00,8385.57,8385.58,8295.68,8316.19,808.90803523,NO_PATTERN,NO_PATTERN
2020-01-23 14:00:00,8316.2,8353.35,8288.88,8328.63,759.79212781,HARAMI,Bullish
2020-01-23 15:00:00,8330.56,8362.9,8311.32,8332.01,704.1505300800001,DOJI,Neutral
2020-01-23 16:00:00,8332.01,8341.63,8292.01,8317.58,465.7428718,NO_PATTERN,NO_PATTERN
2020-01-23 17:00:00,8317.58,8346.68,8290.06,8296.69,552.45060527,NO_PATTERN,NO_PATTERN
2020-01-23 18:00:00,8296.66,8326.03,8278.0,8308.95,676.4862587,NO_PATTERN,NO_PATTERN
2020-01-23 19:00:00,8308.94,8350.0,8308.94,8346.45,294.23017125,NO_PATTERN,NO_PATTERN
2020-01-23 20:00:00,8347.0,8357.07,8320.9,8352.5,361.99632314,DRAGONFLYDOJI,Neutral
2020-01-23 21:00:00,8352.51,8411.3,8346.23,8380.49,573.82589207,NO_PATTERN,NO_PATTERN
2020-01-23 22:00:00,8380.48,8426.65,8380.0,8395.01,405.76538857,NO_PATTERN,NO_PATTERN
2020-01-23 23:00:00,8395.0,8408.99,8336.02,8385.22,452.29004188,NO_PATTERN,NO_PATTERN
2020-01-24 00:00:00,8385.21,8397.37,8369.0,8394.0,141.94056872,NO_PATTERN,NO_PATTERN
2020-01-24 01:00:00,8394.73,8400.0,8345.0,8347.34,196.69751936,ENGULFING,Bearish
2020-01-24 02:00:00,8347.33,8348.96,8267.0,8288.71,715.15571114,NO_PATTERN,NO_PATTERN
2020-01-24 03:00:00,8286.53,8333.75,8275.0,8310.01,462.65771692,NO_PATTERN,NO_PATTERN
2020-01-24 04:00:00,8310.01,8333.76,8278.06,8291.35,305.55292408,NO_PATTERN,NO_PATTERN
2020-01-24 05:00:00,8290.51,8324.06,8288.83,8303.89,146.12756675,NO_PATTERN,NO_PATTERN
2020-01-24 06:00:00,8305.49,8333.95,8303.21,8331.04,100.54958232,NO_PATTERN,NO_PATTERN
2020-01-24 07:00:00,8330.36,8338.0,8290.0,8318.38,356.04468834,HARAMI,Bearish
2020-01-24 08:00:00,8318.4,8322.76,8300.0,8308.39,101.75454392,NO_PATTERN,NO_PATTERN
2020-01-24 09:00:00,8308.39,8315.72,8241.0,8244.24,373.78897442,NO_PATTERN,NO_PATTERN
2020-01-24 10:00:00,8242.0,8290.0,8216.71,8225.34,282.66357548,NO_PATTERN,NO_PATTERN
2020-01-24 11:00:00,8225.33,8390.02,8220.0,8384.74,663.51637309,3LINESTRIKE,Bear
2020-01-24 12:00:00,8384.74,8429.94,8350.84,8416.88,604.26605038,NO_PATTERN,NO_PATTERN
2020-01-24 13:00:00,8419.99,8460.93,8400.06,8448.89,257.10736153,NO_PATTERN,NO_PATTERN
2020-01-24 14:00:00,8446.36,8484.82,8427.15,8451.01,358.4792499,DOJI,Neutral
2020-01-24 15:00:00,8451.0,8499.99,8426.29,8490.92,553.3819260399999,NO_PATTERN,NO_PATTERN
2020-01-24 16:00:00,8494.9,8509.55,8450.0,8450.0,746.43193927,ENGULFING,Bearish
2020-01-24 17:00:00,8450.01,8469.99,8435.71,8463.14,425.70039589,HARAMI,Bull
2020-01-24 18:00:00,8463.14,8487.84,8459.38,8474.66,315.61640961,NO_PATTERN,NO_PATTERN
2020-01-24 19:00:00,8475.75,8509.99,8467.81,8488.78,432.89965622,NO_PATTERN,NO_PATTERN
2020-01-24 20:00:00,8488.77,8505.0,8450.58,8473.65,368.44194888,NO_PATTERN,NO_PATTERN
2020-01-24 21:00:00,8472.66,8500.0,8459.36,8497.0,184.96826935,ENGULFING,Bullish
2020-01-24 22:00:00,8497.0,8500.0,8425.21,8446.98,273.21442591,NO_PATTERN,NO_PATTERN
2020-01-24 23:00:00,8446.97,8455.0,8399.29,8427.26,237.73291339,NO_PATTERN,NO_PATTERN
2020-01-25 00:00:00,8427.58,8437.76,8291.62,8297.57,509.67108091,NO_PATTERN,NO_PATTERN
2020-01-25 01:00:00,8297.57,8316.03,8252.73,8271.1,427.3831713,NO_PATTERN,NO_PATTERN
2020-01-25 02:00:00,8271.09,8309.9,8271.09,8305.89,185.99078782,ENGULFING,Bullish
2020-01-25 03:00:00,8305.78,8327.02,8271.1,8281.41,196.30477187,NO_PATTERN,NO_PATTERN
2020-01-25 04:00:00,8281.41,8311.43,8270.0,8297.14,121.61131561,NO_PATTERN,NO_PATTERN
2020-01-25 05:00:00,8297.14,8313.86,8275.01,8308.67,248.84327423000002,NO_PATTERN,NO_PATTERN
2020-01-25 06:00:00,8309.08,8333.68,8302.47,8310.67,61.47118405,DOJI,Neutral
2020-01-25 07:00:00,8310.64,8328.45,8290.0,8294.43,86.87157894,NO_PATTERN,NO_PATTERN
2020-01-25 08:00:00,8294.73,8361.22,8289.96,8347.36,79.8278682,NO_PATTERN,NO_PATTERN
2020-01-25 09:00:00,8348.98,8350.09,8311.8,8325.15,52.93947972,NO_PATTERN,NO_PATTERN
2020-01-25 10:00:00,8325.15,8340.85,8294.13,8313.59,68.60546912,NO_PATTERN,NO_PATTERN
2020-01-25 11:00:00,8313.58,8321.06,8291.5,8296.92,57.50345256,NO_PATTERN,NO_PATTERN
2020-01-25 12:00:00,8296.92,8315.87,8278.73,8278.73,94.36531929,NO_PATTERN,NO_PATTERN
2020-01-25 13:00:00,8278.73,8340.56,8275.0,8305.39,141.42211701,NO_PATTERN,NO_PATTERN
2020-01-25 14:00:00,8305.39,8329.22,8300.28,8300.29,80.13154598,NO_PATTERN,NO_PATTERN
2020-01-25 15:00:00,8300.29,8321.11,8291.88,8321.11,83.99176458,NO_PATTERN,NO_PATTERN
2020-01-25 16:00:00,8321.1,8339.5,8309.99,8338.04,160.091876,NO_PATTERN,NO_PATTERN
2020-01-25 17:00:00,8338.04,8346.97,8315.06,8320.1,144.37476757,NO_PATTERN,NO_PATTERN
2020-01-25 18:00:00,8320.1,8325.99,8308.33,8325.99,90.54389483,HAMMER,Neutral
2020-01-25 19:00:00,8325.57,8355.0,8322.57,8344.83,145.83475344000001,NO_PATTERN,NO_PATTERN
2020-01-25 20:00:00,8344.57,8352.73,8334.36,8349.87,107.45092169,NO_PATTERN,NO_PATTERN
2020-01-25 21:00:00,8350.0,8406.14,8350.0,8371.0,253.08712689,NO_PATTERN,NO_PATTERN
2020-01-25 22:00:00,8371.0,8398.34,8330.0,8336.57,177.978005,NO_PATTERN,NO_PATTERN
2020-01-25 23:00:00,8336.58,8361.22,8325.0,8326.81,202.82824314,NO_PATTERN,NO_PATTERN
2020-01-26 00:00:00,8326.8,8326.81,8278.68,8304.23,292.16967002,NO_PATTERN,NO_PATTERN
2020-01-26 01:00:00,8304.23,8327.99,8300.0,8315.48,168.25219509,NO_PATTERN,NO_PATTERN
2020-01-26 02:00:00,8315.48,8316.45,8298.45,8300.22,108.0756871,NO_PATTERN,NO_PATTERN
2020-01-26 03:00:00,8301.22,8350.0,8296.44,8340.39,176.25106192,NO_PATTERN,NO_PATTERN
2020-01-26 04:00:00,8340.25,8343.83,8321.62,8341.75,105.2297509,DRAGONFLYDOJI,Neutral
2020-01-26 05:00:00,8341.74,8370.0,8338.52,8354.37,109.06143763,NO_PATTERN,NO_PATTERN
2020-01-26 06:00:00,8354.34,8373.47,8320.2,8334.3,217.44162369999998,NO_PATTERN,NO_PATTERN
2020-01-26 07:00:00,8332.29,8368.82,8322.33,8368.21,78.83707859,ENGULFING,Bullish
2020-01-26 08:00:00,8368.2,8458.71,8364.4,8392.34,447.21452149000004,NO_PATTERN,NO_PATTERN
2020-01-26 09:00:00,8392.33,8414.67,8372.9,8392.33,161.70152975,HARAMI,Bear
2020-01-26 10:00:00,8392.33,8431.63,8378.92,8419.58,84.54042055,NO_PATTERN,NO_PATTERN
2020-01-26 11:00:00,8419.57,8457.28,8406.06,8457.27,144.12918785,NO_PATTERN,NO_PATTERN
2020-01-26 12:00:00,8457.28,8461.72,8420.74,8436.3,172.66077678,NO_PATTERN,NO_PATTERN
2020-01-26 13:00:00,8436.48,8451.38,8420.01,8426.01,136.99105156,NO_PATTERN,NO_PATTERN
2020-01-26 14:00:00,8426.01,8454.87,8412.69,8437.36,95.42000507,NO_PATTERN,NO_PATTERN
2020-01-26 15:00:00,8437.34,8458.21,8422.14,8426.6,159.49154637,NO_PATTERN,NO_PATTERN
2020-01-26 16:00:00,8426.61,8492.07,8426.61,8484.99,628.93655338,NO_PATTERN,NO_PATTERN
2020-01-26 17:00:00,8485.0,8572.87,8475.01,8557.82,718.42629649,NO_PATTERN,NO_PATTERN
2020-01-26 18:00:00,8557.82,8594.0,8546.74,8558.0,554.04403379,DOJI,Neutral
2020-01-26 19:00:00,8558.01,8563.96,8530.0,8548.41,230.54539187,ENGULFING,Bearish
2020-01-26 20:00:00,8548.41,8590.0,8541.97,8555.01,165.46687273,NO_PATTERN,NO_PATTERN
2020-01-26 21:00:00,8555.01,8589.99,8555.0,8584.6,146.82964477000002,NO_PATTERN,NO_PATTERN
2020-01-26 22:00:00,8584.59,8589.2,8533.61,8558.37,197.87406513,NO_PATTERN,NO_PATTERN
2020-01-26 23:00:00,8560.0,8593.7,8553.61,8586.72,164.23768086,NO_PATTERN,NO_PATTERN
2020-01-27 00:00:00,8595.0,8683.48,8595.0,8649.29,754.84678452,NO_PATTERN,NO_PATTERN
2020-01-27 01:00:00,8646.19,8666.59,8628.19,8637.99,291.3077045,HARAMI,Bearish
2020-01-27 02:00:00,8636.15,8646.4,8615.88,8631.24,166.61682272,DOJI,Neutral
2020-01-27 03:00:00,8631.26,8663.04,8618.6,8647.69,145.97690948,NO_PATTERN,NO_PATTERN
2020-01-27 04:00:00,8647.68,8659.99,8608.63,8621.12,194.79278426,NO_PATTERN,NO_PATTERN
2020-01-27 05:00:00,8616.96,8636.33,8606.26,8631.51,92.91256178,NO_PATTERN,NO_PATTERN
2020-01-27 06:00:00,8631.51,8641.72,8618.56,8638.56,77.95142847,NO_PATTERN,NO_PATTERN
2020-01-27 07:00:00,8637.77,8647.49,8625.0,8636.46,65.60921598,DOJI,Neutral
2020-01-27 08:00:00,8636.46,8636.46,8556.6,8581.91,343.23372879,NO_PATTERN,NO_PATTERN
2020-01-27 09:00:00,8581.92,8632.41,8574.88,8617.49,334.06592762,NO_PATTERN,NO_PATTERN
2020-01-27 10:00:00,8617.5,8645.69,8604.03,8610.54,91.41091206,NO_PATTERN,NO_PATTERN
2020-01-27 11:00:00,8610.55,8723.0,8607.21,8709.41,376.2662503,NO_PATTERN,NO_PATTERN
2020-01-27 12:00:00,8709.41,8736.43,8680.77,8723.37,414.60400479,NO_PATTERN,NO_PATTERN
2020-01-27 13:00:00,8723.47,8759.44,8709.83,8718.38,361.93310788,DOJI,Neutral
2020-01-27 14:00:00,8718.39,8741.52,8696.29,8739.1,335.04794803,HAMMER,Neutral
2020-01-27 15:00:00,8739.1,8775.1,8735.71,8755.22,479.96117956,NO_PATTERN,NO_PATTERN
2020-01-27 16:00:00,8755.22,8800.0,8724.31,8766.18,488.62038138,NO_PATTERN,NO_PATTERN
2020-01-27 17:00:00,8766.18,8794.4,8742.16,8747.2,359.58608297,NO_PATTERN,NO_PATTERN
2020-01-27 18:00:00,8747.2,8874.0,8742.0,8870.26,581.66558853,NO_PATTERN,NO_PATTERN
2020-01-27 19:00:00,8870.27,8964.0,8845.99,8910.0,1337.87777077,NO_PATTERN,NO_PATTERN
2020-01-27 20:00:00,8910.0,8968.0,8901.67,8967.88,663.92177382,NO_PATTERN,NO_PATTERN
2020-01-27 21:00:00,8967.88,8985.0,8906.87,8943.54,481.50094837,NO_PATTERN,NO_PATTERN
2020-01-27 22:00:00,8943.53,8943.54,8868.06,8890.12,651.06213477,NO_PATTERN,NO_PATTERN
2020-01-27 23:00:00,8890.02,8932.25,8875.0,8895.96,420.82196586,DOJI,Neutral
2020-01-28 00:00:00,8895.95,9076.85,8895.95,9060.0,1421.93795862,NO_PATTERN,NO_PATTERN
2020-01-28 01:00:00,9060.0,9150.0,9059.46,9113.0,1349.77247663,NO_PATTERN,NO_PATTERN
2020-01-28 02:00:00,9113.0,9132.33,9082.97,9106.38,472.37618431,DOJI,Neutral
2020-01-28 03:00:00,9104.1,9104.49,9061.13,9095.49,329.11111412,HAMMER,Neutral
2020-01-28 04:00:00,9095.49,9122.0,9034.69,9038.0,449.0229907,NO_PATTERN,NO_PATTERN
2020-01-28 05:00:00,9038.0,9062.54,8945.65,9045.01,824.88137255,DOJI,Neutral
2020-01-28 06:00:00,9045.01,9060.02,8973.99,9002.69,250.40247606,NO_PATTERN,NO_PATTERN
2020-01-28 07:00:00,9001.62,9047.58,8986.1,9026.99,157.63513783,NO_PATTERN,NO_PATTERN
2020-01-28 08:00:00,9028.1,9028.1,8951.3,8981.18,205.7109234,ENGULFING,Bearish
2020-01-28 09:00:00,8980.59,8994.0,8959.0,8961.66,445.99412617999997,NO_PATTERN,NO_PATTERN
2020-01-28 10:00:00,8965.96,9022.36,8926.02,9002.88,417.63847633,NO_PATTERN,NO_PATTERN
2020-01-28 11:00:00,9003.77,9103.33,8998.62,9063.5,576.07315396,NO_PATTERN,NO_PATTERN
2020-01-28 12:00:00,9063.5,9070.32,8997.42,9033.63,299.15048826,NO_PATTERN,NO_PATTERN
2020-01-28 13:00:00,9033.64,9082.96,9018.87,9074.86,399.52592112,NO_PATTERN,NO_PATTERN
2020-01-28 14:00:00,9074.85,9188.62,9008.0,9024.56,2063.09269035,NO_PATTERN,NO_PATTERN
2020-01-28 15:00:00,9022.88,9047.12,8939.4,9010.64,1027.58725061,NO_PATTERN,NO_PATTERN
2020-01-28 16:00:00,9010.64,9031.04,8952.9,8952.9,498.67995943,NO_PATTERN,NO_PATTERN
2020-01-28 17:00:00,8952.9,8979.86,8880.87,8969.34,906.12096532,NO_PATTERN,NO_PATTERN
2020-01-28 18:00:00,8968.89,9015.98,8952.33,8982.84,400.55623037,NO_PATTERN,NO_PATTERN
2020-01-28 19:00:00,8981.48,9025.65,8962.31,8994.87,289.72658175,NO_PATTERN,NO_PATTERN
2020-01-28 20:00:00,8997.05,9085.6,8995.19,9048.07,645.21175983,NO_PATTERN,NO_PATTERN
2020-01-28 21:00:00,9048.08,9100.0,9031.23,9040.61,431.6382358,DOJI,Neutral
2020-01-28 22:00:00,9038.68,9157.0,9033.93,9134.07,549.87846904,ENGULFING,Bullish
2020-01-28 23:00:00,9133.03,9418.91,9110.88,9394.5,3124.70185328,NO_PATTERN,NO_PATTERN
2020-01-29 00:00:00,9391.14,9439.83,9312.25,9321.61,1857.22925371,NO_PATTERN,NO_PATTERN
2020-01-29 01:00:00,9321.6,9372.0,9314.08,9338.42,702.11076626,NO_PATTERN,NO_PATTERN
2020-01-29 02:00:00,9340.92,9357.95,9265.0,9323.0,694.32867688,NO_PATTERN,NO_PATTERN
2020-01-29 03:00:00,9323.0,9351.54,9305.22,9335.83,415.6766827,NO_PATTERN,NO_PATTERN
2020-01-29 04:00:00,9336.99,9374.19,9310.63,9323.69,429.43236109000003,NO_PATTERN,NO_PATTERN
2020-01-29 05:00:00,9323.68,9357.81,9317.99,9354.31,510.82308866,ENGULFING,Bullish
2020-01-29 06:00:00,9352.89,9388.78,9320.69,9327.9,359.59557854,NO_PATTERN,NO_PATTERN
2020-01-29 07:00:00,9324.96,9361.82,9314.07,9361.08,108.58010575,ENGULFING,Bullish
2020-01-29 08:00:00,9361.03,9374.92,9326.18,9374.92,224.93611135,NO_PATTERN,NO_PATTERN
2020-01-29 09:00:00,9374.91,9374.92,9310.29,9322.24,121.03508824000001,NO_PATTERN,NO_PATTERN
2020-01-29 10:00:00,9322.23,9423.0,9246.68,9396.06,884.54611648,ENGULFING,Bullish
2020-01-29 11:00:00,9396.05,9402.68,9224.75,9287.9,1073.88557168,NO_PATTERN,NO_PATTERN
2020-01-29 12:00:00,9286.78,9298.78,9241.9,9266.7,172.75806222,NO_PATTERN,NO_PATTERN
2020-01-29 13:00:00,9266.71,9345.8,9255.0,9311.46,491.4230374,NO_PATTERN,NO_PATTERN
2020-01-29 14:00:00,9311.45,9331.82,9289.0,9320.26,209.78447434,NO_PATTERN,NO_PATTERN
2020-01-29 15:00:00,9320.26,9320.29,9267.0,9272.23,403.28395007,NO_PATTERN,NO_PATTERN
2020-01-29 16:00:00,9272.22,9341.39,9253.22,9336.16,364.75957019,ENGULFING,Bullish
2020-01-29 17:00:00,9336.91,9356.39,9317.23,9330.02,310.73075313,DOJI,Neutral
2020-01-29 18:00:00,9330.02,9368.11,9330.0,9354.54,428.98321101,NO_PATTERN,NO_PATTERN
2020-01-29 19:00:00,9355.0,9399.89,9303.0,9378.99,699.4141804,NO_PATTERN,NO_PATTERN
2020-01-29 20:00:00,9378.99,9395.0,9338.02,9370.42,255.61164746,DOJI,Neutral
2020-01-29 21:00:00,9370.79,9429.0,9318.18,9355.95,885.0283054600001,NO_PATTERN,NO_PATTERN
2020-01-29 22:00:00,9356.05,9362.3,9300.0,9324.98,230.91686491,NO_PATTERN,NO_PATTERN
2020-01-29 23:00:00,9324.9,9343.63,9276.93,9288.44,366.59870533,NO_PATTERN,NO_PATTERN
2020-01-30 00:00:00,9287.9,9313.3,9185.0,9253.75,1013.07180249,NO_PATTERN,NO_PATTERN
2020-01-30 01:00:00,9258.19,9276.69,9226.39,9271.09,213.79400262000001,HARAMI,Bullish
2020-01-30 02:00:00,9271.96,9271.96,9234.86,9234.87,187.20070608,ENGULFING,Bearish
2020-01-30 03:00:00,9234.87,9268.59,9226.01,9254.25,155.5800172,NO_PATTERN,NO_PATTERN
2020-01-30 04:00:00,9254.25,9341.67,9250.06,9310.06,316.59260417,NO_PATTERN,NO_PATTERN
2020-01-30 05:00:00,9311.32,9331.92,9289.4,9292.38,182.5155585,NO_PATTERN,NO_PATTERN
2020-01-30 06:00:00,9292.38,9319.99,9277.44,9302.07,144.57186714,NO_PATTERN,NO_PATTERN
2020-01-30 07:00:00,9302.06,9373.74,9302.06,9368.9,254.26155028,NO_PATTERN,NO_PATTERN
2020-01-30 08:00:00,9366.45,9380.96,9328.51,9342.85,189.25479252,HARAMI,Bearish
2020-01-30 09:00:00,9343.56,9364.14,9295.23,9334.0,249.87701871,NO_PATTERN,NO_PATTERN
2020-01-30 10:00:00,9333.99,9343.86,9310.0,9311.23,121.88156738,NO_PATTERN,NO_PATTERN
2020-01-30 11:00:00,9312.43,9343.24,9291.11,9325.0,211.93993054,NO_PATTERN,NO_PATTERN
2020-01-30 12:00:00,9325.01,9375.0,9320.0,9359.77,329.83862852,NO_PATTERN,NO_PATTERN
2020-01-30 13:00:00,9359.12,9384.15,9340.48,9373.31,325.59775929,NO_PATTERN,NO_PATTERN
2020-01-30 14:00:00,9374.33,9397.93,9288.52,9336.54,586.24907512,ENGULFING,Bearish
2020-01-30 15:00:00,9336.52,9372.32,9328.86,9367.98,408.03194956,NO_PATTERN,NO_PATTERN
2020-01-30 16:00:00,9367.07,9470.0,9171.11,9343.49,3540.5381242099998,HARAMI,Bearish
2020-01-30 18:00:00,9345.0,9496.0,9345.0,9486.9,491.6413607,NO_PATTERN,NO_PATTERN
2020-01-30 19:00:00,9489.0,9515.19,9432.08,9497.33,1616.51593681,DOJI,Neutral
2020-01-30 20:00:00,9497.33,9574.68,9476.8,9564.31,1091.45350594,NO_PATTERN,NO_PATTERN
2020-01-30 21:00:00,9564.31,9564.32,9511.67,9559.48,486.477159,DRAGONFLYDOJI,Neutral
2020-01-30 22:00:00,9555.99,9565.96,9520.23,9563.79,426.69094679,DRAGONFLYDOJI,Neutral
2020-01-30 23:00:00,9563.79,9568.99,9450.0,9503.08,398.69608862,NO_PATTERN,NO_PATTERN
2020-01-31 00:00:00,9502.71,9522.5,9454.91,9458.28,279.8850034,NO_PATTERN,NO_PATTERN
2020-01-31 01:00:00,9456.69,9483.0,9438.97,9469.62,353.94531557,NO_PATTERN,NO_PATTERN
2020-01-31 02:00:00,9469.62,9469.63,9379.31,9431.9,437.67176788,HAMMER,Neutral
2020-01-31 03:00:00,9431.89,9455.58,9420.0,9425.01,203.01949394,INVERTEDHAMMER,Neutral
2020-01-31 04:00:00,9425.01,9428.9,9385.0,9399.0,301.34921759,NO_PATTERN,NO_PATTERN
2020-01-31 05:00:00,9398.94,9415.41,9323.0,9328.01,607.81688015,NO_PATTERN,NO_PATTERN
2020-01-31 06:00:00,9328.01,9373.77,9301.46,9359.25,331.05444771000003,NO_PATTERN,NO_PATTERN
2020-01-31 07:00:00,9359.52,9360.05,9310.0,9345.94,735.82652783,NO_PATTERN,NO_PATTERN
2020-01-31 08:00:00,9344.93,9379.55,9314.55,9358.71,137.01523103,NO_PATTERN,NO_PATTERN
2020-01-31 09:00:00,9358.72,9380.91,9331.87,9331.87,214.51582781000002,ENGULFING,Bearish
2020-01-31 10:00:00,9331.88,9363.05,9239.31,9316.1,671.3686110799999,NO_PATTERN,NO_PATTERN
2020-01-31 11:00:00,9316.29,9324.16,9280.71,9308.45,233.87509204,NO_PATTERN,NO_PATTERN
2020-01-31 12:00:00,9308.45,9308.45,9227.0,9265.44,726.44442223,NO_PATTERN,NO_PATTERN
2020-01-31 13:00:00,9265.44,9276.17,9195.49,9253.3,579.04758452,NO_PATTERN,NO_PATTERN
2020-01-31 14:00:00,9253.29,9279.52,9212.56,9243.97,379.21424310000003,NO_PATTERN,NO_PATTERN
2020-01-31 15:00:00,9243.96,9316.21,9243.5,9316.21,546.04497903,3LINESTRIKE,Bear
2020-01-31 16:00:00,9316.21,9342.34,9240.04,9271.65,633.5855784,NO_PATTERN,NO_PATTERN
2020-01-31 17:00:00,9271.65,9297.09,9260.0,9262.0,448.23469041,NO_PATTERN,NO_PATTERN
2020-01-31 18:00:00,9262.0,9300.0,9260.0,9297.73,291.70919524,NO_PATTERN,NO_PATTERN
2020-01-31 19:00:00,9299.27,9312.77,9280.05,9286.82,290.33563245,NO_PATTERN,NO_PATTERN
2020-01-31 20:00:00,9286.82,9325.0,9285.19,9304.18,300.93726747,NO_PATTERN,NO_PATTERN
2020-01-31 21:00:00,9304.18,9359.22,9302.67,9353.75,260.04712809,NO_PATTERN,NO_PATTERN
2020-01-31 22:00:00,9354.8,9414.44,9316.77,9392.87,413.93446888,NO_PATTERN,NO_PATTERN
2020-01-31 23:00:00,9389.66,9403.12,9307.16,9334.98,317.38425106,NO_PATTERN,NO_PATTERN
2020-02-01 00:00:00,9334.98,9384.0,9331.13,9373.26,206.28068595000002,NO_PATTERN,NO_PATTERN
2020-02-01 01:00:00,9373.26,9424.0,9370.63,9419.99,256.75285358,NO_PATTERN,NO_PATTERN
2020-02-01 02:00:00,9420.0,9458.08,9394.74,9431.5,235.08593355,NO_PATTERN,NO_PATTERN
2020-02-01 03:00:00,9431.41,9445.87,9396.72,9416.29,272.33609936,NO_PATTERN,NO_PATTERN
2020-02-01 04:00:00,9416.29,9439.86,9390.13,9391.86,231.8084624,NO_PATTERN,NO_PATTERN
2020-02-01 05:00:00,9391.86,9404.01,9370.68,9377.26,126.2526134,NO_PATTERN,NO_PATTERN
2020-02-01 06:00:00,9377.26,9399.56,9376.33,9387.91,77.45270771,NO_PATTERN,NO_PATTERN
2020-02-01 07:00:00,9387.91,9444.51,9387.91,9417.01,166.21355049,NO_PATTERN,NO_PATTERN
2020-02-01 08:00:00,9417.0,9419.06,9371.1,9375.02,108.65531745999999,NO_PATTERN,NO_PATTERN
2020-02-01 09:00:00,9375.02,9383.85,9349.46,9383.27,74.5564689,HAMMER,Neutral
2020-02-01 10:00:00,9383.27,9397.74,9356.31,9369.11,81.62005325999999,NO_PATTERN,NO_PATTERN
2020-02-01 11:00:00,9369.11,9374.22,9317.06,9340.64,164.43535563,NO_PATTERN,NO_PATTERN
2020-02-01 12:00:00,9341.26,9353.64,9285.01,9295.75,202.25895725,NO_PATTERN,NO_PATTERN
2020-02-01 13:00:00,9295.01,9367.27,9290.45,9337.43,170.97711037,NO_PATTERN,NO_PATTERN
2020-02-01 14:00:00,9337.45,9338.73,9290.45,9336.98,300.35078532,DRAGONFLYDOJI,Neutral
2020-02-01 15:00:00,9336.99,9363.38,9316.12,9322.73,255.25190406000002,NO_PATTERN,NO_PATTERN
2020-02-01 16:00:00,9322.73,9390.37,9315.72,9386.89,290.83176357,NO_PATTERN,NO_PATTERN
2020-02-01 17:00:00,9386.89,9409.06,9368.25,9371.11,164.69865123,NO_PATTERN,NO_PATTERN
2020-02-01 18:00:00,9371.44,9392.12,9347.46,9379.83,171.36295302,NO_PATTERN,NO_PATTERN
2020-02-01 19:00:00,9378.24,9379.57,9340.94,9345.36,118.45532304,NO_PATTERN,NO_PATTERN
2020-02-01 20:00:00,9345.35,9374.79,9340.71,9366.7,186.32379125,NO_PATTERN,NO_PATTERN
2020-02-01 21:00:00,9366.76,9367.93,9350.53,9360.88,105.30595359,NO_PATTERN,NO_PATTERN
2020-02-01 22:00:00,9360.96,9394.38,9341.92,9368.67,194.58117418,NO_PATTERN,NO_PATTERN
2020-02-01 23:00:00,9368.67,9400.0,9367.45,9380.18,211.3454675,NO_PATTERN,NO_PATTERN
2020-02-02 00:00:00,9380.18,9380.18,9310.0,9313.62,254.95330563000002,NO_PATTERN,NO_PATTERN
2020-02-02 01:00:00,9313.61,9335.07,9301.47,9315.91,225.83119242,DOJI,Neutral
2020-02-02 02:00:00,9315.92,9315.92,9231.82,9256.48,585.30364044,ENGULFING,Bearish
2020-02-02 03:00:00,9256.49,9275.0,9240.48,9256.25,218.55314095,DOJI,Neutral
2020-02-02 04:00:00,9254.73,9322.33,9140.0,9312.98,1458.01777155,ENGULFING,Bullish
2020-02-02 05:00:00,9312.97,9326.77,9279.24,9300.14,184.90318843,HARAMI,Bearish
2020-02-02 06:00:00,9300.14,9369.0,9277.77,9351.3,187.11779742,NO_PATTERN,NO_PATTERN
2020-02-02 07:00:00,9351.42,9377.68,9340.96,9363.6,93.13180480999999,NO_PATTERN,NO_PATTERN
2020-02-02 08:00:00,9363.59,9377.69,9333.65,9355.85,141.57256379,NO_PATTERN,NO_PATTERN
2020-02-02 09:00:00,9355.85,9375.0,9340.27,9370.38,101.95009281,NO_PATTERN,NO_PATTERN
2020-02-02 10:00:00,9370.38,9447.0,9370.37,9412.53,361.77736622000003,NO_PATTERN,NO_PATTERN
2020-02-02 11:00:00,9416.42,9435.0,9400.12,9421.87,111.36427337,DOJI,Neutral
2020-02-02 12:00:00,9424.05,9480.0,9400.0,9421.81,430.8931275,DOJI,Neutral
2020-02-02 13:00:00,9421.01,9430.0,9390.42,9418.27,161.36304367,DOJI,Neutral
2020-02-02 14:00:00,9418.26,9455.0,9363.82,9444.14,354.10819076999996,ENGULFING,Bullish
2020-02-02 15:00:00,9444.14,9476.6,9435.81,9449.67,328.4362981,DOJI,Neutral
2020-02-02 16:00:00,9448.68,9455.81,9420.09,9426.81,221.72603022,NO_PATTERN,NO_PATTERN
2020-02-02 17:00:00,9426.81,9445.54,9398.01,9431.08,254.90865121,DOJI,Neutral
2020-02-02 18:00:00,9431.08,9463.09,9429.18,9445.67,176.11816419,NO_PATTERN,NO_PATTERN
2020-02-02 19:00:00,9445.68,9463.56,9429.49,9435.01,196.94036261,NO_PATTERN,NO_PATTERN
2020-02-02 20:00:00,9435.01,9451.6,9416.91,9434.77,167.66055077,DOJI,Neutral
2020-02-02 21:00:00,9434.77,9445.49,9420.39,9440.01,147.00466962,NO_PATTERN,NO_PATTERN
2020-02-02 22:00:00,9440.01,9441.03,9369.92,9380.16,312.61690066,NO_PATTERN,NO_PATTERN
2020-02-02 23:00:00,9380.15,9406.68,9310.48,9323.5,616.27873386,NO_PATTERN,NO_PATTERN
2020-02-03 00:00:00,9325.01,9406.39,9277.2,9397.03,474.42567123,NO_PATTERN,NO_PATTERN
2020-02-03 01:00:00,9398.7,9619.95,9390.0,9514.74,2098.2964712,NO_PATTERN,NO_PATTERN
2020-02-03 02:00:00,9508.97,9511.55,9250.0,9364.89,1736.59989072,NO_PATTERN,NO_PATTERN
2020-02-03 03:00:00,9366.59,9387.77,9323.12,9370.32,353.60117565,HARAMI,Bull
2020-02-03 04:00:00,9370.32,9388.46,9356.0,9377.13,175.7448873,DOJI,Neutral
2020-02-03 05:00:00,9377.04,9415.0,9374.26,9392.62,194.58817114,NO_PATTERN,NO_PATTERN
2020-02-03 06:00:00,9392.62,9398.84,9373.63,9383.66,112.43757622,HAMMER,Neutral
2020-02-03 07:00:00,9383.65,9383.66,9324.0,9353.28,260.16403995,NO_PATTERN,NO_PATTERN
2020-02-03 08:00:00,9353.27,9380.78,9331.11,9349.57,215.14028527000002,DOJI,Neutral
2020-02-03 09:00:00,9349.57,9350.14,9312.94,9320.0,107.01961399,NO_PATTERN,NO_PATTERN
2020-02-03 10:00:00,9319.0,9320.82,9288.59,9296.51,265.34789503999997,NO_PATTERN,NO_PATTERN
2020-02-03 11:00:00,9296.5,9374.05,9281.13,9327.04,168.93423883,ENGULFING,Bullish
2020-02-03 12:00:00,9327.05,9355.15,9317.5,9328.58,160.58362406,DOJI,Neutral
2020-02-03 13:00:00,9327.6,9334.32,9283.57,9303.33,302.18884867,NO_PATTERN,NO_PATTERN
2020-02-03 14:00:00,9303.34,9340.14,9280.0,9331.03,387.51424058000003,NO_PATTERN,NO_PATTERN
2020-02-03 15:00:00,9331.69,9332.17,9256.09,9256.1,1562.75783544,ENGULFING,Bearish
2020-02-03 16:00:00,9256.1,9321.08,9241.68,9246.46,708.85382268,NO_PATTERN,NO_PATTERN
2020-02-03 17:00:00,9246.46,9282.38,9220.0,9278.01,447.61438989,NO_PATTERN,NO_PATTERN
2020-02-03 18:00:00,9278.01,9303.93,9234.6,9298.06,539.11729373,NO_PATTERN,NO_PATTERN
2020-02-03 19:00:00,9298.0,9307.43,9283.11,9306.6,300.39838556,NO_PATTERN,NO_PATTERN
2020-02-03 20:00:00,9305.03,9336.21,9292.18,9307.49,449.84542927,DOJI,Neutral
2020-02-03 21:00:00,9305.63,9306.97,9263.6,9275.37,241.17095636,NO_PATTERN,NO_PATTERN
2020-02-03 22:00:00,9274.98,9296.7,9251.74,9264.19,237.53747045,NO_PATTERN,NO_PATTERN
2020-02-03 23:00:00,9263.75,9299.69,9226.63,9280.49,390.18858052,ENGULFING,Bullish
2020-02-04 00:00:00,9280.49,9350.0,9278.01,9321.5,387.47647349,NO_PATTERN,NO_PATTERN
2020-02-04 01:00:00,9321.5,9333.0,9261.97,9266.86,196.69443877,NO_PATTERN,NO_PATTERN
2020-02-04 02:00:00,9266.86,9290.01,9266.86,9283.04,201.49533114,NO_PATTERN,NO_PATTERN
2020-02-04 03:00:00,9283.04,9285.01,9246.69,9267.98,239.66525696,HAMMER,Neutral
2020-02-04 04:00:00,9268.18,9299.47,9233.1,9253.5,302.7871562,NO_PATTERN,NO_PATTERN
2020-02-04 05:00:00,9253.67,9274.65,9207.57,9268.56,559.29730047,NO_PATTERN,NO_PATTERN
2020-02-04 06:00:00,9268.56,9276.9,9230.9,9251.45,180.92535866,NO_PATTERN,NO_PATTERN
2020-02-04 07:00:00,9251.45,9308.84,9239.36,9260.37,181.9182007,NO_PATTERN,NO_PATTERN
2020-02-04 08:00:00,9261.59,9275.0,9218.74,9218.77,154.00670016,ENGULFING,Bearish
2020-02-04 09:00:00,9218.77,9245.54,9116.35,9153.16,1140.60449481,NO_PATTERN,NO_PATTERN
2020-02-04 10:00:00,9153.16,9181.06,9135.89,9157.28,177.67430025,DOJI,Neutral
2020-02-04 11:00:00,9157.28,9233.77,9082.08,9164.42,629.50498854,NO_PATTERN,NO_PATTERN
2020-02-04 12:00:00,9164.43,9183.7,9078.81,9116.91,573.42107001,ENGULFING,Bearish
2020-02-04 13:00:00,9116.9,9137.51,9078.05,9137.51,339.83939874,NO_PATTERN,NO_PATTERN
2020-02-04 14:00:00,9138.6,9152.76,9100.0,9138.13,283.91481763,DOJI,Neutral
2020-02-04 15:00:00,9138.11,9209.86,9129.95,9187.99,551.01107308,ENGULFING,Bullish
2020-02-04 16:00:00,9185.81,9218.66,9179.81,9202.98,423.90514784,NO_PATTERN,NO_PATTERN
2020-02-04 17:00:00,9202.98,9202.98,9180.0,9201.08,171.5758134,DRAGONFLYDOJI,Neutral
2020-02-04 18:00:00,9200.36,9211.0,9150.92,9169.39,322.93390786000003,NO_PATTERN,NO_PATTERN
2020-02-04 19:00:00,9169.39,9175.18,9150.0,9155.2,200.62536524,NO_PATTERN,NO_PATTERN
2020-02-04 20:00:00,9155.2,9170.0,9119.63,9169.99,328.09050417,HAMMER,Neutral
2020-02-04 21:00:00,9170.0,9174.09,9132.72,9133.94,158.27801506,ENGULFING,Bearish
2020-02-04 22:00:00,9133.94,9174.54,9126.76,9173.81,185.56141375,NO_PATTERN,NO_PATTERN
2020-02-04 23:00:00,9173.81,9186.47,9144.77,9164.33,288.61309041,NO_PATTERN,NO_PATTERN
2020-02-05 00:00:00,9164.33,9217.27,9155.0,9198.74,414.92595393,NO_PATTERN,NO_PATTERN
2020-02-05 01:00:00,9198.74,9220.46,9160.91,9162.24,257.00911641,NO_PATTERN,NO_PATTERN
2020-02-05 02:00:00,9162.2,9194.86,9150.0,9192.18,172.47215223,NO_PATTERN,NO_PATTERN
2020-02-05 03:00:00,9191.45,9207.83,9170.0,9206.73,125.66901304,NO_PATTERN,NO_PATTERN
2020-02-05 04:00:00,9205.66,9212.99,9183.24,9207.5,204.80137022,DOJI,Neutral
2020-02-05 05:00:00,9207.5,9260.0,9200.59,9246.02,358.85824586,NO_PATTERN,NO_PATTERN
2020-02-05 06:00:00,9246.02,9275.08,9236.94,9242.49,184.53143765,DOJI,Neutral
2020-02-05 07:00:00,9242.49,9270.26,9232.34,9246.34,222.55210182,DOJI,Neutral
2020-02-05 08:00:00,9246.33,9246.34,9215.4,9230.0,85.61248888,NO_PATTERN,NO_PATTERN
2020-02-05 09:00:00,9230.0,9248.5,9220.81,9234.91,61.60072261,NO_PATTERN,NO_PATTERN
2020-02-05 10:00:00,9234.92,9381.08,9230.86,9362.59,643.27518617,NO_PATTERN,NO_PATTERN
2020-02-05 11:00:00,9362.6,9409.99,9349.7,9403.11,448.76532385,NO_PATTERN,NO_PATTERN
2020-02-05 12:00:00,9403.12,9469.36,9403.11,9438.84,625.19154588,NO_PATTERN,NO_PATTERN
2020-02-05 13:00:00,9439.64,9454.13,9395.13,9436.32,460.48251025,DOJI,Neutral
2020-02-05 14:00:00,9436.31,9467.7,9404.84,9439.12,394.00704587999996,DOJI,Neutral
2020-02-05 15:00:00,9440.28,9496.01,9418.68,9479.35,547.15591831,NO_PATTERN,NO_PATTERN
2020-02-05 16:00:00,9479.34,9568.72,9471.3,9567.08,1169.31432642,NO_PATTERN,NO_PATTERN
2020-02-05 17:00:00,9567.08,9569.0,9528.57,9565.54,443.47407007,DRAGONFLYDOJI,Neutral
2020-02-05 18:00:00,9565.55,9769.7,9565.5,9688.81,3028.16772792,NO_PATTERN,NO_PATTERN
2020-02-05 19:00:00,9686.51,9729.99,9642.23,9659.36,897.08112268,HARAMI,Bearish
2020-02-05 20:00:00,9659.36,9710.0,9658.16,9678.61,556.2731463499999,NO_PATTERN,NO_PATTERN
2020-02-05 21:00:00,9678.62,9719.95,9670.0,9688.75,681.7122767,NO_PATTERN,NO_PATTERN
2020-02-05 22:00:00,9688.75,9690.04,9606.32,9627.07,483.81167593,NO_PATTERN,NO_PATTERN
2020-02-05 23:00:00,9627.07,9674.6,9580.0,9613.82,775.30606583,NO_PATTERN,NO_PATTERN
2020-02-06 00:00:00,9613.91,9633.99,9521.47,9544.28,888.51806443,NO_PATTERN,NO_PATTERN
2020-02-06 01:00:00,9544.28,9626.9,9537.67,9626.9,894.88842056,NO_PATTERN,NO_PATTERN
2020-02-06 02:00:00,9627.48,9629.0,9550.12,9568.02,303.01273825,NO_PATTERN,NO_PATTERN
2020-02-06 03:00:00,9568.02,9629.0,9553.07,9623.53,594.20226062,NO_PATTERN,NO_PATTERN
2020-02-06 04:00:00,9623.53,9643.61,9611.79,9637.0,395.35662889,NO_PATTERN,NO_PATTERN
2020-02-06 05:00:00,9636.99,9650.0,9623.89,9633.27,343.18112157,DOJI,Neutral
2020-02-06 06:00:00,9632.44,9674.82,9602.74,9641.95,235.33866219,ENGULFING,Bullish
2020-02-06 07:00:00,9641.95,9692.12,9590.0,9620.57,389.64591639,NO_PATTERN,NO_PATTERN
2020-02-06 08:00:00,9619.74,9651.08,9587.77,9622.62,187.5071368,DOJI,Neutral
2020-02-06 09:00:00,9626.47,9639.89,9599.79,9639.88,119.74592007,NO_PATTERN,NO_PATTERN
2020-02-06 10:00:00,9639.88,9677.0,9621.74,9658.18,137.2824291,NO_PATTERN,NO_PATTERN
2020-02-06 11:00:00,9658.19,9690.0,9634.43,9686.75,270.91353864,NO_PATTERN,NO_PATTERN
2020-02-06 12:00:00,9683.62,9830.22,9683.62,9821.26,1338.18736559,NO_PATTERN,NO_PATTERN
2020-02-06 13:00:00,9821.27,9857.0,9641.06,9747.28,1292.42079122,NO_PATTERN,NO_PATTERN
2020-02-06 14:00:00,9747.27,9854.0,9684.47,9817.18,784.64933147,NO_PATTERN,NO_PATTERN
2020-02-06 15:00:00,9817.18,9830.0,9760.0,9786.0,1016.8316802100001,NO_PATTERN,NO_PATTERN
2020-02-06 16:00:00,9786.0,9833.67,9751.24,9775.91,493.26994415,NO_PATTERN,NO_PATTERN
2020-02-06 17:00:00,9775.91,9803.0,9724.65,9761.0,377.06379836,NO_PATTERN,NO_PATTERN
2020-02-06 18:00:00,9761.0,9766.38,9706.12,9750.0,346.36316003,HAMMER,Neutral
2020-02-06 19:00:00,9749.99,9763.59,9710.0,9734.6,211.46675987,NO_PATTERN,NO_PATTERN
2020-02-06 20:00:00,9734.6,9775.0,9725.19,9769.66,385.09870782,NO_PATTERN,NO_PATTERN
2020-02-06 21:00:00,9769.66,9787.99,9730.0,9740.24,304.91162395,NO_PATTERN,NO_PATTERN
2020-02-06 22:00:00,9740.24,9746.17,9672.01,9672.98,401.25751627,NO_PATTERN,NO_PATTERN
2020-02-06 23:00:00,9673.93,9764.75,9650.0,9763.01,915.79393883,NO_PATTERN,NO_PATTERN
2020-02-07 00:00:00,9763.01,9812.14,9742.1,9768.25,571.23812172,DOJI,Neutral
2020-02-07 01:00:00,9768.25,9814.35,9758.73,9793.86,400.94731114,NO_PATTERN,NO_PATTERN
2020-02-07 02:00:00,9793.84,9840.66,9771.32,9782.28,650.54253442,NO_PATTERN,NO_PATTERN
2020-02-07 03:00:00,9782.29,9815.0,9758.15,9760.48,360.41661782,NO_PATTERN,NO_PATTERN
2020-02-07 04:00:00,9760.47,9795.06,9728.0,9776.91,401.1126954,NO_PATTERN,NO_PATTERN
2020-02-07 05:00:00,9776.01,9801.14,9731.6,9742.9,397.22168145,NO_PATTERN,NO_PATTERN
2020-02-07 06:00:00,9742.9,9778.46,9730.0,9763.91,127.5966661,NO_PATTERN,NO_PATTERN
2020-02-07 07:00:00,9764.32,9787.71,9741.61,9775.01,441.04657276,NO_PATTERN,NO_PATTERN
2020-02-07 08:00:00,9775.01,9787.52,9741.75,9752.92,271.69536689,NO_PATTERN,NO_PATTERN
2020-02-07 09:00:00,9752.91,9790.0,9747.56,9780.01,67.33457487,ENGULFING,Bullish
2020-02-07 10:00:00,9780.0,9823.16,9780.0,9807.82,185.01723998,NO_PATTERN,NO_PATTERN
2020-02-07 11:00:00,9807.85,9885.0,9785.2,9794.08,609.65717964,NO_PATTERN,NO_PATTERN
2020-02-07 12:00:00,9794.26,9814.25,9713.99,9740.71,685.26487196,NO_PATTERN,NO_PATTERN
2020-02-07 13:00:00,9740.72,9779.07,9740.71,9764.62,196.01822788,HARAMI,Bullish
2020-02-07 14:00:00,9764.62,9825.0,9764.61,9808.01,349.23666346,NO_PATTERN,NO_PATTERN
2020-02-07 15:00:00,9808.01,9812.75,9768.82,9782.77,335.3020196,NO_PATTERN,NO_PATTERN
2020-02-07 16:00:00,9782.78,9818.0,9724.43,9778.01,626.13776087,DOJI,Neutral
2020-02-07 17:00:00,9778.02,9790.57,9764.35,9766.17,222.08401252,NO_PATTERN,NO_PATTERN
2020-02-07 18:00:00,9766.22,9792.45,9762.22,9779.12,179.92070549,NO_PATTERN,NO_PATTERN
2020-02-07 19:00:00,9779.13,9788.45,9750.0,9763.56,280.72435533,ENGULFING,Bearish
2020-02-07 20:00:00,9763.55,9768.14,9729.0,9729.02,256.26419998,NO_PATTERN,NO_PATTERN
2020-02-07 21:00:00,9729.02,9763.91,9720.52,9743.3,276.4438176,NO_PATTERN,NO_PATTERN
2020-02-07 22:00:00,9743.3,9798.0,9743.3,9797.99,193.66220978,NO_PATTERN,NO_PATTERN
2020-02-07 23:00:00,9798.0,9825.36,9779.25,9808.05,417.70591036,NO_PATTERN,NO_PATTERN
2020-02-08 00:00:00,9807.92,9821.64,9769.0,9773.25,317.45007635999997,EVENINGSTAR,Neutral
2020-02-08 01:00:00,9773.27,9779.65,9751.11,9770.0,159.14938605,DOJI,Neutral
2020-02-08 02:00:00,9770.0,9774.99,9680.0,9717.74,472.13281021,NO_PATTERN,NO_PATTERN
2020-02-08 03:00:00,9717.75,9718.88,9653.47,9711.03,605.37799203,NO_PATTERN,NO_PATTERN
2020-02-08 04:00:00,9711.02,9759.82,9704.46,9748.95,293.00083455,ENGULFING,Bullish
2020-02-08 05:00:00,9748.94,9773.44,9730.96,9755.67,213.68234151,NO_PATTERN,NO_PATTERN
2020-02-08 06:00:00,9755.67,9788.96,9750.0,9757.31,110.62661682000001,DOJI,Neutral
2020-02-08 07:00:00,9754.3,9768.2,9741.57,9753.8,77.09149079,DOJI,Neutral
2020-02-08 08:00:00,9753.81,9825.0,9753.81,9801.1,258.2373736,NO_PATTERN,NO_PATTERN
2020-02-08 09:00:00,9801.09,9816.9,9771.11,9796.91,119.20273783,HARAMI,Bear
2020-02-08 10:00:00,9796.91,9840.77,9796.91,9805.0,398.47837250000003,NO_PATTERN,NO_PATTERN
2020-02-08 11:00:00,9805.01,9837.57,9769.48,9815.0,316.10682223000003,NO_PATTERN,NO_PATTERN
2020-02-08 12:00:00,9815.0,9840.54,9803.68,9815.73,270.52013728,DOJI,Neutral
2020-02-08 13:00:00,9814.68,9887.72,9751.84,9796.21,755.7943227200001,NO_PATTERN,NO_PATTERN
2020-02-08 14:00:00,9796.23,9859.01,9790.08,9854.06,249.92016506,NO_PATTERN,NO_PATTERN
2020-02-08 15:00:00,9852.85,9860.0,9830.0,9837.24,402.01075282,NO_PATTERN,NO_PATTERN
2020-02-08 16:00:00,9837.26,9875.02,9818.22,9869.56,327.1912506,NO_PATTERN,NO_PATTERN
2020-02-08 17:00:00,9869.57,9888.0,9803.0,9872.36,509.03507266,DOJI,Neutral
2020-02-08 18:00:00,9871.56,9871.8,9815.53,9848.3,202.96076079,EVENINGSTAR,Neutral
2020-02-08 19:00:00,9848.3,9896.0,9848.29,9867.75,456.12356804,NO_PATTERN,NO_PATTERN
2020-02-08 20:00:00,9867.75,9870.0,9850.01,9864.73,133.89273999,DRAGONFLYDOJI,Neutral
2020-02-08 21:00:00,9864.73,9955.0,9864.38,9925.01,597.73642371,NO_PATTERN,NO_PATTERN
2020-02-08 22:00:00,9925.0,9935.5,9846.88,9927.1,581.2162644,DOJI,Neutral
2020-02-08 23:00:00,9927.11,9928.1,9897.7,9905.64,261.88394835,ENGULFING,Bearish
2020-02-09 00:00:00,9905.64,9957.69,9888.76,9950.01,390.05327604,NO_PATTERN,NO_PATTERN
2020-02-09 01:00:00,9950.01,9961.96,9920.03,9957.0,241.10299322,NO_PATTERN,NO_PATTERN
2020-02-09 02:00:00,9957.0,10000.0,9919.93,9975.46,1272.25832896,NO_PATTERN,NO_PATTERN
2020-02-09 03:00:00,9975.45,10055.0,9970.81,10051.52,1189.80633425,NO_PATTERN,NO_PATTERN
2020-02-09 04:00:00,10051.51,10145.33,10051.51,10092.07,839.68789667,NO_PATTERN,NO_PATTERN
2020-02-09 05:00:00,10092.06,10119.49,10060.56,10111.0,361.73769905,NO_PATTERN,NO_PATTERN
2020-02-09 06:00:00,10111.01,10128.0,10094.87,10109.22,315.15016731000003,DOJI,Neutral
2020-02-09 07:00:00,10109.22,10175.58,10108.09,10134.9,347.83580685,NO_PATTERN,NO_PATTERN
2020-02-09 08:00:00,10134.9,10157.09,10100.0,10109.59,338.02570412,NO_PATTERN,NO_PATTERN
2020-02-09 09:00:00,10116.58,10144.53,10075.64,10078.68,221.58681441,NO_PATTERN,NO_PATTERN
2020-02-09 10:00:00,10078.5,10134.59,10057.36,10131.73,113.57465853000001,ENGULFING,Bullish
2020-02-09 11:00:00,10131.72,10141.67,10102.12,10104.15,122.34842868,HARAMI,Bearish
2020-02-09 12:00:00,10107.86,10150.0,10107.86,10136.17,149.71229951,NO_PATTERN,NO_PATTERN
2020-02-09 13:00:00,10136.17,10140.0,10096.51,10106.85,206.901068,NO_PATTERN,NO_PATTERN
2020-02-09 14:00:00,10106.88,10126.2,10072.22,10092.65,223.90341345000002,NO_PATTERN,NO_PATTERN
2020-02-09 15:00:00,10092.65,10119.83,10019.04,10107.72,686.06519154,NO_PATTERN,NO_PATTERN
2020-02-09 16:00:00,10107.72,10125.0,10074.99,10109.98,416.01778336,DOJI,Neutral
2020-02-09 17:00:00,10109.99,10116.52,10088.26,10099.98,195.00459621,ENGULFING,Bearish
2020-02-09 18:00:00,10098.18,10099.13,10058.19,10075.26,203.05407985,NO_PATTERN,NO_PATTERN
2020-02-09 19:00:00,10075.26,10100.0,10069.18,10075.42,180.72011832,DOJI,Neutral
2020-02-09 20:00:00,10075.42,10097.4,10017.0,10058.78,524.91121011,NO_PATTERN,NO_PATTERN
2020-02-09 21:00:00,10057.89,10092.0,10056.16,10079.0,154.38782332,ENGULFING,Bullish
2020-02-09 22:00:00,10077.67,10120.0,10077.65,10119.99,251.32879436,NO_PATTERN,NO_PATTERN
2020-02-09 23:00:00,10119.99,10178.91,10119.99,10168.35,611.21617474,NO_PATTERN,NO_PATTERN
2020-02-10 00:00:00,10168.36,10199.0,10157.45,10193.0,417.15495575,NO_PATTERN,NO_PATTERN
2020-02-10 01:00:00,10193.0,10193.0,10134.06,10141.88,509.9601113,NO_PATTERN,NO_PATTERN
2020-02-10 02:00:00,10141.89,10154.23,10070.83,10117.63,676.35183422,NO_PATTERN,NO_PATTERN
2020-02-10 03:00:00,10117.63,10117.64,10050.0,10085.46,940.62080789,NO_PATTERN,NO_PATTERN
2020-02-10 04:00:00,10084.72,10095.42,10025.0,10054.77,525.17608364,NO_PATTERN,NO_PATTERN
2020-02-10 05:00:00,10054.77,10074.86,9736.0,9831.73,1749.04772471,NO_PATTERN,NO_PATTERN
2020-02-10 06:00:00,9826.48,10020.79,9800.14,9960.77,1684.51985773,NO_PATTERN,NO_PATTERN
2020-02-10 07:00:00,9960.76,10007.84,9947.0,9982.35,249.59634468000002,NO_PATTERN,NO_PATTERN
2020-02-10 08:00:00,9982.35,9983.11,9880.0,9907.96,777.78731822,NO_PATTERN,NO_PATTERN
2020-02-10 09:00:00,9907.96,9907.96,9770.0,9810.77,918.37524657,NO_PATTERN,NO_PATTERN
2020-02-10 10:00:00,9810.77,9858.36,9804.74,9841.32,350.73359818,NO_PATTERN,NO_PATTERN
2020-02-10 11:00:00,9841.31,9841.32,9760.0,9807.0,453.85129181,HAMMER,Neutral
2020-02-10 12:00:00,9806.99,9834.07,9766.63,9834.07,353.12003851000003,NO_PATTERN,NO_PATTERN
2020-02-10 13:00:00,9834.13,9855.24,9802.18,9812.0,240.44617438,NO_PATTERN,NO_PATTERN
2020-02-10 14:00:00,9813.24,9896.18,9805.0,9878.28,515.69483425,NO_PATTERN,NO_PATTERN
2020-02-10 15:00:00,9880.32,9924.35,9855.01,9866.88,542.15212723,NO_PATTERN,NO_PATTERN
2020-02-10 16:00:00,9866.88,9894.28,9810.0,9825.0,351.46802912,NO_PATTERN,NO_PATTERN
2020-02-10 17:00:00,9825.0,9851.53,9803.67,9841.61,252.22443265,NO_PATTERN,NO_PATTERN
2020-02-10 18:00:00,9841.61,9863.28,9811.3,9836.0,183.75448828,DOJI,Neutral
2020-02-10 19:00:00,9836.0,9846.05,9795.1,9824.25,290.28876876,NO_PATTERN,NO_PATTERN
2020-02-10 20:00:00,9824.27,9873.71,9824.27,9846.82,335.11339895,NO_PATTERN,NO_PATTERN
2020-02-10 21:00:00,9846.82,9871.02,9841.37,9866.15,225.30083504,NO_PATTERN,NO_PATTERN
2020-02-10 22:00:00,9866.15,9866.15,9801.05,9836.7,243.54781276,NO_PATTERN,NO_PATTERN
2020-02-10 23:00:00,9836.37,9895.5,9835.4,9851.78,446.70337013,NO_PATTERN,NO_PATTERN
2020-02-11 00:00:00,9851.78,9861.47,9760.0,9771.75,751.39274963,NO_PATTERN,NO_PATTERN
2020-02-11 01:00:00,9771.75,9810.0,9707.97,9805.22,852.66543615,NO_PATTERN,NO_PATTERN
2020-02-11 02:00:00,9803.61,9809.96,9751.1,9753.28,384.57051479,NO_PATTERN,NO_PATTERN
2020-02-11 03:00:00,9753.27,9770.05,9715.0,9724.42,598.1201003699999,NO_PATTERN,NO_PATTERN
2020-02-11 04:00:00,9724.42,9759.98,9706.0,9742.13,441.93161687,NO_PATTERN,NO_PATTERN
2020-02-11 05:00:00,9743.39,9783.43,9740.0,9752.67,238.34255307,SHOOTINGSTAR,Neutral
2020-02-11 06:00:00,9752.67,9782.5,9733.02,9763.34,185.72183792,NO_PATTERN,NO_PATTERN
2020-02-11 07:00:00,9764.99,9783.43,9725.0,9735.14,157.51296929,ENGULFING,Bearish
2020-02-11 08:00:00,9735.13,9783.44,9722.57,9783.44,470.33468562999997,ENGULFING,Bullish
2020-02-11 09:00:00,9784.99,9804.34,9763.33,9772.36,218.69708276,NO_PATTERN,NO_PATTERN
2020-02-11 10:00:00,9770.03,9799.99,9750.99,9782.67,186.12338465,NO_PATTERN,NO_PATTERN
2020-02-11 11:00:00,9782.67,9815.0,9775.0,9803.44,164.1101614,NO_PATTERN,NO_PATTERN
2020-02-11 12:00:00,9803.43,9885.0,9793.33,9858.02,788.33353633,NO_PATTERN,NO_PATTERN
2020-02-11 13:00:00,9858.03,9913.03,9858.02,9875.52,741.79768948,SHOOTINGSTAR,Neutral
2020-02-11 14:00:00,9875.53,9910.12,9852.13,9857.26,524.47784275,ENGULFING,Bearish
2020-02-11 15:00:00,9857.25,10250.0,9857.25,10215.17,3096.8920872,ENGULFING,Bullish
2020-02-11 16:00:00,10215.18,10400.0,10215.17,10268.67,2499.0331732,SHOOTINGSTAR,Neutral
2020-02-11 17:00:00,10268.67,10329.99,10262.1,10303.23,1163.45099029,NO_PATTERN,NO_PATTERN
2020-02-11 18:00:00,10303.21,10354.34,10240.0,10250.83,923.33426476,NO_PATTERN,NO_PATTERN
2020-02-11 19:00:00,10253.03,10300.0,10225.0,10287.93,619.55276287,NO_PATTERN,NO_PATTERN
2020-02-11 20:00:00,10289.94,10304.49,10248.4,10269.29,417.44204225,NO_PATTERN,NO_PATTERN
2020-02-11 21:00:00,10269.3,10277.7,10208.01,10241.76,533.46304296,HAMMER,Neutral
2020-02-11 22:00:00,10241.76,10261.11,10207.31,10234.34,364.38313753,DOJI,Neutral
2020-02-11 23:00:00,10234.35,10299.66,10220.0,10270.01,358.16299126,NO_PATTERN,NO_PATTERN
2020-02-12 00:00:00,10270.01,10355.06,10270.0,10355.06,845.52654084,NO_PATTERN,NO_PATTERN
2020-02-12 01:00:00,10355.43,10358.04,10304.88,10334.51,698.42755898,NO_PATTERN,NO_PATTERN
2020-02-12 02:00:00,10332.82,10343.75,10269.19,10297.61,384.3715408,NO_PATTERN,NO_PATTERN
2020-02-12 03:00:00,10297.62,10322.46,10271.77,10303.54,715.91461249,DOJI,Neutral
2020-02-12 04:00:00,10303.54,10338.43,10294.94,10305.27,450.47075199,DOJI,Neutral
2020-02-12 05:00:00,10305.48,10372.73,10284.2,10361.48,342.6752913,NO_PATTERN,NO_PATTERN
2020-02-12 06:00:00,10361.21,10379.49,10302.35,10359.17,495.53079278,HARAMI,Bear
2020-02-12 07:00:00,10358.6,10483.86,10340.0,10397.02,1044.16446733,ENGULFING,Bullish
2020-02-12 08:00:00,10393.57,10393.57,10250.0,10302.69,810.27568716,NO_PATTERN,NO_PATTERN
2020-02-12 09:00:00,10302.68,10303.63,10250.0,10279.51,351.22519573,NO_PATTERN,NO_PATTERN
2020-02-12 10:00:00,10279.51,10339.71,10253.83,10325.24,450.88899552,NO_PATTERN,NO_PATTERN
2020-02-12 11:00:00,10325.24,10391.31,10313.43,10364.49,251.96958142,NO_PATTERN,NO_PATTERN
2020-02-12 12:00:00,10365.0,10366.01,10315.33,10356.6,317.86480438,NO_PATTERN,NO_PATTERN
2020-02-12 13:00:00,10353.21,10408.0,10347.39,10403.12,467.73436019,ENGULFING,Bullish
2020-02-12 14:00:00,10403.12,10446.76,10310.0,10375.74,1319.59339075,NO_PATTERN,NO_PATTERN
2020-02-12 15:00:00,10375.74,10381.65,10264.69,10343.1,833.82376098,NO_PATTERN,NO_PATTERN
2020-02-12 16:00:00,10344.19,10397.0,10320.88,10370.7,540.53152597,NO_PATTERN,NO_PATTERN
2020-02-12 17:00:00,10370.7,10389.02,10336.59,10371.6,472.84312434,DOJI,Neutral
2020-02-12 18:00:00,10371.6,10374.13,10336.62,10355.82,345.06582502,NO_PATTERN,NO_PATTERN
2020-02-12 19:00:00,10355.82,10361.89,10330.02,10330.02,448.53493853000003,NO_PATTERN,NO_PATTERN
2020-02-12 20:00:00,10330.33,10405.0,10330.33,10395.6,659.17231705,NO_PATTERN,NO_PATTERN
2020-02-12 21:00:00,10392.99,10445.0,10340.01,10393.43,824.69767584,HARAMI,Bear
2020-02-12 22:00:00,10394.38,10400.0,10343.98,10359.9,313.27594477,ENGULFING,Bearish
2020-02-12 23:00:00,10359.9,10384.98,10335.01,10351.13,337.35357952,NO_PATTERN,NO_PATTERN
2020-02-13 00:00:00,10351.13,10400.0,10337.3,10398.24,457.76897534,NO_PATTERN,NO_PATTERN
2020-02-13 01:00:00,10398.0,10424.09,10360.87,10422.0,379.92222949,NO_PATTERN,NO_PATTERN
2020-02-13 02:00:00,10422.01,10455.0,10395.0,10428.06,766.24039355,DOJI,Neutral
2020-02-13 03:00:00,10429.98,10470.0,10397.3,10409.42,480.05916221,ENGULFING,Bearish
2020-02-13 04:00:00,10409.43,10440.0,10409.42,10416.99,362.22022286,NO_PATTERN,NO_PATTERN
2020-02-13 05:00:00,10417.0,10457.51,10417.0,10450.0,434.06156585,NO_PATTERN,NO_PATTERN
2020-02-13 06:00:00,10450.0,10480.0,10436.4,10476.79,499.70276688,NO_PATTERN,NO_PATTERN
2020-02-13 07:00:00,10476.88,10500.0,10342.55,10361.43,1013.51491963,3LINESTRIKE,Bull
2020-02-13 08:00:00,10359.94,10384.15,10155.0,10266.98,2274.39370068,NO_PATTERN,NO_PATTERN
2020-02-13 09:00:00,10267.0,10268.0,10094.83,10171.33,1309.899154,NO_PATTERN,NO_PATTERN
2020-02-13 10:00:00,10164.83,10205.0,10100.03,10165.18,362.38815201,DOJI,Neutral
2020-02-13 11:00:00,10165.18,10184.45,10083.1,10152.24,655.28707746,NO_PATTERN,NO_PATTERN
2020-02-13 12:00:00,10152.24,10228.5,10107.14,10209.39,455.6066776,NO_PATTERN,NO_PATTERN
2020-02-13 13:00:00,10209.4,10522.51,10180.0,10180.0,2221.67145738,NO_PATTERN,NO_PATTERN
2020-02-13 14:00:00,10187.93,10348.36,10143.44,10255.86,1558.29864267,NO_PATTERN,NO_PATTERN
2020-02-13 15:00:00,10255.86,10329.86,10200.0,10260.82,537.77113917,DOJI,Neutral
2020-02-13 16:00:00,10266.43,10297.27,10160.02,10165.03,625.39065056,ENGULFING,Bearish
2020-02-13 17:00:00,10164.9,10230.85,10132.72,10190.72,1085.99528476,NO_PATTERN,NO_PATTERN
2020-02-13 18:00:00,10189.01,10228.55,10182.0,10196.31,226.54333517999999,GRAVESTONEDOJI,Neutral
2020-02-13 19:00:00,10196.3,10268.32,10194.03,10249.99,314.25212313000003,NO_PATTERN,NO_PATTERN
2020-02-13 20:00:00,10249.99,10262.35,10202.88,10223.2,223.93001385,NO_PATTERN,NO_PATTERN
2020-02-13 21:00:00,10217.86,10219.15,10175.0,10180.94,311.71195006,NO_PATTERN,NO_PATTERN
2020-02-13 22:00:00,10180.99,10229.32,10177.5,10213.16,225.52218403999998,NO_PATTERN,NO_PATTERN
2020-02-13 23:00:00,10214.71,10252.02,10210.0,10236.49,264.04784817,NO_PATTERN,NO_PATTERN
2020-02-14 00:00:00,10236.49,10247.3,10177.04,10230.82,367.3469453,DOJI,Neutral
2020-02-14 01:00:00,10230.82,10284.02,10214.68,10235.04,379.60787185,DOJI,Neutral
2020-02-14 02:00:00,10235.03,10268.75,10227.57,10265.44,158.49688816,NO_PATTERN,NO_PATTERN
2020-02-14 03:00:00,10265.44,10283.25,10211.65,10261.21,298.8318597,DOJI,Neutral
2020-02-14 04:00:00,10261.21,10274.42,10196.46,10221.81,253.61760769,NO_PATTERN,NO_PATTERN
2020-02-14 05:00:00,10221.8,10230.69,10151.0,10158.66,219.82512644,NO_PATTERN,NO_PATTERN
2020-02-14 06:00:00,10157.67,10194.57,10134.0,10188.83,223.00183926,NO_PATTERN,NO_PATTERN
2020-02-14 07:00:00,10188.83,10200.0,10105.0,10109.97,256.03127722,NO_PATTERN,NO_PATTERN
2020-02-14 08:00:00,10112.2,10163.8,10102.5,10144.59,290.96494074,NO_PATTERN,NO_PATTERN
2020-02-14 09:00:00,10144.6,10200.0,10142.94,10200.0,132.18185674,NO_PATTERN,NO_PATTERN
2020-02-14 10:00:00,10200.0,10290.0,10182.16,10250.01,507.36181449000003,NO_PATTERN,NO_PATTERN
2020-02-14 11:00:00,10250.01,10275.0,10209.42,10265.14,157.39373352,NO_PATTERN,NO_PATTERN
2020-02-14 12:00:00,10266.95,10290.0,10232.25,10259.95,123.36362012000001,DOJI,Neutral
2020-02-14 13:00:00,10258.56,10268.22,10229.23,10247.22,200.06735461,NO_PATTERN,NO_PATTERN
2020-02-14 14:00:00,10247.21,10349.99,10215.84,10236.21,584.81699743,NO_PATTERN,NO_PATTERN
2020-02-14 15:00:00,10237.33,10301.77,10230.42,10259.0,477.39694324,NO_PATTERN,NO_PATTERN
2020-02-14 16:00:00,10259.0,10315.76,10250.8,10291.4,423.97408264,NO_PATTERN,NO_PATTERN
2020-02-14 17:00:00,10291.4,10300.44,10266.78,10293.09,367.28640693,DRAGONFLYDOJI,Neutral
2020-02-14 18:00:00,10293.09,10377.74,10293.09,10376.76,901.95785034,NO_PATTERN,NO_PATTERN
2020-02-14 19:00:00,10376.76,10395.66,10332.06,10362.04,435.45597834,NO_PATTERN,NO_PATTERN
2020-02-14 20:00:00,10362.03,10392.0,10359.77,10371.56,348.26569607,NO_PATTERN,NO_PATTERN
2020-02-14 21:00:00,10370.68,10393.88,10325.0,10347.34,306.87530908,NO_PATTERN,NO_PATTERN
2020-02-14 22:00:00,10347.34,10379.46,10301.07,10371.31,377.50368699,NO_PATTERN,NO_PATTERN
2020-02-14 23:00:00,10371.31,10373.39,10347.38,10371.33,215.86278079,DRAGONFLYDOJI,Neutral
2020-02-15 00:00:00,10371.33,10400.0,10315.0,10353.09,538.97947495,NO_PATTERN,NO_PATTERN
2020-02-15 01:00:00,10353.1,10370.0,10240.74,10262.91,854.3114552000001,NO_PATTERN,NO_PATTERN
2020-02-15 02:00:00,10262.59,10290.97,10230.0,10251.93,387.02809441,NO_PATTERN,NO_PATTERN
2020-02-15 03:00:00,10251.93,10300.0,10250.29,10281.9,192.71769398,NO_PATTERN,NO_PATTERN
2020-02-15 04:00:00,10281.89,10291.83,10266.0,10277.69,139.56012192,HARAMI,Bear
2020-02-15 05:00:00,10277.69,10278.15,10232.0,10232.4,173.22786715,NO_PATTERN,NO_PATTERN
2020-02-15 06:00:00,10232.39,10265.89,10203.42,10250.0,269.10063919,NO_PATTERN,NO_PATTERN
2020-02-15 07:00:00,10249.72,10249.73,10200.0,10234.63,221.24349061,NO_PATTERN,NO_PATTERN
2020-02-15 08:00:00,10232.86,10258.03,10228.21,10258.03,79.32220604,ENGULFING,Bullish
2020-02-15 09:00:00,10258.02,10271.91,10233.43,10267.52,86.44379861,NO_PATTERN,NO_PATTERN
2020-02-15 10:00:00,10267.52,10278.29,10244.0,10245.12,40.17133336,NO_PATTERN,NO_PATTERN
2020-02-15 11:00:00,10244.84,10251.0,10215.49,10233.26,101.22117213,NO_PATTERN,NO_PATTERN
2020-02-15 12:00:00,10233.25,10248.55,10205.25,10241.71,285.03202371000003,NO_PATTERN,NO_PATTERN
2020-02-15 13:00:00,10243.36,10246.24,10224.34,10228.62,94.74393075,ENGULFING,Bearish
2020-02-15 14:00:00,10228.61,10256.2,10228.61,10238.79,177.92367366,NO_PATTERN,NO_PATTERN
2020-02-15 15:00:00,10238.8,10242.15,9750.0,9976.77,3234.36152392,ENGULFING,Bearish
2020-02-15 16:00:00,9976.77,10098.66,9860.0,9897.0,2160.6692306,NO_PATTERN,NO_PATTERN
2020-02-15 17:00:00,9897.01,9945.0,9817.0,9835.29,765.82826022,NO_PATTERN,NO_PATTERN
2020-02-15 18:00:00,9838.3,9912.19,9801.81,9910.22,913.1543811500001,NO_PATTERN,NO_PATTERN
2020-02-15 19:00:00,9910.22,9932.41,9889.0,9890.59,342.14439556,NO_PATTERN,NO_PATTERN
2020-02-15 20:00:00,9890.59,9911.6,9879.78,9892.01,275.97069138,GRAVESTONEDOJI,Neutral
2020-02-15 21:00:00,9892.01,9926.54,9892.0,9924.41,232.69388172,NO_PATTERN,NO_PATTERN
2020-02-15 22:00:00,9924.4,9933.42,9916.5,9931.01,405.493291,DOJI,Neutral
2020-02-15 23:00:00,9931.01,9938.37,9886.01,9911.22,333.57378488,HAMMER,Neutral
2020-02-16 00:00:00,9911.22,9931.06,9856.12,9931.05,257.0406609,NO_PATTERN,NO_PATTERN
2020-02-16 01:00:00,9931.06,9939.65,9912.05,9931.26,153.34979643,DRAGONFLYDOJI,Neutral
2020-02-16 02:00:00,9931.27,10043.14,9925.0,10040.64,687.62217235,NO_PATTERN,NO_PATTERN
2020-02-16 03:00:00,10040.65,10048.34,9995.0,10006.98,297.90225557,NO_PATTERN,NO_PATTERN
2020-02-16 04:00:00,10006.93,10025.0,9980.0,10022.14,214.36156455,NO_PATTERN,NO_PATTERN
2020-02-16 05:00:00,10022.13,10025.0,9937.31,9955.13,310.71278867999996,NO_PATTERN,NO_PATTERN
2020-02-16 06:00:00,9955.53,9984.39,9950.01,9975.58,127.42812305999999,HARAMI,Bullish
2020-02-16 07:00:00,9975.57,9994.99,9966.36,9968.7,97.52566017,NO_PATTERN,NO_PATTERN
2020-02-16 08:00:00,9968.71,10019.17,9947.49,9993.9,234.52998442,NO_PATTERN,NO_PATTERN
2020-02-16 09:00:00,9993.9,10010.0,9970.06,9975.25,82.15444549,NO_PATTERN,NO_PATTERN
2020-02-16 10:00:00,9976.63,9987.52,9940.0,9943.86,173.25549696000002,NO_PATTERN,NO_PATTERN
2020-02-16 11:00:00,9943.86,9973.75,9912.0,9924.01,145.99071559,NO_PATTERN,NO_PATTERN
2020-02-16 12:00:00,9924.01,9952.34,9881.33,9923.8,204.54287159,DOJI,Neutral
2020-02-16 13:00:00,9923.8,9961.36,9862.5,9944.69,294.59307336,NO_PATTERN,NO_PATTERN
2020-02-16 14:00:00,9946.27,9991.04,9892.17,9902.51,312.73644005,ENGULFING,Bearish
2020-02-16 15:00:00,9902.51,9925.0,9832.05,9872.99,530.39776779,NO_PATTERN,NO_PATTERN
2020-02-16 16:00:00,9871.22,9924.38,9612.12,9725.02,2512.98052432,NO_PATTERN,NO_PATTERN
2020-02-16 17:00:00,9725.01,9800.0,9684.07,9760.65,904.1452529,NO_PATTERN,NO_PATTERN
2020-02-16 18:00:00,9760.52,9844.06,9760.44,9808.12,355.18515095,NO_PATTERN,NO_PATTERN
2020-02-16 19:00:00,9808.12,9808.12,9708.45,9759.99,322.84586129,NO_PATTERN,NO_PATTERN
2020-02-16 20:00:00,9760.0,9780.0,9732.22,9780.0,196.71045099,HARAMI,Bullish
2020-02-16 21:00:00,9780.01,9797.18,9755.74,9768.01,215.9035023,NO_PATTERN,NO_PATTERN
2020-02-16 22:00:00,9768.0,9879.76,9757.99,9879.76,223.93166539,ENGULFING,Bullish
2020-02-16 23:00:00,9879.77,10004.46,9870.0,9921.0,541.89041951,SHOOTINGSTAR,Neutral
2020-02-17 00:00:00,9920.52,9969.38,9861.0,9868.6,294.77636742,NO_PATTERN,NO_PATTERN
2020-02-17 01:00:00,9869.56,9913.96,9847.14,9863.56,240.67985337,DOJI,Neutral
2020-02-17 02:00:00,9862.52,9866.72,9803.27,9848.01,288.52786875,HAMMER,Neutral
2020-02-17 03:00:00,9849.79,9856.05,9777.67,9823.88,197.90171513,NO_PATTERN,NO_PATTERN
2020-02-17 04:00:00,9822.58,9822.58,9707.99,9757.79,570.26996244,NO_PATTERN,NO_PATTERN
2020-02-17 05:00:00,9757.78,9824.99,9757.55,9774.14,277.89418448,NO_PATTERN,NO_PATTERN
2020-02-17 06:00:00,9773.13,9841.38,9764.43,9785.84,222.90960285,NO_PATTERN,NO_PATTERN
2020-02-17 07:00:00,9785.84,9820.07,9760.01,9760.03,218.03920483,NO_PATTERN,NO_PATTERN
2020-02-17 08:00:00,9760.03,9820.0,9745.05,9813.33,190.19410678,NO_PATTERN,NO_PATTERN
2020-02-17 09:00:00,9813.33,9845.0,9796.12,9804.51,155.3862337,NO_PATTERN,NO_PATTERN
2020-02-17 10:00:00,9804.51,9804.51,9699.01,9727.14,418.5440889,NO_PATTERN,NO_PATTERN
2020-02-17 11:00:00,9727.16,9727.16,9580.89,9632.65,1030.33428018,NO_PATTERN,NO_PATTERN
2020-02-17 12:00:00,9634.45,9698.99,9566.74,9655.6,457.57363029,HARAMI,Bullish
2020-02-17 13:00:00,9656.21,9682.29,9533.72,9550.0,826.20043351,ENGULFING,Bearish
2020-02-17 14:00:00,9550.01,9626.8,9467.0,9603.58,1427.96332347,NO_PATTERN,NO_PATTERN
2020-02-17 15:00:00,9603.58,9679.62,9555.0,9655.64,547.09714208,NO_PATTERN,NO_PATTERN
2020-02-17 16:00:00,9655.75,9736.84,9630.7,9687.1,796.04517606,NO_PATTERN,NO_PATTERN
2020-02-17 17:00:00,9688.43,9709.75,9590.0,9651.73,525.60559709,ENGULFING,Bearish
2020-02-17 18:00:00,9651.73,9669.0,9597.66,9665.0,246.08061043,NO_PATTERN,NO_PATTERN
2020-02-17 19:00:00,9664.99,9690.0,9636.84,9684.2,183.54697021,NO_PATTERN,NO_PATTERN
2020-02-17 20:00:00,9684.2,9729.73,9631.28,9634.02,415.05288881,NO_PATTERN,NO_PATTERN
2020-02-17 21:00:00,9632.61,9677.76,9622.93,9646.02,177.57243534,NO_PATTERN,NO_PATTERN
2020-02-17 22:00:00,9646.01,9662.27,9621.6,9632.01,197.99157226,NO_PATTERN,NO_PATTERN
2020-02-17 23:00:00,9632.01,9724.17,9620.0,9700.0,225.53471583,NO_PATTERN,NO_PATTERN
2020-02-18 00:00:00,9700.0,9716.24,9635.84,9665.58,181.83654459,NO_PATTERN,NO_PATTERN
2020-02-18 01:00:00,9665.57,9758.11,9663.55,9725.53,439.84281016,ENGULFING,Bullish
2020-02-18 02:00:00,9725.53,9769.99,9710.27,9720.01,259.29560369,DOJI,Neutral
2020-02-18 03:00:00,9720.01,9756.68,9690.0,9733.51,271.85429049,NO_PATTERN,NO_PATTERN
2020-02-18 04:00:00,9733.51,9810.0,9725.18,9808.77,536.3247501,NO_PATTERN,NO_PATTERN
2020-02-18 05:00:00,9808.77,9818.6,9784.01,9797.19,309.80352027,NO_PATTERN,NO_PATTERN
2020-02-18 06:00:00,9797.19,9823.42,9764.05,9784.37,172.73497551,NO_PATTERN,NO_PATTERN
2020-02-18 07:00:00,9784.37,9821.62,9775.56,9807.5,182.91198503,NO_PATTERN,NO_PATTERN
2020-02-18 08:00:00,9807.5,9807.5,9760.0,9760.01,106.42175191,NO_PATTERN,NO_PATTERN
2020-02-18 09:00:00,9760.01,9760.47,9664.31,9703.01,308.03992133,NO_PATTERN,NO_PATTERN
2020-02-18 10:00:00,9704.49,9748.62,9657.07,9745.17,226.06998212000002,NO_PATTERN,NO_PATTERN
2020-02-18 11:00:00,9745.16,9760.54,9696.98,9723.0,123.26250623,HARAMI,Bearish
2020-02-18 12:00:00,9723.0,9723.0,9661.09,9679.65,213.85195486,NO_PATTERN,NO_PATTERN
2020-02-18 13:00:00,9679.74,9689.04,9610.27,9650.01,320.34012144999997,NO_PATTERN,NO_PATTERN
2020-02-18 14:00:00,9650.01,9737.37,9647.51,9715.69,286.4264269,NO_PATTERN,NO_PATTERN
2020-02-18 15:00:00,9717.33,9888.78,9717.33,9863.41,1047.26906081,NO_PATTERN,NO_PATTERN
2020-02-18 16:00:00,9863.62,9945.0,9851.89,9944.7,1016.02606177,NO_PATTERN,NO_PATTERN
2020-02-18 17:00:00,9944.7,9980.0,9907.0,9973.9,705.68092326,NO_PATTERN,NO_PATTERN
2020-02-18 18:00:00,9973.9,10070.0,9973.9,9999.05,1340.89788213,NO_PATTERN,NO_PATTERN
2020-02-18 19:00:00,9999.05,10071.91,9986.53,10069.18,402.45012138,NO_PATTERN,NO_PATTERN
2020-02-18 20:00:00,10069.18,10189.0,10065.0,10179.0,758.51744487,NO_PATTERN,NO_PATTERN
2020-02-18 21:00:00,10179.0,10289.75,10065.0,10171.4,1214.4895295000001,DOJI,Neutral
2020-02-18 22:00:00,10170.63,10199.38,10100.0,10190.92,315.8408021,ENGULFING,Bullish
2020-02-18 23:00:00,10190.91,10298.25,10164.53,10188.04,848.03937066,DOJI,Neutral
2020-02-19 00:00:00,10188.04,10205.05,10115.91,10130.01,424.45595158,NO_PATTERN,NO_PATTERN
2020-02-19 01:00:00,10130.0,10177.13,10129.99,10141.0,299.82705749,GRAVESTONEDOJI,Neutral
2020-02-19 02:00:00,10141.0,10189.94,10140.99,10175.0,254.06177328,NO_PATTERN,NO_PATTERN
2020-02-19 03:00:00,10175.0,10196.21,10149.56,10170.11,340.91915821,DOJI,Neutral
2020-02-19 04:00:00,10170.1,10184.05,10116.5,10131.91,504.88860192,NO_PATTERN,NO_PATTERN
2020-02-19 05:00:00,10131.92,10150.0,10112.28,10139.63,199.45318043,HARAMI,Bull
2020-02-19 06:00:00,10139.64,10139.64,10071.69,10092.66,219.84504549,ENGULFING,Bearish
2020-02-19 07:00:00,10092.65,10101.0,10061.68,10073.95,306.82116734,NO_PATTERN,NO_PATTERN
2020-02-19 08:00:00,10073.96,10178.32,10039.22,10178.32,400.38337599,MORNINGSTAR,Neutral
2020-02-19 09:00:00,10178.32,10178.32,10124.73,10136.0,185.54317238000002,NO_PATTERN,NO_PATTERN
2020-02-19 10:00:00,10135.99,10159.25,10096.01,10147.83,209.39315062,NO_PATTERN,NO_PATTERN
2020-02-19 11:00:00,10147.8,10238.95,10143.59,10236.41,253.43771694,NO_PATTERN,NO_PATTERN
2020-02-19 12:00:00,10232.42,10268.68,10068.0,10122.52,546.29942075,NO_PATTERN,NO_PATTERN
2020-02-19 13:00:00,10122.52,10167.25,10099.28,10134.67,212.61636905,NO_PATTERN,NO_PATTERN
2020-02-19 14:00:00,10134.66,10171.74,10125.0,10137.24,360.06500008,DOJI,Neutral
2020-02-19 15:00:00,10137.23,10160.47,10124.43,10136.94,301.4178843,DOJI,Neutral
2020-02-19 16:00:00,10136.94,10202.59,10111.7,10190.0,808.08024968,NO_PATTERN,NO_PATTERN
2020-02-19 17:00:00,10190.01,10315.0,10158.84,10187.77,1300.57031084,DOJI,Neutral
2020-02-19 18:00:00,10186.0,10219.13,10158.61,10212.05,420.2560251,ENGULFING,Bullish
2020-02-19 19:00:00,10212.05,10229.87,10163.23,10165.86,484.46658164,NO_PATTERN,NO_PATTERN
2020-02-19 20:00:00,10165.85,10171.39,10066.89,10166.92,828.90682933,HAMMER,Neutral
2020-02-19 21:00:00,10166.94,10172.28,9280.98,9625.42,5010.380934010001,ENGULFING,Bearish
2020-02-19 22:00:00,9625.43,9721.86,9525.02,9701.6,1635.04744257,HARAMI,Bullish
2020-02-19 23:00:00,9701.59,9701.6,9571.86,9600.08,1091.5615341,NO_PATTERN,NO_PATTERN
2020-02-20 00:00:00,9593.48,9653.1,9580.0,9624.97,636.32628192,NO_PATTERN,NO_PATTERN
2020-02-20 01:00:00,9624.43,9644.99,9600.29,9603.0,454.33766432,NO_PATTERN,NO_PATTERN
2020-02-20 02:00:00,9603.0,9610.09,9479.19,9582.14,1868.29734532,HAMMER,Neutral
2020-02-20 03:00:00,9582.13,9596.41,9542.96,9566.42,410.01249398,DRAGONFLYDOJI,Neutral
2020-02-20 04:00:00,9566.41,9593.03,9534.01,9574.45,295.40311502000003,DOJI,Neutral
2020-02-20 05:00:00,9574.45,9575.99,9530.01,9564.27,217.99140689,DRAGONFLYDOJI,Neutral
2020-02-20 06:00:00,9564.27,9620.0,9540.02,9615.0,370.58770115,NO_PATTERN,NO_PATTERN
2020-02-20 07:00:00,9615.0,9620.9,9585.8,9593.47,447.10702449,NO_PATTERN,NO_PATTERN
2020-02-20 08:00:00,9593.48,9605.22,9540.31,9582.25,299.07761634,NO_PATTERN,NO_PATTERN
2020-02-20 09:00:00,9581.13,9605.5,9545.98,9603.56,241.18894693,ENGULFING,Bullish
2020-02-20 10:00:00,9603.72,9639.27,9570.69,9603.68,358.64641144,DOJI,Neutral
2020-02-20 11:00:00,9603.68,9636.09,9558.99,9568.37,262.09042912,NO_PATTERN,NO_PATTERN
2020-02-20 12:00:00,9570.56,9603.44,9532.96,9565.13,331.64303433,DOJI,Neutral
2020-02-20 13:00:00,9565.14,9599.55,9528.43,9597.78,443.32323277,NO_PATTERN,NO_PATTERN
2020-02-20 14:00:00,9597.72,9625.21,9572.02,9605.02,569.2820252,NO_PATTERN,NO_PATTERN
2020-02-20 15:00:00,9605.02,9620.0,9560.79,9578.61,425.8138573,NO_PATTERN,NO_PATTERN
2020-02-20 16:00:00,9578.63,9698.1,9393.39,9646.96,1675.23935316,NO_PATTERN,NO_PATTERN
2020-02-20 17:00:00,9644.57,9661.32,9428.75,9508.08,923.61076512,NO_PATTERN,NO_PATTERN
2020-02-20 18:00:00,9508.09,9579.54,9455.5,9538.14,588.82726594,HARAMI,Bullish
2020-02-20 19:00:00,9536.83,9575.41,9526.58,9558.55,315.26791223,NO_PATTERN,NO_PATTERN
2020-02-20 20:00:00,9558.56,9592.0,9540.11,9587.99,243.20762283,NO_PATTERN,NO_PATTERN
2020-02-20 21:00:00,9588.58,9625.72,9564.43,9608.11,346.91401067,NO_PATTERN,NO_PATTERN
2020-02-20 22:00:00,9609.08,9673.41,9591.12,9624.05,378.27490365,NO_PATTERN,NO_PATTERN
2020-02-20 23:00:00,9624.05,9639.16,9591.11,9610.05,241.96977298000002,NO_PATTERN,NO_PATTERN
2020-02-21 00:00:00,9610.05,9616.79,9578.14,9605.97,194.25235172,DRAGONFLYDOJI,Neutral
2020-02-21 01:00:00,9605.97,9652.93,9589.1,9652.93,319.73446424,NO_PATTERN,NO_PATTERN
2020-02-21 02:00:00,9655.3,9674.06,9638.31,9658.15,292.83857711,DOJI,Neutral
2020-02-21 03:00:00,9657.32,9725.92,9624.42,9715.08,554.9011493,NO_PATTERN,NO_PATTERN
2020-02-21 04:00:00,9715.08,9747.78,9684.06,9702.87,357.43713017,NO_PATTERN,NO_PATTERN
2020-02-21 05:00:00,9702.86,9720.0,9664.68,9692.7,353.75492828,NO_PATTERN,NO_PATTERN
2020-02-21 06:00:00,9689.77,9711.2,9670.84,9682.86,120.94306112000001,NO_PATTERN,NO_PATTERN
2020-02-21 07:00:00,9682.85,9703.73,9663.59,9690.07,132.59331419,ENGULFING,Bullish
2020-02-21 08:00:00,9690.07,9705.0,9621.69,9649.33,215.39736966,NO_PATTERN,NO_PATTERN
2020-02-21 09:00:00,9642.32,9681.05,9627.18,9673.88,121.96248143,NO_PATTERN,NO_PATTERN
2020-02-21 10:00:00,9673.88,9729.0,9667.72,9692.47,143.88908368,NO_PATTERN,NO_PATTERN
2020-02-21 11:00:00,9693.22,9730.36,9693.22,9708.43,154.47558708,SHOOTINGSTAR,Neutral
2020-02-21 12:00:00,9707.14,9769.66,9705.88,9761.51,323.61055663999997,NO_PATTERN,NO_PATTERN
2020-02-21 13:00:00,9761.51,9763.14,9704.49,9745.51,432.45458414,NO_PATTERN,NO_PATTERN
2020-02-21 14:00:00,9745.51,9760.68,9680.01,9688.98,256.70410349,NO_PATTERN,NO_PATTERN
2020-02-21 15:00:00,9687.71,9745.74,9676.09,9742.95,336.58247697,NO_PATTERN,NO_PATTERN
2020-02-21 16:00:00,9742.94,9766.56,9703.0,9739.94,318.51999501,HARAMI,Bear
2020-02-21 17:00:00,9739.94,9740.0,9707.48,9724.01,154.69338792,NO_PATTERN,NO_PATTERN
2020-02-21 18:00:00,9724.01,9736.01,9711.89,9714.77,224.07993461,NO_PATTERN,NO_PATTERN
2020-02-21 19:00:00,9714.64,9730.0,9678.08,9695.82,236.53247754,NO_PATTERN,NO_PATTERN
2020-02-21 20:00:00,9695.28,9738.6,9566.98,9713.84,996.66024918,NO_PATTERN,NO_PATTERN
2020-02-21 21:00:00,9712.59,9719.14,9639.49,9675.2,288.31659129,NO_PATTERN,NO_PATTERN
2020-02-21 22:00:00,9675.17,9678.64,9649.56,9676.97,238.57169311,DRAGONFLYDOJI,Neutral
2020-02-21 23:00:00,9676.98,9728.26,9661.44,9695.66,289.11734703,NO_PATTERN,NO_PATTERN
2020-02-22 00:00:00,9695.66,9722.97,9676.46,9705.15,176.10426811,NO_PATTERN,NO_PATTERN
2020-02-22 01:00:00,9705.36,9706.14,9669.39,9669.4,162.61732237,3LINESTRIKE,Bull
2020-02-22 02:00:00,9669.4,9679.26,9650.38,9661.99,125.55129109,NO_PATTERN,NO_PATTERN
2020-02-22 03:00:00,9661.99,9693.6,9658.26,9676.21,146.56526119,NO_PATTERN,NO_PATTERN
2020-02-22 04:00:00,9676.21,9676.21,9627.03,9633.53,199.1891438,NO_PATTERN,NO_PATTERN
2020-02-22 05:00:00,9633.22,9660.84,9601.63,9629.23,165.25862886000002,DOJI,Neutral
2020-02-22 06:00:00,9629.23,9629.23,9575.01,9613.67,259.28183505,NO_PATTERN,NO_PATTERN
2020-02-22 07:00:00,9613.66,9629.74,9600.01,9609.69,88.213726,DOJI,Neutral
2020-02-22 08:00:00,9604.67,9673.42,9604.67,9648.42,72.26478973,3LINESTRIKE,Bear
2020-02-22 09:00:00,9648.42,9651.68,9604.0,9630.65,55.660349430000004,NO_PATTERN,NO_PATTERN
2020-02-22 10:00:00,9630.65,9655.14,9630.64,9641.66,56.48111244,NO_PATTERN,NO_PATTERN
2020-02-22 11:00:00,9641.66,9655.8,9630.1,9654.0,43.65618405,NO_PATTERN,NO_PATTERN
2020-02-22 12:00:00,9654.0,9685.23,9648.41,9662.34,77.24134537,NO_PATTERN,NO_PATTERN
2020-02-22 13:00:00,9662.33,9673.1,9652.41,9670.67,86.77767943,NO_PATTERN,NO_PATTERN
2020-02-22 14:00:00,9670.67,9687.65,9649.99,9662.24,109.92961101,NO_PATTERN,NO_PATTERN
2020-02-22 15:00:00,9661.27,9670.93,9626.62,9644.21,129.28861587,NO_PATTERN,NO_PATTERN
2020-02-22 16:00:00,9644.2,9665.47,9621.7,9657.99,158.82028785,NO_PATTERN,NO_PATTERN
2020-02-22 17:00:00,9657.99,9696.97,9650.01,9668.78,281.72270208000003,NO_PATTERN,NO_PATTERN
2020-02-22 18:00:00,9668.78,9681.42,9658.03,9680.01,124.87355842,NO_PATTERN,NO_PATTERN
2020-02-22 19:00:00,9680.0,9693.68,9679.99,9690.34,136.89764574,NO_PATTERN,NO_PATTERN
2020-02-22 20:00:00,9690.34,9709.99,9690.33,9700.01,220.26193055,NO_PATTERN,NO_PATTERN
2020-02-22 21:00:00,9700.01,9706.2,9692.63,9695.84,132.53885754,NO_PATTERN,NO_PATTERN
2020-02-22 22:00:00,9695.83,9695.84,9681.76,9682.96,133.86400968,NO_PATTERN,NO_PATTERN
2020-02-22 23:00:00,9681.85,9697.43,9664.0,9668.23,154.78592511,NO_PATTERN,NO_PATTERN
2020-02-23 00:00:00,9668.23,9698.4,9667.13,9694.23,89.20581768,NO_PATTERN,NO_PATTERN
2020-02-23 01:00:00,9694.23,9703.29,9677.83,9680.65,106.40839622,NO_PATTERN,NO_PATTERN
2020-02-23 02:00:00,9680.64,9701.76,9679.33,9700.46,116.49779405,ENGULFING,Bullish
2020-02-23 03:00:00,9700.46,9820.0,9695.8,9808.07,459.31720435,NO_PATTERN,NO_PATTERN
2020-02-23 04:00:00,9808.07,9949.0,9799.46,9877.53,1048.10926955,NO_PATTERN,NO_PATTERN
2020-02-23 05:00:00,9873.5,9921.0,9862.69,9900.01,283.48433193,NO_PATTERN,NO_PATTERN
2020-02-23 06:00:00,9900.0,9943.4,9897.72,9921.1,216.52446151,NO_PATTERN,NO_PATTERN
2020-02-23 07:00:00,9920.22,9934.64,9901.65,9913.91,156.27880507,NO_PATTERN,NO_PATTERN
2020-02-23 08:00:00,9913.91,9920.15,9901.58,9908.76,124.66951641,DOJI,Neutral
2020-02-23 09:00:00,9908.76,9940.98,9903.65,9914.73,168.64905479,NO_PATTERN,NO_PATTERN
2020-02-23 10:00:00,9914.73,10025.66,9874.55,9875.25,462.69184934,NO_PATTERN,NO_PATTERN
2020-02-23 11:00:00,9875.25,9906.29,9839.37,9859.46,281.80117306,NO_PATTERN,NO_PATTERN
2020-02-23 12:00:00,9859.55,9893.9,9843.34,9870.37,179.02540776,NO_PATTERN,NO_PATTERN
2020-02-23 13:00:00,9870.37,9918.73,9870.27,9892.52,189.76031704,NO_PATTERN,NO_PATTERN
2020-02-23 14:00:00,9892.51,9929.99,9880.0,9926.34,135.63570775,NO_PATTERN,NO_PATTERN
2020-02-23 15:00:00,9927.06,9929.99,9878.0,9893.05,180.76384458,NO_PATTERN,NO_PATTERN
2020-02-23 16:00:00,9891.78,9915.03,9877.01,9900.31,164.86869121,NO_PATTERN,NO_PATTERN
2020-02-23 17:00:00,9900.31,9918.16,9889.95,9900.72,135.65769607000001,DOJI,Neutral
2020-02-23 18:00:00,9900.71,9911.67,9892.6,9905.04,141.37851510000002,DOJI,Neutral
2020-02-23 19:00:00,9905.0,9922.72,9900.0,9905.01,145.90209778,GRAVESTONEDOJI,Neutral
2020-02-23 20:00:00,9905.01,9905.01,9870.17,9890.09,172.31334339,HAMMER,Neutral
2020-02-23 21:00:00,9890.88,9900.0,9884.04,9885.01,81.71156524999999,NO_PATTERN,NO_PATTERN
2020-02-23 22:00:00,9885.01,9936.81,9880.49,9936.25,141.89832578,NO_PATTERN,NO_PATTERN
2020-02-23 23:00:00,9937.47,10000.0,9914.18,9965.01,433.78530231999997,NO_PATTERN,NO_PATTERN
2020-02-24 00:00:00,9965.0,10030.0,9940.0,9974.74,483.56007996,NO_PATTERN,NO_PATTERN
2020-02-24 01:00:00,9974.74,9974.74,9900.0,9908.01,496.11423236999997,NO_PATTERN,NO_PATTERN
2020-02-24 02:00:00,9908.02,9941.21,9585.0,9756.19,1418.54334701,NO_PATTERN,NO_PATTERN
2020-02-24 03:00:00,9756.19,9804.99,9722.33,9772.98,419.69294294,NO_PATTERN,NO_PATTERN
2020-02-24 04:00:00,9772.98,9773.63,9733.94,9767.03,314.55251344,DRAGONFLYDOJI,Neutral
2020-02-24 05:00:00,9768.2,9773.62,9741.99,9772.63,100.73348582,DRAGONFLYDOJI,Neutral
2020-02-24 06:00:00,9769.5,9776.4,9723.0,9736.73,159.18642492,NO_PATTERN,NO_PATTERN
2020-02-24 07:00:00,9736.73,9763.87,9636.49,9753.05,527.43091209,NO_PATTERN,NO_PATTERN
2020-02-24 08:00:00,9756.97,9776.59,9747.09,9764.72,117.17413952,SHOOTINGSTAR,Neutral
2020-02-24 09:00:00,9766.18,9771.64,9700.25,9720.0,248.06479119,ENGULFING,Bearish
2020-02-24 10:00:00,9719.99,9757.31,9711.26,9755.86,104.39043948,NO_PATTERN,NO_PATTERN
2020-02-24 11:00:00,9755.95,9850.26,9676.22,9820.01,591.0460361,NO_PATTERN,NO_PATTERN
2020-02-24 12:00:00,9820.01,9847.63,9787.32,9800.0,159.00168707,NO_PATTERN,NO_PATTERN
2020-02-24 13:00:00,9798.7,9815.86,9745.0,9750.42,285.3416756,NO_PATTERN,NO_PATTERN
2020-02-24 14:00:00,9750.41,9830.77,9728.28,9738.02,626.42083272,NO_PATTERN,NO_PATTERN
2020-02-24 15:00:00,9739.35,9779.98,9669.69,9710.19,513.74763824,NO_PATTERN,NO_PATTERN
2020-02-24 16:00:00,9710.18,9735.13,9637.49,9653.19,743.33403507,NO_PATTERN,NO_PATTERN
2020-02-24 17:00:00,9653.19,9663.29,9577.0,9600.17,876.74100437,NO_PATTERN,NO_PATTERN
2020-02-24 18:00:00,9600.12,9601.95,9474.74,9580.45,1346.6949142,HAMMER,Neutral
2020-02-24 19:00:00,9580.45,9649.53,9561.13,9594.33,431.25245293,NO_PATTERN,NO_PATTERN
2020-02-24 20:00:00,9593.02,9640.0,9561.0,9592.42,366.51202794,DOJI,Neutral
2020-02-24 21:00:00,9592.38,9614.6,9560.0,9605.42,377.68953775,ENGULFING,Bullish
2020-02-24 22:00:00,9605.42,9647.49,9602.06,9640.0,195.19774856,NO_PATTERN,NO_PATTERN
2020-02-24 23:00:00,9640.0,9680.37,9610.79,9660.0,346.03721856,NO_PATTERN,NO_PATTERN
2020-02-25 00:00:00,9660.0,9669.99,9599.19,9617.35,178.77906234,NO_PATTERN,NO_PATTERN
2020-02-25 01:00:00,9617.34,9645.0,9580.0,9588.4,176.22534337,NO_PATTERN,NO_PATTERN
2020-02-25 02:00:00,9588.41,9621.0,9565.6,9610.28,261.72610404,HARAMI,Bullish
2020-02-25 03:00:00,9610.29,9624.44,9571.24,9583.36,184.5900686,ENGULFING,Bearish
2020-02-25 04:00:00,9583.36,9606.51,9560.0,9573.0,208.095626,NO_PATTERN,NO_PATTERN
2020-02-25 05:00:00,9573.0,9596.23,9532.51,9554.77,193.277261,NO_PATTERN,NO_PATTERN
2020-02-25 06:00:00,9554.77,9574.29,9503.29,9545.0,308.65205619,NO_PATTERN,NO_PATTERN
2020-02-25 07:00:00,9544.99,9544.99,9489.72,9520.86,222.09680756,NO_PATTERN,NO_PATTERN
2020-02-25 08:00:00,9520.86,9585.62,9502.19,9553.59,176.50772854,NO_PATTERN,NO_PATTERN
2020-02-25 09:00:00,9554.47,9599.99,9553.22,9568.43,74.28057449,SHOOTINGSTAR,Neutral
2020-02-25 10:00:00,9568.42,9579.98,9546.95,9559.04,49.20443644,NO_PATTERN,NO_PATTERN
2020-02-25 11:00:00,9559.04,9654.99,9493.54,9630.77,341.61943857,NO_PATTERN,NO_PATTERN
2020-02-25 12:00:00,9630.7,9681.56,9604.04,9619.42,162.17287096,HARAMI,Bearish
2020-02-25 13:00:00,9619.41,9624.0,9557.06,9575.01,183.62018018999999,NO_PATTERN,NO_PATTERN
2020-02-25 14:00:00,9575.0,9575.01,9351.16,9398.39,1750.72368596,NO_PATTERN,NO_PATTERN
2020-02-25 15:00:00,9398.41,9432.2,9355.0,9380.27,568.52914873,NO_PATTERN,NO_PATTERN
2020-02-25 16:00:00,9381.41,9457.98,9277.01,9301.71,977.47754618,NO_PATTERN,NO_PATTERN
2020-02-25 17:00:00,9301.72,9376.91,9265.0,9325.01,581.76595561,HARAMI,Bullish
2020-02-25 18:00:00,9325.01,9394.53,9315.0,9374.39,339.35330613,NO_PATTERN,NO_PATTERN
2020-02-25 19:00:00,9373.38,9373.38,9307.07,9343.13,604.04054693,HARAMI,Bearish
2020-02-25 20:00:00,9342.7,9368.62,9290.0,9316.13,496.29613805,NO_PATTERN,NO_PATTERN
2020-02-25 21:00:00,9316.13,9415.85,9230.0,9378.02,644.31674643,NO_PATTERN,NO_PATTERN
2020-02-25 22:00:00,9374.88,9425.0,9358.98,9389.21,288.92723924,NO_PATTERN,NO_PATTERN
2020-02-25 23:00:00,9389.21,9389.21,9296.09,9305.0,232.40819901999998,NO_PATTERN,NO_PATTERN
2020-02-26 00:00:00,9304.99,9375.36,9282.0,9304.69,337.08662677,DOJI,Neutral
2020-02-26 01:00:00,9304.69,9323.34,9190.0,9193.96,1067.94434792,NO_PATTERN,NO_PATTERN
2020-02-26 02:00:00,9193.95,9211.92,9092.92,9195.0,1835.48272371,DOJI,Neutral
2020-02-26 03:00:00,9195.0,9195.0,9094.45,9153.28,736.2128274300001,NO_PATTERN,NO_PATTERN
2020-02-26 04:00:00,9153.27,9166.46,9099.53,9166.42,481.25635602,NO_PATTERN,NO_PATTERN
2020-02-26 05:00:00,9166.41,9192.82,9127.0,9188.85,244.03695083,NO_PATTERN,NO_PATTERN
2020-02-26 06:00:00,9188.84,9210.85,9156.46,9208.0,267.13793629,NO_PATTERN,NO_PATTERN
2020-02-26 07:00:00,9207.94,9208.3,9125.0,9137.77,144.5856693,NO_PATTERN,NO_PATTERN
2020-02-26 08:00:00,9135.09,9214.16,9092.73,9181.35,257.24664467,NO_PATTERN,NO_PATTERN
2020-02-26 09:00:00,9181.34,9186.02,9101.14,9105.87,136.99082388,NO_PATTERN,NO_PATTERN
2020-02-26 10:00:00,9108.44,9172.21,9081.0,9161.83,296.12790311,NO_PATTERN,NO_PATTERN
2020-02-26 11:00:00,9159.95,9161.31,9110.0,9142.79,205.28942646,HARAMI,Bearish
2020-02-26 12:00:00,9142.8,9280.0,8992.74,9268.76,1944.3456627399999,NO_PATTERN,NO_PATTERN
2020-02-26 13:00:00,9268.76,9268.76,9033.67,9069.17,726.63388477,NO_PATTERN,NO_PATTERN
2020-02-26 14:00:00,9068.35,9110.99,8955.0,9027.97,1493.88725065,NO_PATTERN,NO_PATTERN
2020-02-26 15:00:00,9027.97,9040.85,8964.68,8981.01,814.08068327,NO_PATTERN,NO_PATTERN
2020-02-26 16:00:00,8981.22,9017.94,8602.0,8728.18,4620.24671518,NO_PATTERN,NO_PATTERN
2020-02-26 17:00:00,8728.18,8787.03,8647.02,8716.6,1655.57344612,DOJI,Neutral
2020-02-26 18:00:00,8717.51,8834.3,8708.13,8825.36,1194.99281294,NO_PATTERN,NO_PATTERN
2020-02-26 19:00:00,8825.36,8855.82,8774.14,8823.76,791.19152308,DOJI,Neutral
2020-02-26 20:00:00,8823.76,8850.0,8769.45,8795.22,742.51828146,NO_PATTERN,NO_PATTERN
2020-02-26 21:00:00,8795.22,8831.77,8739.99,8742.41,555.51983221,NO_PATTERN,NO_PATTERN
2020-02-26 22:00:00,8742.41,8830.66,8705.53,8780.97,547.01228165,NO_PATTERN,NO_PATTERN
2020-02-26 23:00:00,8780.37,8829.03,8775.88,8778.3,478.48393844000003,GRAVESTONEDOJI,Neutral
2020-02-27 00:00:00,8778.3,8780.0,8612.0,8639.12,1605.31275416,NO_PATTERN,NO_PATTERN
2020-02-27 01:00:00,8639.12,8710.0,8520.0,8684.27,1678.38366694,NO_PATTERN,NO_PATTERN
2020-02-27 02:00:00,8682.3,8735.47,8646.68,8691.61,590.37753934,DOJI,Neutral
2020-02-27 03:00:00,8691.61,8759.42,8640.0,8734.75,430.97880406999997,NO_PATTERN,NO_PATTERN
2020-02-27 04:00:00,8734.75,8746.38,8666.76,8712.3,327.88671539,NO_PATTERN,NO_PATTERN
2020-02-27 05:00:00,8709.82,8776.63,8704.11,8760.58,444.83426349,ENGULFING,Bullish
2020-02-27 06:00:00,8760.58,8816.97,8746.23,8807.63,410.62193485,NO_PATTERN,NO_PATTERN
2020-02-27 07:00:00,8807.63,8816.97,8759.78,8813.21,284.8736449,DRAGONFLYDOJI,Neutral
2020-02-27 08:00:00,8813.21,8850.0,8779.87,8788.17,302.75089209,NO_PATTERN,NO_PATTERN
2020-02-27 09:00:00,8787.61,8834.13,8739.11,8742.69,267.74166157,NO_PATTERN,NO_PATTERN
2020-02-27 10:00:00,8742.68,8820.0,8738.94,8812.87,352.33331469,ENGULFING,Bullish
2020-02-27 11:00:00,8812.86,8825.0,8782.8,8803.12,165.44712855,HARAMI,Bearish
2020-02-27 12:00:00,8803.12,8942.35,8742.39,8778.19,1025.87086266,NO_PATTERN,NO_PATTERN
2020-02-27 13:00:00,8778.19,8848.55,8750.61,8828.01,321.01065768,NO_PATTERN,NO_PATTERN
2020-02-27 14:00:00,8828.01,8885.36,8796.03,8859.3,638.37736794,NO_PATTERN,NO_PATTERN
2020-02-27 15:00:00,8859.29,8899.0,8827.31,8849.19,899.0323755100001,NO_PATTERN,NO_PATTERN
2020-02-27 16:00:00,8849.19,8972.92,8849.19,8938.87,1037.47346464,NO_PATTERN,NO_PATTERN
2020-02-27 17:00:00,8938.87,8949.99,8890.01,8918.4,524.25147009,NO_PATTERN,NO_PATTERN
2020-02-27 18:00:00,8918.4,8941.63,8872.87,8892.66,600.1149070499999,NO_PATTERN,NO_PATTERN
2020-02-27 19:00:00,8893.45,8921.81,8850.49,8910.01,336.29316244,NO_PATTERN,NO_PATTERN
2020-02-27 20:00:00,8910.01,8920.57,8867.9,8883.83,417.28591985,NO_PATTERN,NO_PATTERN
2020-02-27 21:00:00,8883.81,8896.07,8738.01,8755.43,889.94058208,NO_PATTERN,NO_PATTERN
2020-02-27 22:00:00,8755.43,8813.03,8667.69,8785.67,836.6931497100001,NO_PATTERN,NO_PATTERN
2020-02-27 23:00:00,8789.87,8818.91,8755.01,8812.49,363.19318764,NO_PATTERN,NO_PATTERN
2020-02-28 00:00:00,8814.9,8899.94,8784.2,8856.66,414.36362983,NO_PATTERN,NO_PATTERN
2020-02-28 01:00:00,8856.66,8899.0,8811.41,8894.27,308.32201759000003,NO_PATTERN,NO_PATTERN
2020-02-28 02:00:00,8894.27,8895.0,8847.82,8874.08,295.15008138,NO_PATTERN,NO_PATTERN
2020-02-28 03:00:00,8873.05,8890.48,8836.2,8839.69,345.85493055,NO_PATTERN,NO_PATTERN
2020-02-28 04:00:00,8839.69,8865.46,8814.42,8829.0,148.88207824,NO_PATTERN,NO_PATTERN
2020-02-28 05:00:00,8828.01,8833.12,8779.06,8786.54,301.69660892999997,NO_PATTERN,NO_PATTERN
2020-02-28 06:00:00,8786.53,8806.13,8765.86,8780.97,196.04164566,DOJI,Neutral
2020-02-28 07:00:00,8780.97,8786.52,8700.86,8728.69,470.26240001,NO_PATTERN,NO_PATTERN
2020-02-28 08:00:00,8728.68,8783.47,8700.4,8707.12,201.80713671,INVERTEDHAMMER,Neutral
2020-02-28 09:00:00,8707.34,8735.39,8572.19,8603.12,894.01903724,NO_PATTERN,NO_PATTERN
2020-02-28 10:00:00,8598.05,8649.93,8540.0,8585.0,818.90318704,NO_PATTERN,NO_PATTERN
2020-02-28 11:00:00,8585.0,8635.13,8556.15,8573.69,350.08988553,NO_PATTERN,NO_PATTERN
2020-02-28 12:00:00,8573.69,8591.92,8428.8,8513.24,1379.1414934,NO_PATTERN,NO_PATTERN
2020-02-28 13:00:00,8513.24,8690.0,8486.46,8660.01,745.6390804299999,NO_PATTERN,NO_PATTERN
2020-02-28 14:00:00,8660.01,8682.35,8555.55,8660.0,1000.93283244,DOJI,Neutral
2020-02-28 15:00:00,8658.49,8717.79,8621.0,8711.29,716.63261697,ENGULFING,Bullish
2020-02-28 16:00:00,8710.76,8728.99,8633.18,8636.78,753.96230104,NO_PATTERN,NO_PATTERN
2020-02-28 17:00:00,8636.78,8641.97,8488.13,8569.62,1172.17922852,NO_PATTERN,NO_PATTERN
2020-02-28 18:00:00,8569.61,8595.0,8515.17,8540.0,492.6510151,NO_PATTERN,NO_PATTERN
2020-02-28 19:00:00,8540.0,8599.63,8510.83,8570.0,431.89619052,NO_PATTERN,NO_PATTERN
2020-02-28 20:00:00,8570.0,8713.28,8565.91,8614.3,761.30351958,NO_PATTERN,NO_PATTERN
2020-02-28 21:00:00,8614.3,8696.02,8614.28,8667.24,293.94841876,NO_PATTERN,NO_PATTERN
2020-02-28 22:00:00,8669.24,8796.58,8669.21,8796.58,646.33213461,NO_PATTERN,NO_PATTERN
2020-02-28 23:00:00,8796.58,8813.12,8685.0,8708.89,475.59707242,NO_PATTERN,NO_PATTERN
2020-02-29 00:00:00,8708.61,8780.89,8705.18,8733.99,195.93747587,NO_PATTERN,NO_PATTERN
2020-02-29 01:00:00,8733.97,8747.69,8676.59,8689.9,179.61773992,NO_PATTERN,NO_PATTERN
2020-02-29 02:00:00,8689.9,8742.53,8685.84,8721.98,174.30643695,NO_PATTERN,NO_PATTERN
2020-02-29 03:00:00,8721.81,8747.98,8688.95,8731.8,166.59761104,DOJI,Neutral
2020-02-29 04:00:00,8731.81,8768.96,8731.81,8760.67,151.38704746,NO_PATTERN,NO_PATTERN
2020-02-29 05:00:00,8760.68,8780.97,8750.0,8779.68,112.67981781,NO_PATTERN,NO_PATTERN
2020-02-29 06:00:00,8779.67,8799.0,8716.71,8730.74,144.76371031,NO_PATTERN,NO_PATTERN
2020-02-29 07:00:00,8730.74,8775.0,8723.64,8768.37,114.58098708,NO_PATTERN,NO_PATTERN
2020-02-29 08:00:00,8768.05,8778.65,8735.61,8762.07,81.5098698,DOJI,Neutral
2020-02-29 09:00:00,8762.07,8762.63,8691.45,8702.33,161.8138543,NO_PATTERN,NO_PATTERN
2020-02-29 10:00:00,8702.33,8732.64,8635.14,8646.16,219.60480346999998,NO_PATTERN,NO_PATTERN
2020-02-29 11:00:00,8646.15,8719.01,8618.21,8708.54,138.83950204,ENGULFING,Bullish
2020-02-29 12:00:00,8708.53,8708.54,8658.62,8672.47,151.05633417,HARAMI,Bearish
2020-02-29 13:00:00,8674.26,8674.26,8617.76,8646.68,217.46228928,HAMMER,Neutral
2020-02-29 14:00:00,8646.68,8649.76,8580.96,8633.0,322.58872477,NO_PATTERN,NO_PATTERN
2020-02-29 15:00:00,8634.01,8687.62,8596.29,8661.73,176.35557963,NO_PATTERN,NO_PATTERN
2020-02-29 16:00:00,8661.73,8671.62,8609.96,8613.3,241.6844605,NO_PATTERN,NO_PATTERN
2020-02-29 17:00:00,8613.3,8665.0,8605.0,8665.0,467.18983108,NO_PATTERN,NO_PATTERN
2020-02-29 18:00:00,8663.64,8683.95,8645.79,8673.99,174.95584019999998,NO_PATTERN,NO_PATTERN
2020-02-29 19:00:00,8673.98,8675.0,8636.53,8675.0,454.59902095,DRAGONFLYDOJI,Neutral
2020-02-29 20:00:00,8675.0,8675.0,8644.21,8658.03,177.76442622000002,NO_PATTERN,NO_PATTERN
2020-02-29 21:00:00,8658.04,8664.64,8614.31,8634.27,184.73448601,NO_PATTERN,NO_PATTERN
2020-02-29 22:00:00,8634.27,8638.3,8593.12,8636.8,233.10522086,DRAGONFLYDOJI,Neutral
2020-02-29 23:00:00,8636.8,8651.25,8520.67,8525.07,479.72679485,NO_PATTERN,NO_PATTERN
2020-03-01 00:00:00,8523.33,8611.89,8508.96,8539.91,514.61942857,NO_PATTERN,NO_PATTERN
2020-03-01 01:00:00,8539.9,8649.0,8515.93,8640.16,391.01315512,NO_PATTERN,NO_PATTERN
2020-03-01 02:00:00,8640.85,8671.56,8614.12,8628.09,248.16905774,NO_PATTERN,NO_PATTERN
2020-03-01 03:00:00,8629.87,8657.86,8600.75,8611.38,266.84877074,NO_PATTERN,NO_PATTERN
2020-03-01 04:00:00,8611.38,8623.61,8555.67,8577.82,305.30760809,NO_PATTERN,NO_PATTERN
2020-03-01 05:00:00,8577.06,8591.4,8530.0,8588.26,199.96333572,NO_PATTERN,NO_PATTERN
2020-03-01 06:00:00,8588.25,8588.26,8512.07,8547.99,184.53935952,NO_PATTERN,NO_PATTERN
2020-03-01 07:00:00,8539.33,8560.4,8519.53,8537.91,197.66978767999998,DOJI,Neutral
2020-03-01 08:00:00,8536.94,8594.24,8520.4,8528.75,209.01916688,NO_PATTERN,NO_PATTERN
2020-03-01 09:00:00,8526.86,8593.61,8520.41,8537.79,177.73930467,ENGULFING,Bullish
2020-03-01 10:00:00,8537.79,8582.3,8537.79,8569.72,98.28039739,NO_PATTERN,NO_PATTERN
2020-03-01 11:00:00,8569.73,8650.0,8551.85,8647.93,103.20381405,NO_PATTERN,NO_PATTERN
2020-03-01 12:00:00,8647.94,8752.34,8547.85,8573.61,573.2210707300001,NO_PATTERN,NO_PATTERN
2020-03-01 13:00:00,8575.17,8624.02,8536.7,8611.85,295.07717074,NO_PATTERN,NO_PATTERN
2020-03-01 14:00:00,8611.85,8629.35,8555.0,8563.54,195.59937846,NO_PATTERN,NO_PATTERN
2020-03-01 15:00:00,8565.33,8601.41,8540.04,8550.57,205.03227828,NO_PATTERN,NO_PATTERN
2020-03-01 16:00:00,8548.31,8577.23,8450.0,8517.08,694.08055815,NO_PATTERN,NO_PATTERN
2020-03-01 17:00:00,8516.76,8521.89,8450.0,8492.93,416.7223623,NO_PATTERN,NO_PATTERN
2020-03-01 18:00:00,8494.36,8499.23,8436.46,8441.73,298.23881286,NO_PATTERN,NO_PATTERN
2020-03-01 19:00:00,8441.27,8566.75,8400.0,8533.54,636.26837941,ENGULFING,Bullish
2020-03-01 20:00:00,8533.54,8558.14,8478.0,8481.01,239.37485943,NO_PATTERN,NO_PATTERN
2020-03-01 21:00:00,8481.25,8525.0,8455.0,8514.82,328.34055084,HARAMI,Bullish
2020-03-01 22:00:00,8510.84,8561.21,8500.05,8548.38,266.15309827,NO_PATTERN,NO_PATTERN
2020-03-01 23:00:00,8548.83,8581.25,8520.23,8522.31,288.94723206000003,NO_PATTERN,NO_PATTERN
2020-03-02 00:00:00,8522.3,8561.13,8487.33,8545.84,293.22237726000003,NO_PATTERN,NO_PATTERN
2020-03-02 01:00:00,8546.63,8559.34,8504.49,8553.0,297.45285897,DRAGONFLYDOJI,Neutral
2020-03-02 02:00:00,8553.0,8649.95,8551.12,8621.36,630.65109506,NO_PATTERN,NO_PATTERN
2020-03-02 03:00:00,8621.37,8647.2,8600.7,8602.89,382.97151568,NO_PATTERN,NO_PATTERN
2020-03-02 04:00:00,8602.89,8645.0,8596.68,8643.88,413.10533524,NO_PATTERN,NO_PATTERN
2020-03-02 05:00:00,8642.65,8656.23,8616.95,8655.51,310.34830558,NO_PATTERN,NO_PATTERN
2020-03-02 06:00:00,8655.5,8693.35,8621.56,8621.57,454.20928728,NO_PATTERN,NO_PATTERN
2020-03-02 07:00:00,8621.57,8648.3,8591.22,8622.55,298.84904703,DOJI,Neutral
2020-03-02 08:00:00,8617.15,8665.67,8614.73,8661.69,141.08192502,NO_PATTERN,NO_PATTERN
2020-03-02 09:00:00,8661.69,8704.64,8651.08,8692.66,217.16474157,NO_PATTERN,NO_PATTERN
2020-03-02 10:00:00,8692.66,8764.08,8692.66,8722.86,320.40704571,NO_PATTERN,NO_PATTERN
2020-03-02 11:00:00,8722.85,8776.57,8711.91,8756.65,327.43886518,NO_PATTERN,NO_PATTERN
2020-03-02 12:00:00,8756.65,8771.99,8715.89,8755.53,282.71235425,DOJI,Neutral
2020-03-02 13:00:00,8755.53,8850.79,8755.52,8832.34,784.12465444,NO_PATTERN,NO_PATTERN
2020-03-02 14:00:00,8832.35,8888.0,8806.92,8812.96,621.05620614,NO_PATTERN,NO_PATTERN
2020-03-02 15:00:00,8814.94,8858.4,8772.57,8829.99,560.98865009,NO_PATTERN,NO_PATTERN
2020-03-02 16:00:00,8829.99,8881.42,8825.91,8866.9,541.30505185,NO_PATTERN,NO_PATTERN
2020-03-02 17:00:00,8866.88,8918.07,8859.68,8872.0,702.25121191,DOJI,Neutral
2020-03-02 18:00:00,8872.0,8900.0,8847.36,8869.17,315.88278508,DOJI,Neutral
2020-03-02 19:00:00,8870.65,8894.05,8832.0,8892.28,305.36035132,NO_PATTERN,NO_PATTERN
2020-03-02 20:00:00,8892.27,8894.23,8862.1,8894.16,425.14010638999997,DRAGONFLYDOJI,Neutral
2020-03-02 21:00:00,8894.16,8949.0,8893.34,8944.3,584.76037509,NO_PATTERN,NO_PATTERN
2020-03-02 22:00:00,8944.3,8973.45,8920.29,8920.3,579.96483989,NO_PATTERN,NO_PATTERN
2020-03-02 23:00:00,8920.3,8925.0,8885.06,8915.0,400.92169581999997,HAMMER,Neutral
2020-03-03 00:00:00,8919.21,8927.45,8824.99,8850.61,635.59500179,NO_PATTERN,NO_PATTERN
2020-03-03 01:00:00,8850.01,8870.0,8830.0,8830.01,232.01722664,NO_PATTERN,NO_PATTERN
2020-03-03 02:00:00,8830.0,8874.19,8815.0,8874.18,296.6272427,MORNINGSTAR,Neutral
2020-03-03 03:00:00,8874.19,8897.06,8858.32,8878.99,198.74116716,DOJI,Neutral
2020-03-03 04:00:00,8879.0,8879.0,8831.47,8847.86,182.15455934,EVENINGSTAR,Neutral
2020-03-03 05:00:00,8846.73,8861.77,8822.15,8856.17,264.28325558,NO_PATTERN,NO_PATTERN
2020-03-03 06:00:00,8856.17,8860.31,8777.2,8785.48,347.05295199,NO_PATTERN,NO_PATTERN
2020-03-03 07:00:00,8785.49,8787.59,8750.0,8758.72,335.70770522,NO_PATTERN,NO_PATTERN
2020-03-03 08:00:00,8756.83,8800.19,8737.8,8783.72,178.51610882999998,NO_PATTERN,NO_PATTERN
2020-03-03 09:00:00,8784.67,8828.96,8761.18,8828.95,115.52494911,NO_PATTERN,NO_PATTERN
2020-03-03 10:00:00,8828.95,8878.93,8810.01,8840.01,178.91224831,NO_PATTERN,NO_PATTERN
2020-03-03 11:00:00,8840.01,8883.54,8830.81,8878.5,160.43841546000002,NO_PATTERN,NO_PATTERN
2020-03-03 12:00:00,8878.5,8924.69,8780.0,8800.98,449.27400488,NO_PATTERN,NO_PATTERN
2020-03-03 13:00:00,8800.44,8814.18,8768.21,8811.3,301.34573194,NO_PATTERN,NO_PATTERN
2020-03-03 14:00:00,8811.3,8811.31,8713.84,8745.24,437.10878984,NO_PATTERN,NO_PATTERN
2020-03-03 15:00:00,8745.24,8897.0,8674.09,8757.79,1698.6427593,NO_PATTERN,NO_PATTERN
2020-03-03 16:00:00,8757.79,8787.94,8635.31,8700.37,782.13693245,NO_PATTERN,NO_PATTERN
2020-03-03 17:00:00,8700.37,8733.92,8685.38,8720.51,269.38385025,NO_PATTERN,NO_PATTERN
2020-03-03 18:00:00,8720.51,8730.22,8687.0,8717.03,679.16190779,DOJI,Neutral
2020-03-03 19:00:00,8717.03,8719.89,8670.91,8712.82,310.93546029,DRAGONFLYDOJI,Neutral
2020-03-03 20:00:00,8712.83,8723.15,8682.08,8707.78,371.84059347,DOJI,Neutral
2020-03-03 21:00:00,8707.77,8751.21,8703.5,8736.37,299.35848154,3LINESTRIKE,Bear
2020-03-03 22:00:00,8735.09,8796.55,8727.01,8780.32,222.66501413,NO_PATTERN,NO_PATTERN
2020-03-03 23:00:00,8780.32,8789.07,8745.64,8757.84,196.44232417,NO_PATTERN,NO_PATTERN
2020-03-04 00:00:00,8757.83,8785.0,8727.24,8776.59,220.5391833,NO_PATTERN,NO_PATTERN
2020-03-04 01:00:00,8776.58,8820.0,8776.58,8795.39,302.56039227,NO_PATTERN,NO_PATTERN
2020-03-04 02:00:00,8795.39,8833.41,8792.17,8808.74,223.85049046,NO_PATTERN,NO_PATTERN
2020-03-04 03:00:00,8809.21,8820.0,8778.81,8788.88,237.00223466,ENGULFING,Bearish
2020-03-04 04:00:00,8788.87,8838.32,8783.62,8829.33,194.479605,ENGULFING,Bullish
2020-03-04 05:00:00,8828.27,8847.0,8803.18,8841.71,296.94799069,NO_PATTERN,NO_PATTERN
2020-03-04 06:00:00,8841.7,8847.0,8779.4,8789.86,166.21864104,NO_PATTERN,NO_PATTERN
2020-03-04 07:00:00,8789.86,8830.88,8789.86,8818.42,115.14102644,NO_PATTERN,NO_PATTERN
2020-03-04 08:00:00,8818.4,8830.99,8795.29,8824.21,124.48056922,NO_PATTERN,NO_PATTERN
2020-03-04 09:00:00,8824.21,8824.21,8753.61,8754.68,132.56715038000002,NO_PATTERN,NO_PATTERN
2020-03-04 10:00:00,8753.69,8770.39,8732.46,8736.34,108.68391644,NO_PATTERN,NO_PATTERN
2020-03-04 11:00:00,8735.57,8753.99,8700.17,8721.34,205.93617384,NO_PATTERN,NO_PATTERN
2020-03-04 12:00:00,8721.34,8757.21,8706.53,8733.4,250.42071387,NO_PATTERN,NO_PATTERN
2020-03-04 13:00:00,8733.42,8763.82,8726.87,8762.84,148.29338628,NO_PATTERN,NO_PATTERN
2020-03-04 14:00:00,8760.0,8789.38,8716.43,8732.44,387.9162604,NO_PATTERN,NO_PATTERN
2020-03-04 15:00:00,8731.07,8769.92,8670.57,8706.93,514.46346681,NO_PATTERN,NO_PATTERN
2020-03-04 16:00:00,8706.93,8726.99,8680.04,8718.01,327.841685,NO_PATTERN,NO_PATTERN
2020-03-04 17:00:00,8718.01,8740.41,8713.92,8730.93,246.93447692,NO_PATTERN,NO_PATTERN
2020-03-04 18:00:00,8730.93,8741.45,8700.0,8724.65,245.9662544,NO_PATTERN,NO_PATTERN
2020-03-04 19:00:00,8728.07,8756.99,8719.95,8745.16,286.57092499,NO_PATTERN,NO_PATTERN
2020-03-04 20:00:00,8738.3,8739.2,8695.0,8709.0,323.60951633,NO_PATTERN,NO_PATTERN
2020-03-04 21:00:00,8709.0,8739.31,8697.92,8733.49,189.123265,NO_PATTERN,NO_PATTERN
2020-03-04 22:00:00,8733.49,8757.0,8729.01,8749.0,166.10322008,NO_PATTERN,NO_PATTERN
2020-03-04 23:00:00,8749.0,8770.0,8746.38,8760.66,262.56198738,NO_PATTERN,NO_PATTERN
2020-03-05 00:00:00,8759.99,8888.0,8759.99,8873.22,827.89047086,NO_PATTERN,NO_PATTERN
2020-03-05 01:00:00,8873.22,8891.4,8840.14,8883.38,325.9690343,NO_PATTERN,NO_PATTERN
2020-03-05 02:00:00,8883.37,8955.0,8866.58,8936.01,663.98913711,NO_PATTERN,NO_PATTERN
2020-03-05 03:00:00,8936.25,8958.11,8880.88,8884.79,486.03782062,NO_PATTERN,NO_PATTERN
2020-03-05 04:00:00,8885.02,8926.07,8875.06,8910.77,230.156514,HARAMI,Bullish
2020-03-05 05:00:00,8910.77,8952.36,8898.98,8937.43,226.80084736,NO_PATTERN,NO_PATTERN
2020-03-05 06:00:00,8937.42,8959.18,8913.13,8940.0,150.19440916,DOJI,Neutral
2020-03-05 07:00:00,8940.0,8944.21,8894.64,8907.53,249.66745464,NO_PATTERN,NO_PATTERN
2020-03-05 08:00:00,8907.53,8932.57,8903.72,8932.42,109.49095583,NO_PATTERN,NO_PATTERN
2020-03-05 09:00:00,8932.57,9097.51,8925.38,9089.61,990.6522927899999,NO_PATTERN,NO_PATTERN
2020-03-05 10:00:00,9089.6,9099.0,9058.54,9096.0,236.2385388,DRAGONFLYDOJI,Neutral
2020-03-05 11:00:00,9095.99,9125.67,9072.07,9110.0,340.27390514,NO_PATTERN,NO_PATTERN
2020-03-05 12:00:00,9109.99,9148.51,9083.85,9085.9,390.83261005,NO_PATTERN,NO_PATTERN
2020-03-05 13:00:00,9086.05,9100.36,9060.54,9095.95,312.47454686,HAMMER,Neutral
2020-03-05 14:00:00,9095.95,9108.61,9039.07,9041.07,429.85886047,NO_PATTERN,NO_PATTERN
2020-03-05 15:00:00,9041.07,9104.3,9035.02,9098.92,602.33630812,NO_PATTERN,NO_PATTERN
2020-03-05 16:00:00,9098.92,9132.68,9080.06,9101.33,587.55348027,DOJI,Neutral
2020-03-05 17:00:00,9101.33,9132.14,9080.05,9111.25,467.65957441,NO_PATTERN,NO_PATTERN
2020-03-05 18:00:00,9110.82,9135.0,9092.61,9130.0,485.47069409,NO_PATTERN,NO_PATTERN
2020-03-05 19:00:00,9129.44,9173.96,9107.89,9173.96,292.89439427,NO_PATTERN,NO_PATTERN
2020-03-05 20:00:00,9171.61,9174.24,9090.08,9127.74,522.04631261,NO_PATTERN,NO_PATTERN
2020-03-05 21:00:00,9129.94,9151.74,9110.73,9118.13,376.57748628,NO_PATTERN,NO_PATTERN
2020-03-05 22:00:00,9118.12,9124.46,9072.81,9073.85,298.31624953,NO_PATTERN,NO_PATTERN
2020-03-05 23:00:00,9073.85,9089.0,9044.82,9070.17,418.019281,DOJI,Neutral
2020-03-06 00:00:00,9070.18,9079.53,9000.01,9002.65,535.63497774,NO_PATTERN,NO_PATTERN
2020-03-06 01:00:00,9002.66,9050.08,9000.38,9029.02,285.51212713,HARAMI,Bullish
2020-03-06 02:00:00,9029.02,9102.64,9029.01,9064.95,290.01637539,NO_PATTERN,NO_PATTERN
2020-03-06 03:00:00,9064.94,9077.74,9042.35,9050.3,212.64660434,HARAMI,Bearish
2020-03-06 04:00:00,9050.3,9073.39,9027.01,9060.41,176.3114239,NO_PATTERN,NO_PATTERN
2020-03-06 05:00:00,9061.58,9128.87,9056.19,9123.73,286.18163946,NO_PATTERN,NO_PATTERN
2020-03-06 06:00:00,9123.72,9130.0,9105.0,9109.5,146.91262979,HARAMI,Bearish
2020-03-06 07:00:00,9109.49,9149.19,9106.37,9109.37,221.98850418,INVERTEDHAMMER,Neutral
2020-03-06 08:00:00,9110.88,9131.62,9087.28,9131.62,224.79295554,HAMMER,Neutral
2020-03-06 09:00:00,9130.19,9139.0,9115.0,9129.88,117.24797044,DOJI,Neutral
2020-03-06 10:00:00,9127.23,9164.91,9108.38,9158.17,258.78042166,ENGULFING,Bullish
2020-03-06 11:00:00,9158.16,9182.08,9138.19,9145.1,215.89169493,HARAMI,Bearish
2020-03-06 12:00:00,9145.1,9145.1,9109.66,9127.45,193.80154397,HAMMER,Neutral
2020-03-06 13:00:00,9127.45,9136.29,9066.01,9078.17,398.95786498,NO_PATTERN,NO_PATTERN
2020-03-06 14:00:00,9078.18,9118.52,9067.46,9088.57,258.98625566,HARAMI,Bullish
2020-03-06 15:00:00,9088.57,9103.77,9022.0,9024.28,543.56137569,NO_PATTERN,NO_PATTERN
2020-03-06 16:00:00,9024.28,9090.01,9024.28,9074.53,347.8838912,NO_PATTERN,NO_PATTERN
2020-03-06 17:00:00,9074.54,9099.51,9074.53,9090.49,213.623299,NO_PATTERN,NO_PATTERN
2020-03-06 18:00:00,9090.49,9097.53,9080.71,9084.22,166.21666173,NO_PATTERN,NO_PATTERN
2020-03-06 19:00:00,9084.22,9119.98,9079.9,9102.34,278.66176303,NO_PATTERN,NO_PATTERN
2020-03-06 20:00:00,9102.34,9126.57,9102.33,9118.83,216.84932947000001,NO_PATTERN,NO_PATTERN
2020-03-06 21:00:00,9118.83,9143.11,9118.82,9137.51,303.03784818,NO_PATTERN,NO_PATTERN
2020-03-06 22:00:00,9138.6,9140.62,9083.53,9128.19,238.26658670999998,NO_PATTERN,NO_PATTERN
2020-03-06 23:00:00,9128.19,9158.72,9113.92,9158.51,283.05038554,NO_PATTERN,NO_PATTERN
2020-03-07 00:00:00,9158.51,9170.05,9121.17,9146.26,203.08610047,NO_PATTERN,NO_PATTERN
2020-03-07 01:00:00,9144.69,9150.0,9101.64,9112.41,207.31361559,NO_PATTERN,NO_PATTERN
2020-03-07 02:00:00,9112.41,9128.12,9100.0,9121.31,180.14986102999998,NO_PATTERN,NO_PATTERN
2020-03-07 03:00:00,9121.3,9134.5,9107.87,9114.33,105.19839254,NO_PATTERN,NO_PATTERN
2020-03-07 04:00:00,9113.7,9129.85,9083.0,9093.42,146.78448068,NO_PATTERN,NO_PATTERN
2020-03-07 05:00:00,9093.42,9105.98,9082.66,9100.09,113.11885425,NO_PATTERN,NO_PATTERN
2020-03-07 06:00:00,9100.1,9119.21,9091.55,9093.0,112.96749168,ENGULFING,Bearish
2020-03-07 07:00:00,9093.0,9111.72,9066.72,9105.01,93.68156925,NO_PATTERN,NO_PATTERN
2020-03-07 08:00:00,9105.01,9130.0,9103.0,9124.54,77.58206483000001,NO_PATTERN,NO_PATTERN
2020-03-07 09:00:00,9124.67,9135.0,9110.63,9134.39,74.16521447,NO_PATTERN,NO_PATTERN
2020-03-07 10:00:00,9135.0,9140.0,9114.74,9115.99,71.03379197999999,EVENINGSTAR,Neutral
2020-03-07 11:00:00,9116.0,9122.84,9093.36,9115.26,83.55738823,DOJI,Neutral
2020-03-07 12:00:00,9115.26,9157.8,9100.52,9105.16,139.19597845,NO_PATTERN,NO_PATTERN
2020-03-07 13:00:00,9105.15,9127.44,9090.02,9103.96,109.9008985,DOJI,Neutral
2020-03-07 14:00:00,9104.29,9133.0,9099.62,9133.0,115.68234812,NO_PATTERN,NO_PATTERN
2020-03-07 15:00:00,9133.0,9140.06,9119.05,9136.43,139.9458555,NO_PATTERN,NO_PATTERN
2020-03-07 16:00:00,9136.43,9214.67,9036.0,9054.62,1131.23968236,NO_PATTERN,NO_PATTERN
2020-03-07 17:00:00,9054.62,9054.62,8910.0,8937.33,1197.94579807,NO_PATTERN,NO_PATTERN
2020-03-07 18:00:00,8937.33,8937.33,8850.47,8891.56,1001.66712305,NO_PATTERN,NO_PATTERN
2020-03-07 19:00:00,8890.51,8910.32,8867.74,8904.04,241.88306599,NO_PATTERN,NO_PATTERN
2020-03-07 20:00:00,8904.03,8907.02,8870.0,8890.48,221.25970180000002,NO_PATTERN,NO_PATTERN
2020-03-07 21:00:00,8890.42,8904.77,8879.9,8891.07,143.53682408,DOJI,Neutral
2020-03-07 22:00:00,8891.07,8925.0,8891.06,8920.42,243.17439635,NO_PATTERN,NO_PATTERN
2020-03-07 23:00:00,8921.33,8924.75,8875.69,8901.37,316.18658861,HAMMER,Neutral
2020-03-08 00:00:00,8901.36,8901.37,8730.0,8795.01,1026.04473119,NO_PATTERN,NO_PATTERN
2020-03-08 01:00:00,8795.01,8796.81,8757.49,8768.61,254.20360193,NO_PATTERN,NO_PATTERN
2020-03-08 02:00:00,8768.61,8781.75,8728.24,8731.75,430.98255359,NO_PATTERN,NO_PATTERN
2020-03-08 03:00:00,8731.75,8764.27,8717.0,8754.64,362.59503322,NO_PATTERN,NO_PATTERN
2020-03-08 04:00:00,8754.63,8763.4,8731.12,8749.01,142.00817337,DOJI,Neutral
2020-03-08 05:00:00,8749.01,8752.85,8729.12,8734.69,196.47728088,NO_PATTERN,NO_PATTERN
2020-03-08 06:00:00,8734.68,8739.1,8712.0,8733.82,233.69896442,HAMMER,Neutral
2020-03-08 07:00:00,8733.82,8760.0,8733.81,8750.49,95.93151047,NO_PATTERN,NO_PATTERN
2020-03-08 08:00:00,8750.49,8750.49,8729.83,8738.55,40.54234098,NO_PATTERN,NO_PATTERN
2020-03-08 09:00:00,8740.0,8754.72,8723.66,8726.75,37.59721661,NO_PATTERN,NO_PATTERN
2020-03-08 10:00:00,8726.75,8754.01,8690.0,8744.81,166.83200920000002,NO_PATTERN,NO_PATTERN
2020-03-08 11:00:00,8744.8,8760.76,8725.39,8753.7,99.43559451,NO_PATTERN,NO_PATTERN
2020-03-08 12:00:00,8753.74,8755.19,8660.0,8689.19,337.30571714,ENGULFING,Bearish
2020-03-08 13:00:00,8689.19,8702.8,8636.0,8667.42,583.66609359,NO_PATTERN,NO_PATTERN
2020-03-08 14:00:00,8667.42,8682.5,8570.0,8581.64,737.63014427,NO_PATTERN,NO_PATTERN
2020-03-08 15:00:00,8581.64,8608.95,8300.0,8403.91,3031.29556687,NO_PATTERN,NO_PATTERN
2020-03-08 16:00:00,8402.11,8403.84,8159.6,8290.99,3356.48286131,NO_PATTERN,NO_PATTERN
2020-03-08 17:00:00,8292.17,8366.39,8260.0,8322.72,978.90064281,HARAMI,Bullish
2020-03-08 18:00:00,8322.41,8328.64,8282.53,8302.37,496.64908383,NO_PATTERN,NO_PATTERN
2020-03-08 19:00:00,8302.37,8316.4,8276.93,8292.07,438.37148899,DOJI,Neutral
2020-03-08 20:00:00,8292.15,8318.91,8272.54,8272.69,336.46432365,NO_PATTERN,NO_PATTERN
2020-03-08 21:00:00,8272.57,8296.1,8220.0,8260.0,417.02722084,NO_PATTERN,NO_PATTERN
2020-03-08 22:00:00,8253.83,8280.0,8164.5,8167.12,909.97542788,NO_PATTERN,NO_PATTERN
2020-03-08 23:00:00,8167.09,8251.48,8002.2,8037.76,1877.38220215,NO_PATTERN,NO_PATTERN
2020-03-09 00:00:00,8037.73,8187.03,8012.04,8085.65,1435.22183461,NO_PATTERN,NO_PATTERN
2020-03-09 01:00:00,8086.46,8138.5,8042.79,8090.9,600.7889066,DOJI,Neutral
2020-03-09 02:00:00,8090.9,8099.24,8030.5,8031.63,547.29780569,NO_PATTERN,NO_PATTERN
2020-03-09 03:00:00,8030.4,8110.8,8000.7,8075.27,748.06473034,NO_PATTERN,NO_PATTERN
2020-03-09 04:00:00,8074.07,8075.1,7809.93,7862.57,2451.27975798,NO_PATTERN,NO_PATTERN
2020-03-09 05:00:00,7862.56,7974.99,7689.99,7937.13,1969.09572103,NO_PATTERN,NO_PATTERN
2020-03-09 06:00:00,7937.84,8011.51,7859.85,7886.09,660.0932609,NO_PATTERN,NO_PATTERN
2020-03-09 07:00:00,7891.73,7940.35,7886.9,7905.87,348.85705373,GRAVESTONEDOJI,Neutral
2020-03-09 08:00:00,7905.87,7997.77,7905.82,7982.94,416.19213385,NO_PATTERN,NO_PATTERN
2020-03-09 09:00:00,7982.95,7983.55,7895.0,7895.47,312.12444757000003,ENGULFING,Bearish
2020-03-09 10:00:00,7895.47,7936.32,7887.7,7896.17,281.47688538,GRAVESTONEDOJI,Neutral
2020-03-09 11:00:00,7896.17,7896.18,7768.83,7814.97,761.77210673,NO_PATTERN,NO_PATTERN
2020-03-09 12:00:00,7813.78,7925.6,7764.73,7884.0,2768.47577737,NO_PATTERN,NO_PATTERN
2020-03-09 13:00:00,7884.0,7896.43,7706.27,7801.99,1924.7103197699998,NO_PATTERN,NO_PATTERN
2020-03-09 14:00:00,7801.99,7846.89,7702.01,7719.79,1394.01343631,NO_PATTERN,NO_PATTERN
2020-03-09 15:00:00,7719.79,7770.11,7630.0,7770.1,2621.34438355,HAMMER,Neutral
2020-03-09 16:00:00,7769.3,7876.26,7693.66,7785.11,1458.0755962,NO_PATTERN,NO_PATTERN
2020-03-09 17:00:00,7785.11,7792.12,7704.33,7727.26,821.89539817,NO_PATTERN,NO_PATTERN
2020-03-09 18:00:00,7727.39,7779.38,7720.13,7748.6,559.73531838,HARAMI,Bullish
2020-03-09 19:00:00,7748.59,7884.99,7748.59,7844.44,885.74558354,NO_PATTERN,NO_PATTERN
2020-03-09 20:00:00,7844.44,7900.0,7789.84,7860.23,924.3625998900001,NO_PATTERN,NO_PATTERN
2020-03-09 21:00:00,7856.54,7882.66,7815.62,7835.24,415.62995236,NO_PATTERN,NO_PATTERN
2020-03-09 22:00:00,7834.95,7886.49,7831.43,7877.6,399.01574242,ENGULFING,Bullish
2020-03-09 23:00:00,7877.61,7945.5,7843.99,7934.52,685.50188551,NO_PATTERN,NO_PATTERN
2020-03-10 00:00:00,7934.56,7952.54,7893.03,7938.98,709.02629945,DOJI,Neutral
2020-03-10 01:00:00,7938.97,7968.25,7888.79,7899.99,567.86827478,EVENINGSTAR,Neutral
2020-03-10 02:00:00,7899.99,7925.82,7842.29,7855.35,431.77322888000003,NO_PATTERN,NO_PATTERN
2020-03-10 03:00:00,7853.45,7922.06,7852.2,7909.15,459.61547853,ENGULFING,Bullish
2020-03-10 04:00:00,7910.0,7964.57,7910.0,7932.01,916.61197471,SHOOTINGSTAR,Neutral
2020-03-10 05:00:00,7931.7,7952.5,7906.11,7935.86,195.65603055,DOJI,Neutral
2020-03-10 06:00:00,7935.85,7955.0,7915.63,7922.77,240.507318,NO_PATTERN,NO_PATTERN
2020-03-10 07:00:00,7920.94,7921.3,7869.52,7900.66,189.05766677,HAMMER,Neutral
2020-03-10 08:00:00,7900.66,7929.58,7892.5,7905.0,103.99597437999999,DOJI,Neutral
2020-03-10 09:00:00,7904.99,7905.5,7878.0,7889.88,129.66524282,NO_PATTERN,NO_PATTERN
2020-03-10 10:00:00,7889.88,8070.35,7882.64,8040.52,835.72824035,NO_PATTERN,NO_PATTERN
2020-03-10 11:00:00,8044.32,8118.83,8040.63,8070.91,712.61231188,SHOOTINGSTAR,Neutral
2020-03-10 12:00:00,8070.92,8156.52,8066.03,8144.17,736.00090168,NO_PATTERN,NO_PATTERN
2020-03-10 13:00:00,8144.09,8158.25,8025.01,8069.98,1152.41187799,NO_PATTERN,NO_PATTERN
2020-03-10 14:00:00,8069.98,8112.4,8032.54,8046.49,922.94334994,NO_PATTERN,NO_PATTERN
2020-03-10 15:00:00,8048.3,8048.3,7742.27,7765.96,2724.24950256,NO_PATTERN,NO_PATTERN
2020-03-10 16:00:00,7766.7,7853.85,7733.56,7846.33,875.32903631,NO_PATTERN,NO_PATTERN
2020-03-10 17:00:00,7846.32,7909.68,7822.51,7871.0,767.55219166,NO_PATTERN,NO_PATTERN
2020-03-10 18:00:00,7870.99,7894.46,7805.01,7870.42,722.14364547,DOJI,Neutral
2020-03-10 19:00:00,7870.04,7986.6,7851.07,7983.65,543.61504466,ENGULFING,Bullish
2020-03-10 20:00:00,7983.65,8040.64,7911.74,7998.57,1433.59149353,NO_PATTERN,NO_PATTERN
2020-03-10 21:00:00,7999.08,8039.66,7944.49,7968.31,589.10990875,ENGULFING,Bearish
2020-03-10 22:00:00,7968.26,8020.58,7941.04,7959.99,508.64889049,DOJI,Neutral
2020-03-10 23:00:00,7959.98,7959.98,7875.01,7894.68,687.13432197,NO_PATTERN,NO_PATTERN
2020-03-11 00:00:00,7894.68,7955.0,7860.11,7946.53,254.52245901999999,NO_PATTERN,NO_PATTERN
2020-03-11 01:00:00,7947.28,7967.48,7901.94,7930.23,220.66250929,NO_PATTERN,NO_PATTERN
2020-03-11 02:00:00,7930.23,7948.4,7891.84,7905.0,230.27359882,NO_PATTERN,NO_PATTERN
2020-03-11 03:00:00,7905.0,7943.74,7881.67,7924.03,359.94118054,NO_PATTERN,NO_PATTERN
2020-03-11 04:00:00,7924.03,7947.02,7901.82,7906.3,136.06593684,NO_PATTERN,NO_PATTERN
2020-03-11 05:00:00,7907.09,7916.76,7830.58,7855.0,370.17790309000003,NO_PATTERN,NO_PATTERN
2020-03-11 06:00:00,7854.99,7883.7,7830.0,7830.01,249.13381969,INVERTEDHAMMER,Neutral
2020-03-11 07:00:00,7830.01,7882.1,7825.0,7866.89,332.01951662,NO_PATTERN,NO_PATTERN
2020-03-11 08:00:00,7867.03,7926.77,7800.0,7834.91,503.37299513,NO_PATTERN,NO_PATTERN
2020-03-11 09:00:00,7834.9,7848.87,7810.57,7829.71,134.861465,DOJI,Neutral
2020-03-11 10:00:00,7829.99,7866.93,7765.29,7850.49,537.44327473,NO_PATTERN,NO_PATTERN
2020-03-11 11:00:00,7850.48,7871.19,7815.31,7831.84,149.27888457,NO_PATTERN,NO_PATTERN
2020-03-11 12:00:00,7831.83,7865.0,7811.96,7849.36,368.43277109999997,NO_PATTERN,NO_PATTERN
2020-03-11 13:00:00,7849.17,7902.17,7839.18,7856.3,494.05099802,NO_PATTERN,NO_PATTERN
2020-03-11 14:00:00,7856.29,7866.95,7785.98,7800.0,607.38680974,NO_PATTERN,NO_PATTERN
2020-03-11 15:00:00,7800.0,7828.99,7745.0,7781.06,977.96724543,NO_PATTERN,NO_PATTERN
2020-03-11 16:00:00,7783.57,7829.25,7755.53,7764.45,760.96144767,NO_PATTERN,NO_PATTERN
2020-03-11 17:00:00,7766.56,7769.87,7650.0,7670.87,1423.60732609,NO_PATTERN,NO_PATTERN
2020-03-11 18:00:00,7670.72,7815.76,7583.27,7797.19,2372.97545335,ENGULFING,Bullish
2020-03-11 19:00:00,7797.44,7848.01,7753.13,7832.07,656.32200841,NO_PATTERN,NO_PATTERN
2020-03-11 20:00:00,7832.06,7875.0,7825.01,7859.41,515.28331328,NO_PATTERN,NO_PATTERN
2020-03-11 21:00:00,7862.0,7871.6,7800.0,7806.82,739.7287819,ENGULFING,Bearish
2020-03-11 22:00:00,7806.87,7987.97,7806.5,7954.43,828.4295759299999,NO_PATTERN,NO_PATTERN
2020-03-11 23:00:00,7958.7,7980.0,7912.86,7938.05,378.8089076,NO_PATTERN,NO_PATTERN
2020-03-12 00:00:00,7938.05,7969.45,7900.01,7923.44,383.79400746,NO_PATTERN,NO_PATTERN
2020-03-12 01:00:00,7923.44,7944.34,7686.1,7708.81,1204.27723938,NO_PATTERN,NO_PATTERN
2020-03-12 02:00:00,7708.81,7754.83,7558.17,7622.09,2530.50069808,NO_PATTERN,NO_PATTERN
2020-03-12 03:00:00,7623.59,7697.92,7585.0,7659.1,881.55077829,HARAMI,Bullish
2020-03-12 04:00:00,7659.09,7659.1,7538.0,7614.42,1216.76643526,HAMMER,Neutral
2020-03-12 05:00:00,7614.43,7643.46,7581.14,7639.24,556.9088998,NO_PATTERN,NO_PATTERN
2020-03-12 06:00:00,7639.24,7642.08,7450.0,7492.77,1643.61548283,NO_PATTERN,NO_PATTERN
2020-03-12 07:00:00,7494.43,7494.44,7350.0,7386.84,2442.68024897,NO_PATTERN,NO_PATTERN
2020-03-12 08:00:00,7386.84,7463.79,7306.05,7373.08,1597.7834693,DOJI,Neutral
2020-03-12 09:00:00,7373.08,7382.16,7331.49,7346.44,724.35458485,NO_PATTERN,NO_PATTERN
2020-03-12 10:00:00,7349.65,7360.9,5578.0,6099.97,11754.71326668,NO_PATTERN,NO_PATTERN
2020-03-12 11:00:00,6099.97,6740.0,5776.71,6080.0,10803.28179358,DOJI,Neutral
2020-03-12 12:00:00,6080.0,6345.0,5875.0,6064.58,9182.11544194,DOJI,Neutral
2020-03-12 13:00:00,6064.57,6105.17,5710.0,5973.03,7972.09933044,NO_PATTERN,NO_PATTERN
2020-03-12 14:00:00,5973.85,6231.6,5866.23,6095.03,9238.42010986,NO_PATTERN,NO_PATTERN
2020-03-12 15:00:00,6095.04,6159.0,6032.67,6134.04,4478.52292197,DRAGONFLYDOJI,Neutral
2020-03-12 16:00:00,6136.86,6200.0,5950.0,6095.09,3635.46351556,DOJI,Neutral
2020-03-12 17:00:00,6086.94,6250.99,6067.11,6110.62,3488.19199474,GRAVESTONEDOJI,Neutral
2020-03-12 18:00:00,6110.62,6164.71,5975.99,5990.17,2325.19905016,NO_PATTERN,NO_PATTERN
2020-03-12 19:00:00,5987.76,6091.0,5975.98,6037.44,1368.95508219,NO_PATTERN,NO_PATTERN
2020-03-12 20:00:00,6035.3,6061.94,5590.02,5707.06,6004.89626113,NO_PATTERN,NO_PATTERN
2020-03-12 21:00:00,5710.34,5870.54,5555.65,5805.8,5075.15003003,NO_PATTERN,NO_PATTERN
2020-03-12 22:00:00,5805.8,5940.0,5717.1,5802.24,5634.38572443,DOJI,Neutral
2020-03-12 23:00:00,5800.95,5800.96,4644.0,4857.1,19591.57608958,NO_PATTERN,NO_PATTERN
2020-03-13 00:00:00,4857.1,5098.99,4409.56,4660.81,12545.499205,NO_PATTERN,NO_PATTERN
2020-03-13 01:00:00,4677.57,4842.99,4130.0,4209.51,8587.18512965,NO_PATTERN,NO_PATTERN
2020-03-13 02:00:00,4199.47,5750.0,3858.0,5137.23,19200.84429385,ENGULFING,Bullish
2020-03-13 03:00:00,5111.72,5858.0,5054.68,5380.63,9488.64455496,NO_PATTERN,NO_PATTERN
2020-03-13 04:00:00,5380.66,5490.0,4696.55,4849.65,5953.85762718,ENGULFING,Bearish
2020-03-13 05:00:00,4849.65,5269.0,4822.15,4968.99,4242.95660055,NO_PATTERN,NO_PATTERN
2020-03-13 06:00:00,4958.82,5259.83,4858.0,5256.01,3119.47061877,NO_PATTERN,NO_PATTERN
2020-03-13 07:00:00,5253.66,5496.4,5067.81,5449.03,2939.74145171,NO_PATTERN,NO_PATTERN
2020-03-13 08:00:00,5431.38,5699.0,5238.71,5360.85,3159.13574328,DOJI,Neutral
2020-03-13 09:00:00,5349.72,5858.0,5337.93,5785.09,2380.63546837,ENGULFING,Bullish
2020-03-13 10:00:00,5784.86,5811.84,5520.01,5638.83,2036.7732635300001,HARAMI,Bearish
2020-03-13 11:00:00,5640.0,5671.74,5326.16,5448.32,2801.27480452,NO_PATTERN,NO_PATTERN
2020-03-13 12:00:00,5447.97,5770.0,5413.46,5629.94,3333.91667455,NO_PATTERN,NO_PATTERN
2020-03-13 13:00:00,5621.5,5995.0,5540.0,5655.46,5831.7630876,DOJI,Neutral
2020-03-13 14:00:00,5655.46,5882.83,5329.35,5447.33,5416.71169217,NO_PATTERN,NO_PATTERN
2020-03-13 15:00:00,5447.34,5498.0,4924.97,5245.28,7438.38603036,NO_PATTERN,NO_PATTERN
2020-03-13 16:00:00,5239.35,5449.99,5061.45,5210.93,4455.02470684,DOJI,Neutral
2020-03-13 17:00:00,5221.7,5337.32,5127.9,5215.86,2511.48378497,DOJI,Neutral
2020-03-13 18:00:00,5215.77,5217.9,4860.0,5006.34,5676.65842911,NO_PATTERN,NO_PATTERN
2020-03-13 19:00:00,5011.96,5577.86,4905.0,5449.82,6554.50329136,NO_PATTERN,NO_PATTERN
2020-03-13 20:00:00,5442.2,5584.86,5320.62,5438.42,5380.47181795,HARAMI,Bear
2020-03-13 21:00:00,5443.33,5685.0,5427.34,5567.21,2402.2775814,NO_PATTERN,NO_PATTERN
2020-03-13 22:00:00,5567.22,5700.0,5527.23,5676.11,1746.20883629,NO_PATTERN,NO_PATTERN
2020-03-13 23:00:00,5671.57,5790.0,5508.79,5637.6,2758.24679433,DOJI,Neutral
2020-03-14 00:00:00,5630.93,5639.71,5445.49,5497.97,2221.67812723,NO_PATTERN,NO_PATTERN
2020-03-14 01:00:00,5496.08,5559.0,5360.55,5529.14,1772.9856866,HAMMER,Neutral
2020-03-14 02:00:00,5529.14,5606.14,5425.38,5586.76,1608.63029639,NO_PATTERN,NO_PATTERN
2020-03-14 03:00:00,5586.76,5669.0,5559.33,5605.63,1495.0540682,GRAVESTONEDOJI,Neutral
2020-03-14 04:00:00,5605.62,5605.62,5461.75,5539.67,1218.11825261,HAMMER,Neutral
2020-03-14 05:00:00,5536.35,5579.96,5450.58,5464.04,680.65367362,NO_PATTERN,NO_PATTERN
2020-03-14 06:00:00,5462.91,5499.96,5430.0,5457.81,708.2261849,DOJI,Neutral
2020-03-14 07:00:00,5456.31,5546.47,5433.0,5537.19,414.50965634,ENGULFING,Bullish
2020-03-14 08:00:00,5537.19,5537.2,5300.0,5381.12,892.2877049,NO_PATTERN,NO_PATTERN
2020-03-14 09:00:00,5383.68,5394.47,5225.01,5258.14,632.8837656000001,NO_PATTERN,NO_PATTERN
2020-03-14 10:00:00,5258.14,5443.66,5214.47,5423.19,854.03239224,NO_PATTERN,NO_PATTERN
2020-03-14 11:00:00,5419.14,5553.4,5390.34,5501.04,953.07622399,NO_PATTERN,NO_PATTERN
2020-03-14 12:00:00,5495.33,5495.33,5332.86,5457.65,912.6223588199999,HARAMI,Bearish
2020-03-14 13:00:00,5457.47,5485.47,5287.0,5316.88,952.42079695,NO_PATTERN,NO_PATTERN
2020-03-14 14:00:00,5316.73,5427.22,5301.5,5390.06,977.9951034000001,NO_PATTERN,NO_PATTERN
2020-03-14 15:00:00,5392.25,5443.15,5313.59,5323.84,1494.76786739,NO_PATTERN,NO_PATTERN
2020-03-14 16:00:00,5323.76,5487.1,5262.38,5403.21,2024.57110611,ENGULFING,Bullish
2020-03-14 17:00:00,5403.06,5422.73,5353.7,5411.3,798.86667877,DRAGONFLYDOJI,Neutral
2020-03-14 18:00:00,5411.3,5514.45,5395.17,5462.48,1676.6613531100002,NO_PATTERN,NO_PATTERN
2020-03-14 19:00:00,5462.49,5504.33,5395.01,5400.0,1202.78542894,ENGULFING,Bearish
2020-03-14 20:00:00,5400.0,5439.41,5285.09,5333.2,1704.24826747,NO_PATTERN,NO_PATTERN
2020-03-14 21:00:00,5336.22,5355.41,5266.96,5295.51,1052.23325477,NO_PATTERN,NO_PATTERN
2020-03-14 22:00:00,5295.35,5332.54,5175.78,5262.63,1989.5075865200001,NO_PATTERN,NO_PATTERN
2020-03-14 23:00:00,5269.47,5269.47,5050.0,5165.25,4468.2815523399995,NO_PATTERN,NO_PATTERN
2020-03-15 00:00:00,5161.16,5267.6,5086.56,5194.3,1925.08109969,NO_PATTERN,NO_PATTERN
2020-03-15 01:00:00,5193.84,5222.24,5085.91,5138.84,2121.0753844700002,NO_PATTERN,NO_PATTERN
2020-03-15 02:00:00,5138.84,5215.82,5100.06,5187.99,1459.48183641,NO_PATTERN,NO_PATTERN
2020-03-15 03:00:00,5187.99,5205.57,5150.0,5168.75,858.028514,NO_PATTERN,NO_PATTERN
2020-03-15 04:00:00,5170.02,5270.0,5170.02,5238.33,1196.93325117,NO_PATTERN,NO_PATTERN
2020-03-15 05:00:00,5244.22,5269.52,5125.0,5238.96,1057.81096233,DOJI,Neutral
2020-03-15 06:00:00,5239.45,5290.0,5237.4,5284.94,445.58561864,NO_PATTERN,NO_PATTERN
2020-03-15 07:00:00,5281.91,5313.0,5226.04,5262.35,490.8114494,NO_PATTERN,NO_PATTERN
2020-03-15 08:00:00,5263.05,5263.4,5211.6,5227.17,360.4584112,NO_PATTERN,NO_PATTERN
2020-03-15 09:00:00,5225.72,5259.83,5207.84,5237.71,111.69754207,NO_PATTERN,NO_PATTERN
2020-03-15 10:00:00,5237.67,5479.0,5229.8,5434.58,1182.31449536,NO_PATTERN,NO_PATTERN
2020-03-15 11:00:00,5434.34,5456.82,5385.0,5431.48,405.19130617,HARAMI,Bear
2020-03-15 12:00:00,5431.48,5582.62,5250.0,5300.61,2095.74214791,NO_PATTERN,NO_PATTERN
2020-03-15 13:00:00,5298.76,5365.3,5291.88,5327.99,395.56416828,NO_PATTERN,NO_PATTERN
2020-03-15 14:00:00,5327.99,5348.27,5220.87,5297.81,1381.21161361,NO_PATTERN,NO_PATTERN
2020-03-15 15:00:00,5296.0,5350.0,5277.0,5312.45,692.0717466,NO_PATTERN,NO_PATTERN
2020-03-15 16:00:00,5313.54,5339.99,5237.46,5270.0,2096.65185404,ENGULFING,Bearish
2020-03-15 17:00:00,5269.99,5380.0,5269.99,5288.87,1242.69790248,NO_PATTERN,NO_PATTERN
2020-03-15 18:00:00,5288.86,5327.0,5265.28,5299.38,1077.02208242,DOJI,Neutral
2020-03-15 19:00:00,5299.37,5364.0,5284.37,5304.63,779.07160312,DOJI,Neutral
2020-03-15 20:00:00,5303.24,5315.71,5163.16,5174.99,1419.33037527,NO_PATTERN,NO_PATTERN
2020-03-15 21:00:00,5174.99,5985.0,5173.23,5933.68,8807.31972691,NO_PATTERN,NO_PATTERN
2020-03-15 22:00:00,5933.68,5935.0,5265.0,5348.9,9923.09684224,NO_PATTERN,NO_PATTERN
2020-03-15 23:00:00,5347.08,5440.57,5305.28,5345.35,2226.81157783,DOJI,Neutral
2020-03-16 00:00:00,5346.86,5350.3,5178.65,5235.85,2517.62841854,NO_PATTERN,NO_PATTERN
2020-03-16 01:00:00,5235.86,5293.68,5198.0,5288.55,1560.3055306200001,NO_PATTERN,NO_PATTERN
2020-03-16 02:00:00,5288.56,5350.0,5274.86,5323.87,1101.00121437,NO_PATTERN,NO_PATTERN
2020-03-16 03:00:00,5324.7,5324.71,5236.0,5260.57,1179.4956093399999,ENGULFING,Bearish
2020-03-16 04:00:00,5259.1,5291.0,5216.22,5226.87,754.40561287,NO_PATTERN,NO_PATTERN
2020-03-16 05:00:00,5228.21,5263.79,5125.0,5147.68,1464.17449094,NO_PATTERN,NO_PATTERN
2020-03-16 06:00:00,5147.67,5147.67,4896.9,5015.33,5390.28530802,NO_PATTERN,NO_PATTERN
2020-03-16 07:00:00,5009.52,5013.58,4773.0,4774.67,3861.80012972,NO_PATTERN,NO_PATTERN
2020-03-16 08:00:00,4774.68,4929.99,4770.01,4897.17,1733.52339264,HARAMI,Bullish
2020-03-16 09:00:00,4895.16,4898.83,4793.61,4809.55,1112.98605641,NO_PATTERN,NO_PATTERN
2020-03-16 10:00:00,4810.61,4813.63,4432.3,4441.85,7199.1212091,NO_PATTERN,NO_PATTERN
2020-03-16 11:00:00,4444.33,4615.82,4433.14,4572.65,2668.11357577,NO_PATTERN,NO_PATTERN
2020-03-16 12:00:00,4570.08,4950.0,4544.46,4770.67,5863.77958624,NO_PATTERN,NO_PATTERN
2020-03-16 13:00:00,4768.94,4924.79,4502.78,4847.28,7751.42588297,NO_PATTERN,NO_PATTERN
2020-03-16 14:00:00,4845.5,5123.0,4767.15,4940.35,7529.26055423,NO_PATTERN,NO_PATTERN
2020-03-16 15:00:00,4941.24,5173.25,4922.26,5153.43,4581.41683043,NO_PATTERN,NO_PATTERN
2020-03-16 16:00:00,5153.3,5214.2,4971.05,5021.34,3805.33120163,HARAMI,Bearish
2020-03-16 17:00:00,5017.57,5098.0,5000.38,5085.01,2538.51864954,NO_PATTERN,NO_PATTERN
2020-03-16 18:00:00,5085.0,5162.33,5030.94,5133.27,1940.0210765900001,NO_PATTERN,NO_PATTERN
2020-03-16 19:00:00,5125.27,5147.99,4835.0,4950.39,4952.5357146900005,NO_PATTERN,NO_PATTERN
2020-03-16 20:00:00,4948.08,5050.0,4830.0,4905.2,4462.30070256,NO_PATTERN,NO_PATTERN
2020-03-16 21:00:00,4909.2,5006.44,4861.81,4984.49,1292.02355678,NO_PATTERN,NO_PATTERN
2020-03-16 22:00:00,4983.86,5059.85,4862.4,4937.87,2770.22049088,NO_PATTERN,NO_PATTERN
2020-03-16 23:00:00,4937.71,5059.99,4912.5,5037.61,1734.21362029,ENGULFING,Bullish
2020-03-17 00:00:00,5039.95,5110.0,4935.6,5086.68,1890.30331476,NO_PATTERN,NO_PATTERN
2020-03-17 01:00:00,5088.24,5432.0,5066.79,5208.09,5524.4870224,NO_PATTERN,NO_PATTERN
2020-03-17 02:00:00,5204.76,5320.0,5157.86,5298.41,2211.64717667,NO_PATTERN,NO_PATTERN
2020-03-17 03:00:00,5298.02,5375.59,5251.02,5336.06,1784.01317226,NO_PATTERN,NO_PATTERN
2020-03-17 04:00:00,5336.84,5348.1,5223.11,5284.47,939.18550916,HAMMER,Neutral
2020-03-17 05:00:00,5282.14,5313.84,5256.48,5296.77,473.53530151,DRAGONFLYDOJI,Neutral
2020-03-17 06:00:00,5294.53,5330.0,5244.58,5300.28,552.95072089,DOJI,Neutral
2020-03-17 07:00:00,5297.92,5448.27,5283.33,5378.08,1742.16274569,NO_PATTERN,NO_PATTERN
2020-03-17 08:00:00,5376.82,5466.75,5277.11,5307.4,1355.39800131,NO_PATTERN,NO_PATTERN
2020-03-17 09:00:00,5309.23,5337.96,5188.9,5247.02,1254.94925287,NO_PATTERN,NO_PATTERN
2020-03-17 10:00:00,5248.32,5326.0,5236.83,5315.34,572.03290491,NO_PATTERN,NO_PATTERN
2020-03-17 11:00:00,5316.84,5350.07,5244.45,5286.74,995.87724026,NO_PATTERN,NO_PATTERN
2020-03-17 12:00:00,5285.32,5380.4,5180.98,5217.23,2017.1578127,NO_PATTERN,NO_PATTERN
2020-03-17 13:00:00,5224.48,5349.08,5087.86,5108.17,2695.29835756,NO_PATTERN,NO_PATTERN
2020-03-17 14:00:00,5106.43,5265.0,5071.0,5253.67,2446.8234296,ENGULFING,Bullish
2020-03-17 15:00:00,5254.57,5403.86,5226.0,5384.0,2273.57502892,NO_PATTERN,NO_PATTERN
2020-03-17 16:00:00,5384.99,5513.5,5338.65,5374.23,3537.8732986,DOJI,Neutral
2020-03-17 17:00:00,5374.99,5419.17,5312.74,5379.13,1813.55796524,DOJI,Neutral
2020-03-17 18:00:00,5380.21,5443.99,5360.23,5385.24,1718.06974968,DOJI,Neutral
2020-03-17 19:00:00,5386.23,5423.45,5335.09,5401.03,2107.68583686,DOJI,Neutral
2020-03-17 20:00:00,5402.37,5490.0,5351.46,5468.04,1669.50800467,NO_PATTERN,NO_PATTERN
2020-03-17 21:00:00,5469.51,5569.44,5390.06,5455.0,1976.02736277,DOJI,Neutral
2020-03-17 22:00:00,5455.0,5483.12,5399.11,5454.79,907.12923894,DOJI,Neutral
2020-03-17 23:00:00,5454.62,5463.77,5322.23,5331.71,1695.69586957,NO_PATTERN,NO_PATTERN
2020-03-18 00:00:00,5331.71,5442.11,5288.6,5373.86,2225.08887003,NO_PATTERN,NO_PATTERN
2020-03-18 01:00:00,5373.88,5399.93,5354.76,5384.9,1068.67170234,DOJI,Neutral
2020-03-18 02:00:00,5384.9,5397.5,5340.75,5389.38,915.22977555,DRAGONFLYDOJI,Neutral
2020-03-18 03:00:00,5388.31,5429.89,5380.38,5413.0,938.602971,NO_PATTERN,NO_PATTERN
2020-03-18 04:00:00,5413.0,5452.82,5389.59,5436.84,675.06529057,NO_PATTERN,NO_PATTERN
2020-03-18 05:00:00,5436.21,5440.0,5271.87,5286.02,1314.91186658,NO_PATTERN,NO_PATTERN
2020-03-18 06:00:00,5286.21,5307.68,5201.0,5275.51,1321.74942715,DOJI,Neutral
2020-03-18 07:00:00,5270.18,5274.86,5122.0,5162.77,1520.67371866,NO_PATTERN,NO_PATTERN
2020-03-18 08:00:00,5163.53,5200.0,5091.0,5186.73,1336.53030801,HARAMI,Bullish
2020-03-18 09:00:00,5186.8,5255.77,5124.99,5150.0,1208.8351682,ENGULFING,Bearish
2020-03-18 10:00:00,5153.4,5186.02,5021.81,5097.95,1279.50197893,NO_PATTERN,NO_PATTERN
2020-03-18 11:00:00,5094.29,5177.72,5093.65,5160.99,758.43280788,ENGULFING,Bullish
2020-03-18 12:00:00,5161.0,5161.0,5080.0,5125.99,890.35033345,NO_PATTERN,NO_PATTERN
2020-03-18 13:00:00,5125.86,5417.22,5001.0,5372.44,4447.94682922,ENGULFING,Bullish
2020-03-18 14:00:00,5367.24,5420.69,5301.68,5320.08,2128.01472926,HARAMI,Bearish
2020-03-18 15:00:00,5321.02,5388.03,5238.77,5346.73,1362.94741839,NO_PATTERN,NO_PATTERN
2020-03-18 16:00:00,5349.35,5372.41,5166.84,5213.16,3139.18558585,ENGULFING,Bearish
2020-03-18 17:00:00,5213.17,5265.92,5070.0,5241.34,3845.63555233,HARAMI,Bullish
2020-03-18 18:00:00,5241.33,5344.16,5230.31,5337.9,1316.94866867,NO_PATTERN,NO_PATTERN
2020-03-18 19:00:00,5337.9,5370.0,5309.57,5349.98,1431.53939484,DOJI,Neutral
2020-03-18 20:00:00,5349.18,5410.0,5327.81,5341.34,1402.7220185,GRAVESTONEDOJI,Neutral
2020-03-18 21:00:00,5341.38,5407.24,5339.69,5376.58,733.3894076,NO_PATTERN,NO_PATTERN
2020-03-18 22:00:00,5375.7,5440.0,5280.86,5363.63,1209.69545161,DOJI,Neutral
2020-03-18 23:00:00,5361.24,5425.46,5346.63,5413.64,941.01900581,ENGULFING,Bullish
2020-03-19 00:00:00,5413.88,5474.99,5343.05,5365.83,2287.49557481,NO_PATTERN,NO_PATTERN
2020-03-19 01:00:00,5364.87,5416.66,5359.0,5368.4,979.64972708,GRAVESTONEDOJI,Neutral
2020-03-19 02:00:00,5367.64,5382.73,5267.19,5299.27,1153.10473625,NO_PATTERN,NO_PATTERN
2020-03-19 03:00:00,5301.07,5345.0,5261.69,5301.62,550.20684407,HARAMI,Bull
2020-03-19 04:00:00,5302.76,5336.55,5294.03,5305.75,591.89581349,SHOOTINGSTAR,Neutral
2020-03-19 05:00:00,5316.84,5395.0,5306.38,5389.91,734.68802147,NO_PATTERN,NO_PATTERN
2020-03-19 06:00:00,5389.72,5425.17,5368.19,5395.84,635.50753849,DOJI,Neutral
2020-03-19 07:00:00,5395.33,5454.73,5378.34,5433.64,573.1562374499999,NO_PATTERN,NO_PATTERN
2020-03-19 08:00:00,5435.31,5474.89,5399.01,5427.47,795.86306937,DOJI,Neutral
2020-03-19 09:00:00,5427.47,5626.85,5412.85,5614.74,1930.07684039,NO_PATTERN,NO_PATTERN
2020-03-19 10:00:00,5646.93,5686.94,5566.15,5586.4,1318.0031328,NO_PATTERN,NO_PATTERN
2020-03-19 11:00:00,5587.13,5661.8,5567.31,5652.79,1120.85186889,NO_PATTERN,NO_PATTERN
2020-03-19 12:00:00,5654.92,5881.0,5639.0,5881.0,3703.23273157,NO_PATTERN,NO_PATTERN
2020-03-19 13:00:00,5881.99,5929.46,5737.99,5873.51,4012.67259143,DOJI,Neutral
2020-03-19 14:00:00,5873.51,5920.0,5778.43,5847.98,2943.40123996,NO_PATTERN,NO_PATTERN
2020-03-19 15:00:00,5847.74,5960.0,5844.6,5928.55,3025.53838763,ENGULFING,Bullish
2020-03-19 16:00:00,5929.33,6361.0,5820.1,6204.62,9545.02594904,NO_PATTERN,NO_PATTERN
2020-03-19 17:00:00,6204.58,6395.0,6181.78,6367.43,4562.77158165,NO_PATTERN,NO_PATTERN
2020-03-19 18:00:00,6359.01,6375.0,6123.74,6156.55,3829.18694318,NO_PATTERN,NO_PATTERN
2020-03-19 19:00:00,6156.54,6257.26,6111.0,6238.0,2117.58074844,NO_PATTERN,NO_PATTERN
2020-03-19 20:00:00,6238.0,6257.5,6173.48,6257.15,1198.75001789,DRAGONFLYDOJI,Neutral
2020-03-19 21:00:00,6257.15,6282.12,6199.08,6262.37,964.85040963,DRAGONFLYDOJI,Neutral
2020-03-19 22:00:00,6259.64,6441.37,6240.86,6300.0,3640.08203035,NO_PATTERN,NO_PATTERN
2020-03-19 23:00:00,6300.0,6330.0,6155.09,6186.26,2292.68931294,NO_PATTERN,NO_PATTERN
2020-03-20 00:00:00,6183.82,6289.91,6181.21,6236.41,1047.54052549,NO_PATTERN,NO_PATTERN
2020-03-20 01:00:00,6235.43,6247.99,6055.23,6177.99,2115.41116745,HAMMER,Neutral
2020-03-20 02:00:00,6177.99,6205.34,6145.61,6155.44,977.04224245,NO_PATTERN,NO_PATTERN
2020-03-20 03:00:00,6155.44,6175.47,6118.84,6163.32,621.41616225,HAMMER,Neutral
2020-03-20 04:00:00,6159.13,6225.0,6122.27,6202.83,613.62717663,NO_PATTERN,NO_PATTERN
2020-03-20 05:00:00,6205.45,6299.48,6193.34,6224.41,791.64151157,NO_PATTERN,NO_PATTERN
2020-03-20 06:00:00,6222.03,6255.89,6177.79,6249.8,692.11202276,NO_PATTERN,NO_PATTERN
2020-03-20 07:00:00,6249.62,6359.02,6221.52,6324.8,759.62155638,NO_PATTERN,NO_PATTERN
2020-03-20 08:00:00,6326.56,6738.57,6319.91,6621.98,3321.91034265,NO_PATTERN,NO_PATTERN
2020-03-20 09:00:00,6617.0,6788.35,6585.1,6779.84,1481.14538188,NO_PATTERN,NO_PATTERN
2020-03-20 10:00:00,6779.88,6990.0,6677.84,6848.42,2370.40897676,NO_PATTERN,NO_PATTERN
2020-03-20 11:00:00,6853.74,6909.99,6589.0,6684.91,2703.60733687,EVENINGSTAR,Neutral
2020-03-20 12:00:00,6684.9,6712.99,6550.44,6628.35,1841.86865805,NO_PATTERN,NO_PATTERN
2020-03-20 13:00:00,6635.51,6635.51,6430.74,6564.93,3054.2403439,HAMMER,Neutral
2020-03-20 14:00:00,6564.93,6734.04,6553.95,6628.54,2735.37837843,NO_PATTERN,NO_PATTERN
2020-03-20 15:00:00,6628.68,6667.22,6555.0,6634.67,1757.2781362599999,DOJI,Neutral
2020-03-20 16:00:00,6638.47,6688.0,6331.03,6452.75,5168.56183182,ENGULFING,Bearish
2020-03-20 17:00:00,6452.76,6479.0,6354.01,6422.36,1757.04750429,NO_PATTERN,NO_PATTERN
2020-03-20 18:00:00,6424.73,6434.08,6170.0,6193.72,3231.51049836,NO_PATTERN,NO_PATTERN
2020-03-20 19:00:00,6195.68,6300.0,6174.6,6195.74,2090.56739116,HARAMI,Bull
2020-03-20 20:00:00,6194.74,6195.76,5657.0,5971.37,7544.36656581,NO_PATTERN,NO_PATTERN
2020-03-20 21:00:00,5973.03,6265.65,5917.63,6237.26,2364.55982702,NO_PATTERN,NO_PATTERN
2020-03-20 22:00:00,6241.42,6390.0,6061.01,6161.68,2933.45773383,NO_PATTERN,NO_PATTERN
2020-03-20 23:00:00,6165.11,6235.0,6079.0,6206.1,1007.74535513,NO_PATTERN,NO_PATTERN
2020-03-21 00:00:00,6210.47,6219.99,6052.0,6141.28,1276.62415743,HAMMER,Neutral
2020-03-21 01:00:00,6144.07,6292.93,6132.0,6289.51,1082.64748489,NO_PATTERN,NO_PATTERN
2020-03-21 02:00:00,6289.5,6384.6,6231.62,6283.05,1320.09442741,HARAMI,Bear
2020-03-21 03:00:00,6282.75,6286.05,6155.56,6272.52,619.98641155,HAMMER,Neutral
2020-03-21 04:00:00,6269.14,6321.81,6141.15,6174.43,803.93301934,NO_PATTERN,NO_PATTERN
2020-03-21 05:00:00,6174.43,6240.01,6090.0,6116.97,929.66950216,NO_PATTERN,NO_PATTERN
2020-03-21 06:00:00,6116.96,6241.63,6042.0,6236.53,656.55465227,ENGULFING,Bullish
2020-03-21 07:00:00,6236.52,6237.36,6089.63,6157.39,395.89419893,HARAMI,Bearish
2020-03-21 08:00:00,6157.39,6164.77,6032.01,6118.05,719.44859636,HAMMER,Neutral
2020-03-21 09:00:00,6118.09,6136.07,5888.08,5981.48,1654.11185768,NO_PATTERN,NO_PATTERN
2020-03-21 10:00:00,5975.12,6041.17,5947.5,5975.42,569.68910791,DOJI,Neutral
2020-03-21 11:00:00,5975.15,6124.68,5851.0,6117.62,1468.3330878900001,MORNINGSTAR,Neutral
2020-03-21 12:00:00,6119.69,6221.01,6094.94,6136.7,768.18350238,DOJI,Neutral
2020-03-21 13:00:00,6136.71,6274.32,6136.71,6162.66,792.53587272,SHOOTINGSTAR,Neutral
2020-03-21 14:00:00,6164.21,6225.91,6117.07,6183.67,519.1138342,NO_PATTERN,NO_PATTERN
2020-03-21 15:00:00,6185.82,6249.89,6151.46,6220.59,574.52591714,NO_PATTERN,NO_PATTERN
2020-03-21 16:00:00,6224.78,6265.1,6117.32,6143.14,743.86238094,ENGULFING,Bearish
2020-03-21 17:00:00,6144.32,6180.0,6056.67,6088.42,654.00012614,NO_PATTERN,NO_PATTERN
2020-03-21 18:00:00,6088.41,6230.0,6070.0,6219.89,1345.56476761,ENGULFING,Bullish
2020-03-21 19:00:00,6219.99,6250.0,6200.37,6225.77,670.45491525,DOJI,Neutral
2020-03-21 20:00:00,6225.77,6381.7,6186.28,6336.5,1939.6665971,NO_PATTERN,NO_PATTERN
2020-03-21 21:00:00,6336.49,6470.0,6131.82,6181.79,2185.10267155,NO_PATTERN,NO_PATTERN
2020-03-21 22:00:00,6185.49,6247.13,6085.0,6165.26,1172.04016219,NO_PATTERN,NO_PATTERN
2020-03-21 23:00:00,6164.23,6225.62,6146.44,6198.78,466.09541021,ENGULFING,Bullish
2020-03-22 00:00:00,6198.64,6219.35,6121.46,6209.59,507.92205996,DRAGONFLYDOJI,Neutral
2020-03-22 01:00:00,6204.83,6304.31,6182.57,6263.12,877.13265335,NO_PATTERN,NO_PATTERN
2020-03-22 02:00:00,6264.35,6336.39,6264.33,6277.43,682.26871223,SHOOTINGSTAR,Neutral
2020-03-22 03:00:00,6278.68,6370.0,6251.15,6359.7,468.8993421,NO_PATTERN,NO_PATTERN
2020-03-22 04:00:00,6356.81,6387.32,6291.13,6307.96,565.34721692,HARAMI,Bearish
2020-03-22 05:00:00,6305.61,6398.0,6305.61,6369.48,387.4506647,ENGULFING,Bullish
2020-03-22 06:00:00,6369.48,6420.0,6300.0,6315.82,672.57329825,NO_PATTERN,NO_PATTERN
2020-03-22 07:00:00,6314.16,6341.86,6273.65,6297.62,257.64675695,NO_PATTERN,NO_PATTERN
2020-03-22 08:00:00,6297.64,6327.41,6218.38,6256.27,275.800274,NO_PATTERN,NO_PATTERN
2020-03-22 09:00:00,6256.27,6329.89,6220.54,6319.77,178.57825067000002,NO_PATTERN,NO_PATTERN
2020-03-22 10:00:00,6319.76,6319.9,6183.64,6266.76,646.9062187,NO_PATTERN,NO_PATTERN
2020-03-22 11:00:00,6266.36,6289.21,6142.23,6162.13,928.54462832,NO_PATTERN,NO_PATTERN
2020-03-22 12:00:00,6164.99,6165.0,5920.0,6027.8,3037.42003217,NO_PATTERN,NO_PATTERN
2020-03-22 13:00:00,6026.49,6148.34,5977.61,6077.86,1084.03349624,NO_PATTERN,NO_PATTERN
2020-03-22 14:00:00,6076.75,6093.75,5991.54,6077.85,926.48604743,DOJI,Neutral
2020-03-22 15:00:00,6077.0,6110.0,5948.15,6088.98,1577.84746986,DOJI,Neutral
2020-03-22 16:00:00,6091.25,6158.42,6025.0,6057.21,1513.93682005,ENGULFING,Bearish
2020-03-22 17:00:00,6054.82,6097.76,5976.07,6026.26,958.28713897,NO_PATTERN,NO_PATTERN
2020-03-22 18:00:00,6028.3,6042.83,5875.0,6002.7,2513.2197448,NO_PATTERN,NO_PATTERN
2020-03-22 19:00:00,6002.23,6004.59,5905.05,5923.01,1188.6370652599999,NO_PATTERN,NO_PATTERN
2020-03-22 20:00:00,5920.0,5958.12,5785.8,5940.77,2494.46239342,NO_PATTERN,NO_PATTERN
2020-03-22 21:00:00,5939.55,6145.72,5935.01,6063.85,1424.53369616,NO_PATTERN,NO_PATTERN
2020-03-22 22:00:00,6063.69,6068.34,5836.51,5878.02,2641.86199487,NO_PATTERN,NO_PATTERN
2020-03-22 23:00:00,5880.26,5911.83,5738.0,5818.25,2200.87961675,NO_PATTERN,NO_PATTERN
2020-03-23 00:00:00,5815.24,5945.0,5678.2,5908.61,2768.41036574,ENGULFING,Bullish
2020-03-23 01:00:00,5909.83,5938.91,5846.66,5880.01,1011.65845693,NO_PATTERN,NO_PATTERN
2020-03-23 02:00:00,5880.01,5915.81,5834.98,5909.35,731.81914437,HAMMER,Neutral
2020-03-23 03:00:00,5908.75,5998.6,5890.05,5961.76,759.3896472600001,NO_PATTERN,NO_PATTERN
2020-03-23 04:00:00,5961.76,5996.87,5880.0,5908.79,1037.98247932,NO_PATTERN,NO_PATTERN
2020-03-23 05:00:00,5908.79,5939.59,5865.67,5884.96,446.98869662,NO_PATTERN,NO_PATTERN
2020-03-23 06:00:00,5882.97,5948.8,5879.83,5927.94,561.93951933,ENGULFING,Bullish
2020-03-23 07:00:00,5926.32,5934.56,5857.37,5869.0,715.81859476,NO_PATTERN,NO_PATTERN
2020-03-23 08:00:00,5868.98,5903.21,5772.16,5784.67,859.12727688,NO_PATTERN,NO_PATTERN
2020-03-23 09:00:00,5780.69,5846.88,5751.19,5810.65,871.18830466,NO_PATTERN,NO_PATTERN
2020-03-23 10:00:00,5807.78,5888.44,5795.0,5881.99,850.44494205,NO_PATTERN,NO_PATTERN
2020-03-23 11:00:00,5880.75,5945.0,5834.54,5863.46,927.27639628,HARAMI,Bearish
2020-03-23 12:00:00,5864.32,6389.0,5864.3,6347.66,5823.0151647,NO_PATTERN,NO_PATTERN
2020-03-23 13:00:00,6349.0,6641.03,6152.0,6300.01,6845.28436517,NO_PATTERN,NO_PATTERN
2020-03-23 14:00:00,6305.57,6338.39,6203.39,6235.93,2183.0564978,NO_PATTERN,NO_PATTERN
2020-03-23 15:00:00,6235.93,6274.49,6165.0,6239.89,1419.31651902,DOJI,Neutral
2020-03-23 16:00:00,6241.8,6409.43,6237.49,6402.53,2112.58969982,NO_PATTERN,NO_PATTERN
2020-03-23 17:00:00,6407.41,6408.74,6280.0,6297.95,2112.74681241,NO_PATTERN,NO_PATTERN
2020-03-23 18:00:00,6297.92,6336.66,6236.93,6273.77,1540.08331004,NO_PATTERN,NO_PATTERN
2020-03-23 19:00:00,6271.25,6332.81,6257.49,6281.26,853.33522179,GRAVESTONEDOJI,Neutral
2020-03-23 20:00:00,6285.29,6467.72,6281.14,6416.08,1988.19421464,NO_PATTERN,NO_PATTERN
2020-03-23 21:00:00,6412.77,6520.0,6357.82,6468.89,1809.2915982700001,NO_PATTERN,NO_PATTERN
2020-03-23 22:00:00,6467.06,6490.0,6368.9,6472.2,1658.38187696,DRAGONFLYDOJI,Neutral
2020-03-23 23:00:00,6469.14,6533.6,6439.34,6490.63,2469.6532833,NO_PATTERN,NO_PATTERN
2020-03-24 00:00:00,6493.58,6710.0,6493.49,6608.35,4966.26735149,NO_PATTERN,NO_PATTERN
2020-03-24 01:00:00,6609.99,6680.0,6531.42,6568.17,2213.3376420199997,NO_PATTERN,NO_PATTERN
2020-03-24 02:00:00,6568.18,6640.0,6545.24,6633.4,1286.75520099,NO_PATTERN,NO_PATTERN
2020-03-24 03:00:00,6635.88,6655.0,6544.0,6552.43,1306.94927066,ENGULFING,Bearish
2020-03-24 04:00:00,6549.82,6575.0,6403.16,6455.1,1730.12382982,NO_PATTERN,NO_PATTERN
2020-03-24 05:00:00,6454.54,6530.87,6427.1,6503.22,796.28636026,NO_PATTERN,NO_PATTERN
2020-03-24 06:00:00,6507.92,6608.0,6480.84,6591.4,665.84392538,NO_PATTERN,NO_PATTERN
2020-03-24 07:00:00,6590.85,6645.0,6543.52,6590.58,681.91178082,HARAMI,Bear
2020-03-24 08:00:00,6590.57,6866.1,6589.97,6745.1,3021.66289657,ENGULFING,Bullish
2020-03-24 09:00:00,6745.65,6834.99,6687.46,6790.0,1270.98802433,NO_PATTERN,NO_PATTERN
2020-03-24 10:00:00,6797.58,6842.02,6700.0,6746.35,1069.32042898,NO_PATTERN,NO_PATTERN
2020-03-24 11:00:00,6745.87,6786.14,6660.19,6762.92,946.32830892,NO_PATTERN,NO_PATTERN
2020-03-24 12:00:00,6764.83,6769.14,6567.59,6687.75,1972.84740009,ENGULFING,Bearish
2020-03-24 13:00:00,6687.74,6795.0,6655.33,6717.05,2618.04406964,NO_PATTERN,NO_PATTERN
2020-03-24 14:00:00,6714.06,6757.4,6633.16,6655.9,1994.61364272,NO_PATTERN,NO_PATTERN
2020-03-24 15:00:00,6655.89,6684.58,6500.0,6617.83,2851.1894648,NO_PATTERN,NO_PATTERN
2020-03-24 16:00:00,6617.77,6663.66,6536.86,6629.0,1598.78051648,DOJI,Neutral
2020-03-24 17:00:00,6626.75,6726.99,6621.0,6680.01,1413.46798866,NO_PATTERN,NO_PATTERN
2020-03-24 18:00:00,6680.0,6682.63,6581.9,6679.95,1357.40461794,HARAMI,Bear
2020-03-24 19:00:00,6676.0,6761.66,6609.96,6720.73,1441.01801774,ENGULFING,Bullish
2020-03-24 20:00:00,6720.74,6793.99,6712.67,6751.65,1356.27899418,SHOOTINGSTAR,Neutral
2020-03-24 21:00:00,6751.65,6769.45,6629.91,6715.34,1125.96901846,NO_PATTERN,NO_PATTERN
2020-03-24 22:00:00,6718.52,6819.62,6690.82,6785.67,1599.00232274,NO_PATTERN,NO_PATTERN
2020-03-24 23:00:00,6783.49,6814.99,6730.0,6766.64,1272.31589818,HARAMI,Bearish
2020-03-25 00:00:00,6766.0,6766.0,6626.84,6719.52,2320.07558622,NO_PATTERN,NO_PATTERN
2020-03-25 01:00:00,6716.73,6735.0,6608.98,6619.83,876.09566384,NO_PATTERN,NO_PATTERN
2020-03-25 02:00:00,6622.55,6670.0,6541.8,6606.83,1521.96265231,NO_PATTERN,NO_PATTERN
2020-03-25 03:00:00,6610.8,6624.87,6534.08,6572.18,840.52508711,NO_PATTERN,NO_PATTERN
2020-03-25 04:00:00,6569.52,6631.31,6542.61,6629.3,465.07731771,ENGULFING,Bullish
2020-03-25 05:00:00,6629.3,6727.97,6626.39,6724.06,926.01727803,NO_PATTERN,NO_PATTERN
2020-03-25 06:00:00,6724.73,6734.99,6671.1,6706.73,471.00930034,NO_PATTERN,NO_PATTERN
2020-03-25 07:00:00,6706.72,6720.0,6642.26,6697.79,383.22621792,DOJI,Neutral
2020-03-25 08:00:00,6697.21,6821.74,6655.48,6806.61,859.00618763,ENGULFING,Bullish
2020-03-25 09:00:00,6801.37,6983.31,6786.58,6890.27,2755.91904342,NO_PATTERN,NO_PATTERN
2020-03-25 10:00:00,6889.35,6930.0,6560.01,6609.54,2610.75310022,NO_PATTERN,NO_PATTERN
2020-03-25 11:00:00,6609.58,6652.67,6470.0,6540.0,1985.0403507199999,NO_PATTERN,NO_PATTERN
2020-03-25 12:00:00,6539.56,6616.23,6525.0,6605.95,1332.40577021,NO_PATTERN,NO_PATTERN
2020-03-25 13:00:00,6608.82,6836.79,6585.72,6590.0,3173.45992676,NO_PATTERN,NO_PATTERN
2020-03-25 14:00:00,6590.0,6664.11,6530.19,6643.68,1663.79853054,NO_PATTERN,NO_PATTERN
2020-03-25 15:00:00,6645.62,6688.8,6610.0,6634.49,1013.11245798,DOJI,Neutral
2020-03-25 16:00:00,6634.25,6718.0,6620.86,6676.32,926.41888432,ENGULFING,Bullish
2020-03-25 17:00:00,6676.32,6699.02,6650.2,6661.31,811.2071286,GRAVESTONEDOJI,Neutral
2020-03-25 18:00:00,6659.27,6676.21,6590.83,6663.8,1287.59137268,HAMMER,Neutral
2020-03-25 19:00:00,6663.79,6685.0,6612.88,6629.99,851.88284597,NO_PATTERN,NO_PATTERN
2020-03-25 20:00:00,6629.99,6652.5,6583.97,6598.33,789.32116321,NO_PATTERN,NO_PATTERN
2020-03-25 21:00:00,6598.32,6625.09,6564.27,6603.53,1042.00725369,DOJI,Neutral
2020-03-25 22:00:00,6603.52,6715.76,6602.72,6701.42,1295.38681542,NO_PATTERN,NO_PATTERN
2020-03-25 23:00:00,6701.07,6713.56,6653.09,6690.96,924.5029628,HARAMI,Bearish
2020-03-26 00:00:00,6691.71,6795.0,6690.74,6759.58,1549.25266306,NO_PATTERN,NO_PATTERN
2020-03-26 01:00:00,6756.08,6769.73,6692.05,6709.69,565.94695923,NO_PATTERN,NO_PATTERN
2020-03-26 02:00:00,6709.6,6726.38,6670.19,6700.38,468.03456078,NO_PATTERN,NO_PATTERN
2020-03-26 03:00:00,6702.07,6768.99,6686.48,6745.0,678.70477096,MORNINGSTAR,Neutral
2020-03-26 04:00:00,6744.2,6780.0,6694.41,6702.97,724.50875794,NO_PATTERN,NO_PATTERN
2020-03-26 05:00:00,6702.96,6734.27,6631.73,6642.84,455.73580699,NO_PATTERN,NO_PATTERN
2020-03-26 06:00:00,6642.84,6695.0,6596.61,6650.01,697.3965645,DOJI,Neutral
2020-03-26 07:00:00,6650.01,6650.01,6575.0,6605.77,591.48345912,NO_PATTERN,NO_PATTERN
2020-03-26 08:00:00,6605.77,6646.87,6580.0,6626.71,326.42559463,NO_PATTERN,NO_PATTERN
2020-03-26 09:00:00,6626.71,6662.94,6615.0,6633.14,259.08893977,DOJI,Neutral
2020-03-26 10:00:00,6633.13,6655.24,6594.64,6632.23,358.56556542,DOJI,Neutral
2020-03-26 11:00:00,6630.41,6684.45,6595.33,6619.49,352.66748812,NO_PATTERN,NO_PATTERN
2020-03-26 12:00:00,6620.0,6647.34,6583.33,6633.0,562.22050647,NO_PATTERN,NO_PATTERN
2020-03-26 13:00:00,6633.0,6708.0,6520.13,6642.2,1854.3885106,NO_PATTERN,NO_PATTERN
2020-03-26 14:00:00,6646.52,6646.52,6595.85,6608.43,808.47652084,ENGULFING,Bearish
2020-03-26 15:00:00,6608.43,6635.0,6576.16,6633.67,725.5006409,NO_PATTERN,NO_PATTERN
2020-03-26 16:00:00,6634.23,6679.99,6612.93,6659.92,649.74468644,NO_PATTERN,NO_PATTERN
2020-03-26 17:00:00,6659.71,6698.56,6632.58,6650.74,901.07098245,HARAMI,Bearish
2020-03-26 18:00:00,6650.86,6669.65,6645.89,6669.65,390.14407382,NO_PATTERN,NO_PATTERN
2020-03-26 19:00:00,6669.65,6694.0,6658.21,6679.82,667.18929155,NO_PATTERN,NO_PATTERN
2020-03-26 20:00:00,6679.59,6765.0,6673.44,6747.02,1268.90929041,NO_PATTERN,NO_PATTERN
2020-03-26 21:00:00,6746.98,6776.19,6715.76,6737.4,765.96984882,HARAMI,Bearish
2020-03-26 22:00:00,6737.4,6741.8,6688.0,6719.53,696.70881008,HAMMER,Neutral
2020-03-26 23:00:00,6718.71,6782.76,6710.52,6758.18,1088.31298519,ENGULFING,Bullish
2020-03-27 00:00:00,6760.0,6880.0,6759.99,6841.17,2039.27879145,NO_PATTERN,NO_PATTERN
2020-03-27 01:00:00,6840.92,6850.04,6781.69,6830.0,595.7595046399999,HARAMI,Bearish
2020-03-27 02:00:00,6830.0,6830.02,6772.0,6809.1,658.45790541,NO_PATTERN,NO_PATTERN
2020-03-27 03:00:00,6809.1,6825.0,6800.0,6814.57,484.50843086,DOJI,Neutral
2020-03-27 04:00:00,6816.06,6847.67,6751.1,6755.59,572.2196845000001,ENGULFING,Bearish
2020-03-27 05:00:00,6757.17,6758.85,6630.0,6670.85,1618.3336568,NO_PATTERN,NO_PATTERN
2020-03-27 06:00:00,6670.84,6713.69,6655.06,6686.28,347.71607938,NO_PATTERN,NO_PATTERN
2020-03-27 07:00:00,6686.28,6750.0,6686.28,6725.0,879.2655471,NO_PATTERN,NO_PATTERN
2020-03-27 08:00:00,6724.83,6726.9,6691.2,6691.77,631.88952042,HARAMI,Bearish
2020-03-27 09:00:00,6691.77,6705.48,6661.02,6667.21,276.18058199,NO_PATTERN,NO_PATTERN
2020-03-27 10:00:00,6666.28,6688.84,6609.62,6660.0,556.6824668,DOJI,Neutral
2020-03-27 11:00:00,6660.0,6705.0,6629.42,6632.21,655.91439875,NO_PATTERN,NO_PATTERN
2020-03-27 12:00:00,6632.21,6680.94,6599.54,6647.45,833.36075363,NO_PATTERN,NO_PATTERN
2020-03-27 13:00:00,6644.55,6655.0,6585.0,6600.98,1277.3742646800001,NO_PATTERN,NO_PATTERN
2020-03-27 14:00:00,6601.47,6634.0,6590.96,6627.52,701.3875942,HARAMI,Bullish
2020-03-27 15:00:00,6627.52,6665.0,6621.1,6635.04,782.80847474,NO_PATTERN,NO_PATTERN
2020-03-27 16:00:00,6635.04,6672.92,6600.04,6646.6,1096.65469683,NO_PATTERN,NO_PATTERN
2020-03-27 17:00:00,6646.6,6664.99,6615.79,6642.81,667.74413638,DOJI,Neutral
2020-03-27 18:00:00,6642.78,6672.75,6632.93,6657.07,607.96086321,ENGULFING,Bullish
2020-03-27 19:00:00,6657.07,6699.99,6647.16,6666.0,905.57848023,NO_PATTERN,NO_PATTERN
2020-03-27 20:00:00,6666.02,6682.13,6645.0,6682.0,597.9990093,NO_PATTERN,NO_PATTERN
2020-03-27 21:00:00,6682.0,6710.45,6666.76,6686.68,556.52594959,DOJI,Neutral
2020-03-27 22:00:00,6686.67,6689.0,6655.0,6672.55,320.55671039,HAMMER,Neutral
2020-03-27 23:00:00,6671.06,6671.07,6260.0,6372.36,2763.11166371,NO_PATTERN,NO_PATTERN
2020-03-28 00:00:00,6372.36,6372.36,6200.0,6312.39,3663.11048265,NO_PATTERN,NO_PATTERN
2020-03-28 01:00:00,6312.38,6312.38,6254.0,6277.59,998.76169189,NO_PATTERN,NO_PATTERN
2020-03-28 02:00:00,6277.59,6287.86,6237.0,6256.24,740.70583236,NO_PATTERN,NO_PATTERN
2020-03-28 03:00:00,6256.24,6268.34,6070.0,6121.57,2278.5895447899998,NO_PATTERN,NO_PATTERN
2020-03-28 04:00:00,6121.56,6210.0,6095.95,6176.58,1034.21191849,NO_PATTERN,NO_PATTERN
2020-03-28 05:00:00,6176.58,6193.68,6142.41,6169.01,580.13318699,DOJI,Neutral
2020-03-28 06:00:00,6169.02,6180.48,6130.0,6167.76,425.94493029,DRAGONFLYDOJI,Neutral
2020-03-28 07:00:00,6167.76,6204.92,6167.76,6196.94,324.44946283,NO_PATTERN,NO_PATTERN
2020-03-28 08:00:00,6196.01,6279.52,6180.86,6272.96,613.29969269,NO_PATTERN,NO_PATTERN
2020-03-28 09:00:00,6272.95,6299.0,6247.03,6268.04,261.21420956,HARAMI,Bear
2020-03-28 10:00:00,6267.23,6293.08,6226.97,6271.09,220.31302026999998,DOJI,Neutral
2020-03-28 11:00:00,6272.12,6330.0,6236.54,6243.0,619.69661245,ENGULFING,Bearish
2020-03-28 12:00:00,6243.0,6268.07,6219.48,6247.72,418.66463184,DOJI,Neutral
2020-03-28 13:00:00,6247.71,6258.77,6172.1,6239.38,579.38300082,NO_PATTERN,NO_PATTERN
2020-03-28 14:00:00,6239.35,6266.06,6232.14,6254.1,382.75751705,ENGULFING,Bullish
2020-03-28 15:00:00,6253.47,6284.0,6225.5,6228.5,392.32639318,NO_PATTERN,NO_PATTERN
2020-03-28 16:00:00,6228.49,6250.04,6208.32,6243.92,529.10641092,HAMMER,Neutral
2020-03-28 17:00:00,6243.91,6249.0,6030.0,6040.57,1624.78441211,NO_PATTERN,NO_PATTERN
2020-03-28 18:00:00,6031.74,6264.81,6031.74,6177.04,1406.11512698,NO_PATTERN,NO_PATTERN
2020-03-28 19:00:00,6177.04,6241.0,6177.04,6222.34,567.14781849,NO_PATTERN,NO_PATTERN
2020-03-28 20:00:00,6221.29,6310.0,6220.54,6256.62,1147.67301616,NO_PATTERN,NO_PATTERN
2020-03-28 21:00:00,6258.82,6278.17,6179.55,6234.25,476.84778493,NO_PATTERN,NO_PATTERN
2020-03-28 22:00:00,6234.25,6260.17,6187.43,6224.46,339.26104268,NO_PATTERN,NO_PATTERN
2020-03-28 23:00:00,6224.45,6280.0,6193.55,6251.82,490.97938725,ENGULFING,Bullish
2020-03-29 00:00:00,6251.45,6279.96,6203.25,6222.3,419.23246569,NO_PATTERN,NO_PATTERN
2020-03-29 01:00:00,6222.3,6237.98,6197.85,6224.97,527.93817066,DOJI,Neutral
2020-03-29 02:00:00,6224.96,6238.62,6208.35,6214.07,273.07189348,NO_PATTERN,NO_PATTERN
2020-03-29 03:00:00,6214.06,6228.49,6191.63,6216.11,250.2949045,DOJI,Neutral
2020-03-29 04:00:00,6215.08,6221.97,6198.5,6214.81,199.81716719000002,DRAGONFLYDOJI,Neutral
2020-03-29 05:00:00,6214.81,6214.81,6153.97,6155.01,406.17181829000003,NO_PATTERN,NO_PATTERN
2020-03-29 06:00:00,6155.0,6174.7,6140.54,6157.84,334.11928535,DOJI,Neutral
2020-03-29 07:00:00,6157.84,6173.62,6118.0,6158.4,769.55214331,DOJI,Neutral
2020-03-29 08:00:00,6158.39,6158.39,6092.11,6133.83,690.74948502,NO_PATTERN,NO_PATTERN
2020-03-29 09:00:00,6134.02,6136.75,6085.43,6090.8,211.22277934000002,NO_PATTERN,NO_PATTERN
2020-03-29 10:00:00,6090.23,6218.96,6089.6,6177.23,902.8329972,ENGULFING,Bullish
2020-03-29 11:00:00,6177.18,6190.0,6137.73,6138.01,620.96341099,NO_PATTERN,NO_PATTERN
2020-03-29 12:00:00,6138.0,6156.76,6051.8,6129.77,676.3742158,NO_PATTERN,NO_PATTERN
2020-03-29 13:00:00,6129.73,6140.98,6100.0,6126.6,728.27300881,DOJI,Neutral
2020-03-29 14:00:00,6126.8,6151.47,6115.21,6146.37,335.92549173,NO_PATTERN,NO_PATTERN
2020-03-29 15:00:00,6146.3,6151.33,6120.0,6134.31,288.82119708,NO_PATTERN,NO_PATTERN
2020-03-29 16:00:00,6134.31,6164.56,6060.0,6088.88,821.70107999,NO_PATTERN,NO_PATTERN
2020-03-29 17:00:00,6088.89,6121.81,6062.95,6107.53,457.75633539,HARAMI,Bullish
2020-03-29 18:00:00,6107.54,6107.54,6065.0,6067.04,545.06578273,ENGULFING,Bearish
2020-03-29 19:00:00,6067.03,6089.79,5871.0,5902.0,2871.27127744,NO_PATTERN,NO_PATTERN
2020-03-29 20:00:00,5901.88,5960.0,5871.0,5949.27,1636.98215345,NO_PATTERN,NO_PATTERN
2020-03-29 21:00:00,5951.05,5956.39,5893.72,5895.61,703.13260099,ENGULFING,Bearish
2020-03-29 22:00:00,5898.49,5944.39,5876.75,5916.21,714.28928491,HARAMI,Bullish
2020-03-29 23:00:00,5915.9,5930.0,5870.46,5877.21,682.16029196,NO_PATTERN,NO_PATTERN
2020-03-30 00:00:00,5878.98,5918.94,5853.0,5900.71,941.37832238,NO_PATTERN,NO_PATTERN
2020-03-30 01:00:00,5900.71,5950.0,5891.31,5943.89,791.87746859,NO_PATTERN,NO_PATTERN
2020-03-30 02:00:00,5943.88,6029.66,5941.05,5994.99,1012.00673086,NO_PATTERN,NO_PATTERN
2020-03-30 03:00:00,5994.98,6015.0,5984.4,6015.0,438.95687348,NO_PATTERN,NO_PATTERN
2020-03-30 04:00:00,6015.0,6050.98,5999.85,6042.61,415.94303926,NO_PATTERN,NO_PATTERN
2020-03-30 05:00:00,6042.61,6257.41,6042.61,6213.16,1769.34053659,NO_PATTERN,NO_PATTERN
2020-03-30 06:00:00,6213.61,6269.88,6181.25,6229.26,692.5196821,NO_PATTERN,NO_PATTERN
2020-03-30 07:00:00,6232.16,6349.55,6232.16,6256.26,1316.19188024,SHOOTINGSTAR,Neutral
2020-03-30 08:00:00,6259.8,6308.0,6252.55,6288.01,639.6968209,NO_PATTERN,NO_PATTERN
2020-03-30 09:00:00,6288.25,6300.65,6258.26,6267.35,390.48577916,NO_PATTERN,NO_PATTERN
2020-03-30 10:00:00,6266.87,6333.85,6266.87,6296.0,427.61498441,ENGULFING,Bullish
2020-03-30 11:00:00,6297.99,6428.81,6290.72,6377.07,1337.97160783,NO_PATTERN,NO_PATTERN
2020-03-30 12:00:00,6376.57,6398.79,6303.96,6320.33,696.19878548,NO_PATTERN,NO_PATTERN
2020-03-30 13:00:00,6320.38,6368.52,6318.3,6320.0,603.6189958699999,GRAVESTONEDOJI,Neutral
2020-03-30 14:00:00,6320.01,6354.0,6284.67,6343.78,1204.26287871,NO_PATTERN,NO_PATTERN
2020-03-30 15:00:00,6344.0,6461.85,6333.11,6350.02,1770.87587564,DOJI,Neutral
2020-03-30 16:00:00,6353.56,6399.16,6317.74,6387.31,1014.70229811,NO_PATTERN,NO_PATTERN
2020-03-30 17:00:00,6389.21,6395.26,6340.73,6362.25,438.3045691,NO_PATTERN,NO_PATTERN
2020-03-30 18:00:00,6361.61,6384.12,6340.0,6377.01,380.03068445,NO_PATTERN,NO_PATTERN
2020-03-30 19:00:00,6376.79,6413.58,6360.69,6377.26,548.89451385,DOJI,Neutral
2020-03-30 20:00:00,6377.25,6525.0,6375.0,6484.0,1724.39951135,NO_PATTERN,NO_PATTERN
2020-03-30 21:00:00,6482.81,6589.73,6480.1,6549.66,1906.34988091,NO_PATTERN,NO_PATTERN
2020-03-30 22:00:00,6549.66,6631.23,6457.81,6475.83,1616.22020096,NO_PATTERN,NO_PATTERN
2020-03-30 23:00:00,6473.81,6499.6,6383.39,6406.4,1558.26559816,NO_PATTERN,NO_PATTERN
2020-03-31 00:00:00,6401.33,6481.9,6401.33,6446.6,858.70561726,NO_PATTERN,NO_PATTERN
2020-03-31 01:00:00,6446.6,6522.94,6446.6,6520.0,601.41895087,NO_PATTERN,NO_PATTERN
2020-03-31 02:00:00,6520.0,6524.79,6454.08,6457.08,657.07102883,NO_PATTERN,NO_PATTERN
2020-03-31 03:00:00,6457.08,6486.0,6416.88,6445.51,639.97844262,NO_PATTERN,NO_PATTERN
2020-03-31 04:00:00,6445.08,6467.89,6382.4,6399.24,645.5895975,NO_PATTERN,NO_PATTERN
2020-03-31 05:00:00,6400.2,6439.9,6383.36,6422.01,248.78072987000002,NO_PATTERN,NO_PATTERN
2020-03-31 06:00:00,6421.6,6474.0,6394.03,6474.0,259.77218166,NO_PATTERN,NO_PATTERN
2020-03-31 07:00:00,6474.0,6474.0,6432.02,6448.25,130.6388683,NO_PATTERN,NO_PATTERN
2020-03-31 08:00:00,6448.25,6512.0,6447.39,6501.65,278.95297094,NO_PATTERN,NO_PATTERN
2020-03-31 09:00:00,6501.65,6505.37,6437.09,6441.79,314.65007211,NO_PATTERN,NO_PATTERN
2020-03-31 10:00:00,6444.76,6450.0,6411.21,6437.7,201.04198145,HAMMER,Neutral
2020-03-31 11:00:00,6437.7,6441.36,6357.36,6400.93,574.12341028,HAMMER,Neutral
2020-03-31 12:00:00,6400.93,6471.37,6333.91,6455.58,835.78278399,NO_PATTERN,NO_PATTERN
2020-03-31 13:00:00,6455.58,6494.8,6409.4,6431.69,847.21627851,NO_PATTERN,NO_PATTERN
2020-03-31 14:00:00,6431.3,6494.07,6430.01,6468.21,570.08792721,ENGULFING,Bullish
2020-03-31 15:00:00,6468.21,6520.34,6431.95,6465.62,633.8770409800001,DOJI,Neutral
2020-03-31 16:00:00,6465.62,6483.47,6425.41,6441.84,464.38674106,NO_PATTERN,NO_PATTERN
2020-03-31 17:00:00,6441.84,6470.33,6405.55,6466.74,490.90640134,HAMMER,Neutral
2020-03-31 18:00:00,6466.74,6504.62,6454.2,6478.12,585.9396580700001,NO_PATTERN,NO_PATTERN
2020-03-31 19:00:00,6478.11,6487.11,6444.85,6474.2,665.0964301399999,DOJI,Neutral
2020-03-31 20:00:00,6474.2,6511.95,6460.19,6479.41,378.95831839,DOJI,Neutral
2020-03-31 21:00:00,6479.42,6495.0,6430.0,6460.14,373.02547692,ENGULFING,Bearish
2020-03-31 22:00:00,6460.1,6460.11,6431.83,6443.44,276.8822928,NO_PATTERN,NO_PATTERN
2020-03-31 23:00:00,6443.44,6453.5,6407.7,6424.35,353.91880844,NO_PATTERN,NO_PATTERN
2020-04-01 00:00:00,6424.02,6437.57,6260.0,6312.32,2023.70337114,NO_PATTERN,NO_PATTERN
2020-04-01 01:00:00,6312.31,6330.0,6284.36,6292.41,531.63335337,NO_PATTERN,NO_PATTERN
2020-04-01 02:00:00,6294.59,6329.97,6292.69,6325.54,434.64512656,NO_PATTERN,NO_PATTERN
2020-04-01 03:00:00,6324.41,6386.96,6320.06,6377.38,554.74410381,NO_PATTERN,NO_PATTERN
2020-04-01 04:00:00,6378.15,6385.76,6339.39,6347.48,339.65919242,NO_PATTERN,NO_PATTERN
2020-04-01 05:00:00,6347.48,6352.44,6296.08,6311.33,562.7797975,NO_PATTERN,NO_PATTERN
2020-04-01 06:00:00,6311.32,6328.89,6280.0,6308.97,587.54495689,DOJI,Neutral
2020-04-01 07:00:00,6308.97,6347.74,6296.01,6338.96,373.1549725,NO_PATTERN,NO_PATTERN
2020-04-01 08:00:00,6338.95,6338.96,6295.01,6317.89,286.38536793,NO_PATTERN,NO_PATTERN
2020-04-01 09:00:00,6318.2,6323.87,6270.0,6305.7,335.42816587,HAMMER,Neutral
2020-04-01 10:00:00,6305.7,6325.36,6292.21,6298.05,270.90640295000003,NO_PATTERN,NO_PATTERN
2020-04-01 11:00:00,6298.04,6307.39,6278.08,6301.36,453.70090881,DOJI,Neutral
2020-04-01 12:00:00,6301.26,6345.19,6213.26,6226.12,1419.12502765,NO_PATTERN,NO_PATTERN
2020-04-01 13:00:00,6226.11,6247.82,6181.98,6214.51,759.59963481,NO_PATTERN,NO_PATTERN
2020-04-01 14:00:00,6214.5,6270.94,6208.73,6261.08,665.41180378,MORNINGSTAR,Neutral
2020-04-01 15:00:00,6261.07,6265.68,6230.0,6241.51,446.43073759,HARAMI,Bearish
2020-04-01 16:00:00,6241.51,6241.51,6160.0,6192.47,710.4783114,NO_PATTERN,NO_PATTERN
2020-04-01 17:00:00,6192.47,6220.0,6175.7,6207.21,444.78099387,NO_PATTERN,NO_PATTERN
2020-04-01 18:00:00,6207.18,6236.56,6196.49,6201.67,502.17787968,GRAVESTONEDOJI,Neutral
2020-04-01 19:00:00,6201.61,6223.28,6169.11,6214.99,615.91367569,ENGULFING,Bullish
2020-04-01 20:00:00,6206.38,6401.67,6202.13,6350.0,864.33951733,NO_PATTERN,NO_PATTERN
2020-04-01 21:00:00,6347.12,6420.0,6347.09,6370.0,643.16437898,NO_PATTERN,NO_PATTERN
2020-04-01 22:00:00,6370.0,6618.43,6369.09,6540.45,2589.63510593,NO_PATTERN,NO_PATTERN
2020-04-01 23:00:00,6539.95,6744.99,6521.0,6666.11,1461.5291865899999,NO_PATTERN,NO_PATTERN
2020-04-02 00:00:00,6666.11,6767.0,6602.57,6633.19,2525.82279156,NO_PATTERN,NO_PATTERN
2020-04-02 01:00:00,6643.41,6658.42,6570.92,6581.35,205.35213966,NO_PATTERN,NO_PATTERN
2020-04-02 02:00:00,6585.02,6641.37,6583.63,6627.01,548.50566658,HARAMI,Bullish
2020-04-02 03:00:00,6627.0,6636.06,6596.8,6620.68,381.17663362,DRAGONFLYDOJI,Neutral
2020-04-02 04:00:00,6620.68,6653.44,6606.64,6615.0,509.06460864,GRAVESTONEDOJI,Neutral
2020-04-02 05:00:00,6614.99,6619.31,6584.0,6618.73,326.7381465,HAMMER,Neutral
2020-04-02 06:00:00,6618.73,6655.02,6603.93,6650.25,350.89054212,NO_PATTERN,NO_PATTERN
2020-04-02 07:00:00,6650.25,6695.0,6627.81,6660.76,662.14396279,NO_PATTERN,NO_PATTERN
2020-04-02 08:00:00,6660.76,6683.63,6616.84,6667.2,456.58773324,DOJI,Neutral
2020-04-02 09:00:00,6663.63,6668.1,6642.81,6651.44,137.70927291,NO_PATTERN,NO_PATTERN
2020-04-02 10:00:00,6654.76,6720.0,6628.54,6663.46,442.26730478,NO_PATTERN,NO_PATTERN
2020-04-02 11:00:00,6663.07,6715.0,6620.14,6695.0,429.32580924,NO_PATTERN,NO_PATTERN
2020-04-02 12:00:00,6700.0,6733.49,6585.0,6666.43,826.95090716,NO_PATTERN,NO_PATTERN
2020-04-02 13:00:00,6666.35,6685.97,6630.83,6653.56,467.80709145,NO_PATTERN,NO_PATTERN
2020-04-02 14:00:00,6653.32,6830.35,6648.47,6795.0,2063.4267377,MORNINGSTAR,Neutral
2020-04-02 15:00:00,6794.99,6848.23,6732.27,6818.37,1255.28008805,NO_PATTERN,NO_PATTERN
2020-04-02 16:00:00,6818.38,6924.95,6804.02,6922.29,2255.37709466,NO_PATTERN,NO_PATTERN
2020-04-02 17:00:00,6923.02,7292.11,6920.39,7091.69,6317.24750139,NO_PATTERN,NO_PATTERN
2020-04-02 18:00:00,7091.68,7097.96,6761.66,6796.02,3142.02950739,NO_PATTERN,NO_PATTERN
2020-04-02 19:00:00,6793.91,6882.03,6730.0,6813.47,1071.21445674,NO_PATTERN,NO_PATTERN
2020-04-02 20:00:00,6813.47,6817.4,6650.0,6756.1,1274.50260546,HAMMER,Neutral
2020-04-02 21:00:00,6758.22,6860.91,6721.0,6841.87,1308.91872717,NO_PATTERN,NO_PATTERN
2020-04-02 22:00:00,6841.87,6875.0,6783.95,6852.94,943.59216254,DOJI,Neutral
2020-04-02 23:00:00,6851.68,6851.68,6742.99,6804.52,739.75180172,HAMMER,Neutral
2020-04-03 00:00:00,6804.24,6821.03,6730.93,6748.61,485.39883727,NO_PATTERN,NO_PATTERN
2020-04-03 01:00:00,6747.72,6810.0,6732.0,6808.57,277.75960542,ENGULFING,Bullish
2020-04-03 02:00:00,6807.0,6830.24,6785.0,6816.0,251.61156929,DRAGONFLYDOJI,Neutral
2020-04-03 03:00:00,6818.86,6833.7,6770.29,6789.42,338.3691552,ENGULFING,Bearish
2020-04-03 04:00:00,6788.67,6805.0,6770.0,6794.87,107.30643887000001,DRAGONFLYDOJI,Neutral
2020-04-03 05:00:00,6792.9,6799.32,6751.0,6784.97,166.02099236,HAMMER,Neutral
2020-04-03 06:00:00,6784.96,6832.19,6770.24,6809.9,236.88390469,ENGULFING,Bullish
2020-04-03 07:00:00,6807.24,6962.0,6796.53,6943.38,770.12780399,NO_PATTERN,NO_PATTERN
2020-04-03 08:00:00,6943.38,6993.0,6883.33,6933.75,381.74788841000003,NO_PATTERN,NO_PATTERN
2020-04-03 09:00:00,6935.27,6980.0,6902.24,6966.0,276.96803219,NO_PATTERN,NO_PATTERN
2020-04-03 10:00:00,6965.99,7050.0,6915.06,7021.22,683.34107699,NO_PATTERN,NO_PATTERN
2020-04-03 11:00:00,7025.0,7040.0,6939.91,7015.0,1076.03699204,NO_PATTERN,NO_PATTERN
2020-04-03 12:00:00,7015.0,7015.0,6844.42,6928.16,1060.73622776,NO_PATTERN,NO_PATTERN
2020-04-03 13:00:00,6927.09,6954.98,6832.48,6850.1,613.15691512,NO_PATTERN,NO_PATTERN
2020-04-03 14:00:00,6848.88,6869.96,6738.26,6799.89,1066.53721145,NO_PATTERN,NO_PATTERN
2020-04-03 15:00:00,6799.89,6828.0,6680.48,6722.09,1598.46889787,NO_PATTERN,NO_PATTERN
2020-04-03 16:00:00,6722.09,6779.93,6606.06,6766.68,1439.46201481,NO_PATTERN,NO_PATTERN
2020-04-03 17:00:00,6766.69,6797.99,6674.98,6725.38,1004.72866333,NO_PATTERN,NO_PATTERN
2020-04-03 18:00:00,6725.38,6761.28,6686.31,6754.26,483.69038052999997,NO_PATTERN,NO_PATTERN
2020-04-03 19:00:00,6756.47,6804.19,6747.95,6780.05,673.9354819600001,SHOOTINGSTAR,Neutral
2020-04-03 20:00:00,6781.15,6832.59,6693.84,6706.7,931.96253282,ENGULFING,Bearish
2020-04-03 21:00:00,6705.34,6765.55,6683.51,6736.41,501.02298471,NO_PATTERN,NO_PATTERN
2020-04-03 22:00:00,6738.47,6778.66,6720.08,6776.82,225.60779562,NO_PATTERN,NO_PATTERN
2020-04-03 23:00:00,6778.07,6794.87,6727.13,6741.99,262.59872396,NO_PATTERN,NO_PATTERN
2020-04-04 00:00:00,6741.99,6769.84,6721.46,6762.81,427.70928529,NO_PATTERN,NO_PATTERN
2020-04-04 01:00:00,6765.53,6809.86,6755.0,6768.02,375.02886506,DOJI,Neutral
2020-04-04 02:00:00,6767.75,6769.99,6686.17,6686.18,365.3309382,NO_PATTERN,NO_PATTERN
2020-04-04 03:00:00,6691.46,6721.3,6672.01,6704.98,254.71174607,HARAMI,Bullish
2020-04-04 04:00:00,6704.99,6744.06,6693.12,6727.01,141.86421857,NO_PATTERN,NO_PATTERN
2020-04-04 05:00:00,6727.01,6774.83,6720.04,6737.59,107.85458052,NO_PATTERN,NO_PATTERN
2020-04-04 06:00:00,6737.52,6742.57,6705.01,6737.19,90.07272202,DRAGONFLYDOJI,Neutral
2020-04-04 07:00:00,6737.19,6751.56,6723.45,6741.14,102.18154765,DOJI,Neutral
2020-04-04 08:00:00,6741.13,6790.0,6738.48,6790.0,136.61970232,NO_PATTERN,NO_PATTERN
2020-04-04 09:00:00,6790.0,6873.24,6751.98,6850.12,707.9453082900001,NO_PATTERN,NO_PATTERN
2020-04-04 10:00:00,6850.91,6904.53,6807.07,6891.24,424.83242785,NO_PATTERN,NO_PATTERN
2020-04-04 11:00:00,6891.25,6915.17,6658.16,6705.0,1014.82805133,3LINESTRIKE,Bull
2020-04-04 12:00:00,6705.33,6744.17,6675.67,6722.01,326.94380134,HARAMI,Bullish
2020-04-04 13:00:00,6722.0,6751.19,6701.01,6743.73,181.38311883,NO_PATTERN,NO_PATTERN
2020-04-04 14:00:00,6742.52,6745.06,6712.91,6722.74,199.73494612,NO_PATTERN,NO_PATTERN
2020-04-04 15:00:00,6721.0,6774.14,6718.25,6740.24,257.75242606,NO_PATTERN,NO_PATTERN
2020-04-04 16:00:00,6740.24,6812.17,6725.26,6800.0,501.7378577,NO_PATTERN,NO_PATTERN
2020-04-04 17:00:00,6800.0,6820.46,6776.46,6789.59,327.56269939,NO_PATTERN,NO_PATTERN
2020-04-04 18:00:00,6789.7,6816.89,6782.21,6786.69,250.0729367,GRAVESTONEDOJI,Neutral
2020-04-04 19:00:00,6786.69,6805.0,6730.01,6762.75,350.99714410999997,NO_PATTERN,NO_PATTERN
2020-04-04 20:00:00,6762.75,7025.53,6748.0,6844.27,2408.85965914,NO_PATTERN,NO_PATTERN
2020-04-04 21:00:00,6840.41,6911.25,6840.39,6880.8,628.14595781,NO_PATTERN,NO_PATTERN
2020-04-04 22:00:00,6880.0,6892.41,6798.99,6859.32,373.44221541999997,NO_PATTERN,NO_PATTERN
2020-04-04 23:00:00,6859.37,6885.0,6836.82,6874.77,244.14647279,NO_PATTERN,NO_PATTERN
2020-04-05 00:00:00,6874.77,6925.0,6850.84,6871.22,516.40263383,DOJI,Neutral
2020-04-05 01:00:00,6872.39,6893.41,6840.0,6863.58,300.26738921,NO_PATTERN,NO_PATTERN
2020-04-05 02:00:00,6863.58,6863.58,6810.0,6853.88,289.25267612,HAMMER,Neutral
2020-04-05 03:00:00,6853.87,6857.68,6800.0,6806.15,301.7675896,NO_PATTERN,NO_PATTERN
2020-04-05 04:00:00,6806.15,6806.15,6751.99,6780.08,587.21203131,NO_PATTERN,NO_PATTERN
2020-04-05 05:00:00,6780.09,6844.07,6767.22,6793.15,412.68762663,HARAMI,Bullish
2020-04-05 06:00:00,6788.03,6796.97,6745.46,6781.49,293.00987176,DOJI,Neutral
2020-04-05 07:00:00,6778.93,6793.93,6761.95,6779.72,156.79418077,DOJI,Neutral
2020-04-05 08:00:00,6779.71,6806.07,6757.99,6784.43,172.56726942,DOJI,Neutral
2020-04-05 09:00:00,6784.43,6833.98,6770.0,6774.79,213.83994978,NO_PATTERN,NO_PATTERN
2020-04-05 10:00:00,6774.79,6787.41,6746.31,6755.01,245.15246748,NO_PATTERN,NO_PATTERN
2020-04-05 11:00:00,6755.01,6822.25,6751.98,6783.32,428.70621822,NO_PATTERN,NO_PATTERN
2020-04-05 12:00:00,6783.31,6803.94,6762.64,6795.38,290.70669274,NO_PATTERN,NO_PATTERN
2020-04-05 13:00:00,6795.38,6829.12,6787.27,6801.8,170.80432554,NO_PATTERN,NO_PATTERN
2020-04-05 14:00:00,6801.8,6801.81,6772.55,6776.8,208.59075488,NO_PATTERN,NO_PATTERN
2020-04-05 15:00:00,6776.8,6809.93,6770.0,6793.74,241.30999709,NO_PATTERN,NO_PATTERN
2020-04-05 16:00:00,6793.74,6798.06,6773.0,6783.01,251.28471711,NO_PATTERN,NO_PATTERN
2020-04-05 17:00:00,6783.0,6842.01,6681.0,6810.01,1697.22991899,ENGULFING,Bullish
2020-04-05 18:00:00,6807.04,6826.39,6785.31,6803.42,398.28033121,HARAMI,Bear
2020-04-05 19:00:00,6803.42,6820.34,6795.01,6804.0,230.49353227,DOJI,Neutral
2020-04-05 20:00:00,6804.0,6804.0,6736.36,6761.1,480.91980518,NO_PATTERN,NO_PATTERN
2020-04-05 21:00:00,6761.1,6794.31,6729.45,6766.99,315.58644648,NO_PATTERN,NO_PATTERN
2020-04-05 22:00:00,6766.73,6816.67,6761.86,6808.23,478.91232785,NO_PATTERN,NO_PATTERN
2020-04-05 23:00:00,6808.23,6814.99,6775.68,6778.25,271.11207037,NO_PATTERN,NO_PATTERN
2020-04-06 00:00:00,6778.64,6888.0,6773.28,6879.1,998.41350314,NO_PATTERN,NO_PATTERN
2020-04-06 01:00:00,6877.81,6899.0,6833.2,6849.0,721.80168919,NO_PATTERN,NO_PATTERN
2020-04-06 02:00:00,6849.0,6857.53,6803.02,6829.78,473.02914493000003,NO_PATTERN,NO_PATTERN
2020-04-06 03:00:00,6830.06,6858.22,6828.1,6851.56,460.1399409,NO_PATTERN,NO_PATTERN
2020-04-06 04:00:00,6851.2,6975.0,6851.2,6957.91,1839.44207731,NO_PATTERN,NO_PATTERN
2020-04-06 05:00:00,6955.47,7018.0,6926.0,7010.0,1809.23297452,NO_PATTERN,NO_PATTERN
2020-04-06 06:00:00,7010.0,7119.0,6976.97,7096.0,1626.9270760900001,NO_PATTERN,NO_PATTERN
2020-04-06 07:00:00,7096.36,7119.99,6976.43,7041.05,1290.4214086900001,NO_PATTERN,NO_PATTERN
2020-04-06 08:00:00,7039.91,7096.26,7016.75,7054.72,652.0387386599999,NO_PATTERN,NO_PATTERN
2020-04-06 09:00:00,7053.0,7159.0,7048.69,7118.84,975.39879434,NO_PATTERN,NO_PATTERN
2020-04-06 10:00:00,7118.2,7167.16,7085.71,7091.3,750.86625109,HARAMI,Bearish
2020-04-06 11:00:00,7090.05,7139.9,7085.38,7111.46,690.93518047,NO_PATTERN,NO_PATTERN
2020-04-06 12:00:00,7111.47,7180.0,7110.0,7142.44,917.7992106,SHOOTINGSTAR,Neutral
2020-04-06 13:00:00,7142.44,7180.0,7051.01,7112.47,1534.73634395,NO_PATTERN,NO_PATTERN
2020-04-06 14:00:00,7111.6,7134.99,7072.15,7114.36,804.99580727,DOJI,Neutral
2020-04-06 15:00:00,7114.85,7164.25,7102.1,7155.84,868.13445452,NO_PATTERN,NO_PATTERN
2020-04-06 16:00:00,7155.85,7196.0,7092.43,7158.72,1442.33477605,DOJI,Neutral
2020-04-06 17:00:00,7158.8,7239.31,7145.0,7224.58,1866.22927028,NO_PATTERN,NO_PATTERN
2020-04-06 18:00:00,7224.58,7259.99,7190.0,7255.14,1161.82623043,NO_PATTERN,NO_PATTERN
2020-04-06 19:00:00,7255.14,7322.0,7232.95,7278.09,3078.33857395,NO_PATTERN,NO_PATTERN
2020-04-06 20:00:00,7278.09,7303.32,7194.55,7228.67,1483.83409937,NO_PATTERN,NO_PATTERN
2020-04-06 21:00:00,7228.67,7300.0,7215.0,7300.0,593.18917662,NO_PATTERN,NO_PATTERN
2020-04-06 22:00:00,7300.0,7300.0,7240.0,7277.56,493.75796699,NO_PATTERN,NO_PATTERN
2020-04-06 23:00:00,7277.56,7373.37,7256.09,7341.56,1345.74322549,NO_PATTERN,NO_PATTERN
2020-04-07 00:00:00,7341.55,7461.0,7315.77,7374.91,3608.36016008,NO_PATTERN,NO_PATTERN
2020-04-07 01:00:00,7374.91,7418.92,7351.1,7359.01,1285.3779649,NO_PATTERN,NO_PATTERN
2020-04-07 02:00:00,7354.13,7396.2,7257.75,7319.2,1268.04587521,NO_PATTERN,NO_PATTERN
2020-04-07 03:00:00,7319.2,7335.22,7273.24,7332.96,897.46747285,NO_PATTERN,NO_PATTERN
2020-04-07 04:00:00,7333.0,7336.63,7230.0,7258.77,845.96698904,ENGULFING,Bearish
2020-04-07 05:00:00,7258.57,7305.58,7251.95,7286.57,321.61991431,NO_PATTERN,NO_PATTERN
2020-04-07 06:00:00,7286.56,7315.0,7267.28,7315.0,390.64032056,NO_PATTERN,NO_PATTERN
2020-04-07 07:00:00,7311.87,7390.0,7310.11,7387.99,625.93505899,NO_PATTERN,NO_PATTERN
2020-04-07 08:00:00,7387.99,7390.0,7330.0,7368.89,189.24827986,NO_PATTERN,NO_PATTERN
2020-04-07 09:00:00,7368.89,7382.4,7348.08,7380.62,246.22605147,NO_PATTERN,NO_PATTERN
2020-04-07 10:00:00,7382.88,7451.02,7377.0,7437.57,806.30494418,NO_PATTERN,NO_PATTERN
2020-04-07 11:00:00,7437.58,7437.58,7371.13,7392.13,514.12052384,NO_PATTERN,NO_PATTERN
2020-04-07 12:00:00,7391.22,7466.0,7301.62,7346.88,1080.24344484,NO_PATTERN,NO_PATTERN
2020-04-07 13:00:00,7346.05,7407.81,7345.96,7361.2,636.35809052,NO_PATTERN,NO_PATTERN
2020-04-07 14:00:00,7362.05,7362.1,7271.0,7285.54,1095.39793061,ENGULFING,Bearish
2020-04-07 15:00:00,7290.29,7356.12,7287.63,7333.02,600.70979231,NO_PATTERN,NO_PATTERN
2020-04-07 16:00:00,7333.02,7400.0,7330.6,7377.88,702.60963414,NO_PATTERN,NO_PATTERN
2020-04-07 17:00:00,7378.08,7383.39,7335.0,7360.72,437.11055659,NO_PATTERN,NO_PATTERN
2020-04-07 18:00:00,7360.72,7360.73,7292.0,7314.36,725.6864511,NO_PATTERN,NO_PATTERN
2020-04-07 19:00:00,7314.34,7365.02,7290.17,7290.94,1100.88318748,INVERTEDHAMMER,Neutral
2020-04-07 20:00:00,7290.94,7294.25,7073.0,7119.5,3260.39868519,NO_PATTERN,NO_PATTERN
2020-04-07 21:00:00,7119.51,7226.7,7085.0,7176.95,953.20497915,NO_PATTERN,NO_PATTERN
2020-04-07 22:00:00,7176.95,7198.17,7135.0,7170.02,476.04965757,DOJI,Neutral
2020-04-07 23:00:00,7170.02,7214.99,7160.5,7200.01,582.04895139,NO_PATTERN,NO_PATTERN
2020-04-08 00:00:00,7200.01,7214.62,7155.13,7158.42,377.84370957,NO_PATTERN,NO_PATTERN
2020-04-08 01:00:00,7158.42,7189.39,7154.22,7161.0,355.92590445,GRAVESTONEDOJI,Neutral
2020-04-08 02:00:00,7160.0,7286.86,7160.0,7268.49,769.0100186,NO_PATTERN,NO_PATTERN
2020-04-08 03:00:00,7269.08,7396.99,7267.38,7351.79,1959.1625510699998,NO_PATTERN,NO_PATTERN
2020-04-08 04:00:00,7351.79,7376.59,7331.03,7361.51,626.59934809,DOJI,Neutral
2020-04-08 05:00:00,7360.62,7423.84,7336.74,7418.42,483.9906229,NO_PATTERN,NO_PATTERN
2020-04-08 06:00:00,7419.92,7430.0,7291.0,7315.58,606.0322423800001,ENGULFING,Bearish
2020-04-08 07:00:00,7315.58,7350.81,7308.81,7324.91,648.63349224,NO_PATTERN,NO_PATTERN
2020-04-08 08:00:00,7325.79,7337.8,7262.73,7297.58,312.48644047,ENGULFING,Bearish
2020-04-08 09:00:00,7296.94,7331.47,7280.56,7311.81,242.27038245,NO_PATTERN,NO_PATTERN
2020-04-08 10:00:00,7310.34,7344.97,7221.02,7253.93,773.34547065,NO_PATTERN,NO_PATTERN
2020-04-08 11:00:00,7253.92,7307.07,7237.09,7298.7,308.04702858,NO_PATTERN,NO_PATTERN
2020-04-08 12:00:00,7298.4,7372.82,7232.29,7284.0,682.5669014,NO_PATTERN,NO_PATTERN
2020-04-08 13:00:00,7284.01,7312.21,7196.45,7223.32,697.18575962,NO_PATTERN,NO_PATTERN
2020-04-08 14:00:00,7224.19,7274.99,7221.49,7272.92,481.29153,NO_PATTERN,NO_PATTERN
2020-04-08 15:00:00,7272.92,7301.93,7262.05,7282.02,530.81255486,NO_PATTERN,NO_PATTERN
2020-04-08 16:00:00,7282.01,7348.0,7260.01,7333.11,1082.36963661,NO_PATTERN,NO_PATTERN
2020-04-08 17:00:00,7335.64,7366.53,7302.95,7319.27,923.96116673,NO_PATTERN,NO_PATTERN
2020-04-08 18:00:00,7319.26,7343.67,7301.92,7327.66,627.607291,NO_PATTERN,NO_PATTERN
2020-04-08 19:00:00,7327.24,7344.12,7265.0,7316.84,693.37343614,NO_PATTERN,NO_PATTERN
2020-04-08 20:00:00,7317.5,7373.34,7307.96,7322.55,536.35242961,DOJI,Neutral
2020-04-08 21:00:00,7322.42,7370.0,7296.99,7335.2,469.63221385,NO_PATTERN,NO_PATTERN
2020-04-08 22:00:00,7335.11,7387.74,7325.02,7366.74,566.23056386,NO_PATTERN,NO_PATTERN
2020-04-08 23:00:00,7366.74,7397.5,7349.81,7370.11,642.92511632,DOJI,Neutral
2020-04-09 00:00:00,7370.38,7377.0,7329.2,7355.19,595.63046346,ENGULFING,Bearish
2020-04-09 01:00:00,7356.77,7359.99,7293.69,7322.49,496.52598315,NO_PATTERN,NO_PATTERN
2020-04-09 02:00:00,7320.65,7335.79,7301.6,7326.94,322.164772,DOJI,Neutral
2020-04-09 03:00:00,7326.91,7326.91,7261.01,7292.47,446.01273894999997,NO_PATTERN,NO_PATTERN
2020-04-09 04:00:00,7292.47,7305.89,7241.91,7296.02,414.66314612,DOJI,Neutral
2020-04-09 05:00:00,7296.02,7319.13,7278.84,7316.22,211.68232212,NO_PATTERN,NO_PATTERN
2020-04-09 06:00:00,7316.21,7329.99,7301.45,7323.75,154.33424235,NO_PATTERN,NO_PATTERN
2020-04-09 07:00:00,7327.26,7349.55,7293.33,7340.41,217.66793392,NO_PATTERN,NO_PATTERN
2020-04-09 08:00:00,7340.42,7363.99,7325.09,7344.33,213.90108814,DOJI,Neutral
2020-04-09 09:00:00,7344.32,7344.32,7305.79,7305.82,95.69722256,NO_PATTERN,NO_PATTERN
2020-04-09 10:00:00,7305.81,7325.0,7289.56,7319.57,221.03025853,NO_PATTERN,NO_PATTERN
2020-04-09 11:00:00,7319.57,7338.8,7137.45,7184.31,1161.92761625,NO_PATTERN,NO_PATTERN
2020-04-09 12:00:00,7189.09,7322.08,7110.0,7319.83,1202.82971439,NO_PATTERN,NO_PATTERN
2020-04-09 13:00:00,7318.75,7363.99,7290.0,7345.77,893.09196164,NO_PATTERN,NO_PATTERN
2020-04-09 14:00:00,7347.83,7365.0,7295.6,7333.2,641.54998257,NO_PATTERN,NO_PATTERN
2020-04-09 15:00:00,7334.41,7337.72,7260.0,7290.42,851.63129054,NO_PATTERN,NO_PATTERN
2020-04-09 16:00:00,7290.42,7306.53,7275.0,7287.69,535.75711368,DOJI,Neutral
2020-04-09 17:00:00,7288.39,7319.84,7280.53,7302.59,519.81896436,NO_PATTERN,NO_PATTERN
2020-04-09 18:00:00,7302.6,7302.6,7240.0,7263.37,852.4276264700001,ENGULFING,Bearish
2020-04-09 19:00:00,7263.38,7287.46,7246.62,7271.23,720.70721716,DOJI,Neutral
2020-04-09 20:00:00,7271.22,7312.0,7251.06,7307.31,611.72270264,NO_PATTERN,NO_PATTERN
2020-04-09 21:00:00,7307.31,7320.99,7278.9,7320.99,357.24228996,NO_PATTERN,NO_PATTERN
2020-04-09 22:00:00,7321.27,7323.55,7296.0,7321.63,257.16436845,DRAGONFLYDOJI,Neutral
2020-04-09 23:00:00,7321.07,7323.54,7289.06,7293.24,346.4573417,NO_PATTERN,NO_PATTERN
2020-04-10 00:00:00,7293.23,7305.91,7260.0,7303.48,378.13177769000004,HAMMER,Neutral
2020-04-10 01:00:00,7303.48,7305.56,7262.01,7270.53,264.58665108,NO_PATTERN,NO_PATTERN
2020-04-10 02:00:00,7270.53,7276.27,7210.53,7260.0,425.31544347,NO_PATTERN,NO_PATTERN
2020-04-10 03:00:00,7260.0,7260.0,7160.16,7182.56,537.05843654,NO_PATTERN,NO_PATTERN
2020-04-10 04:00:00,7182.56,7182.56,7089.12,7148.5,1291.3644428,NO_PATTERN,NO_PATTERN
2020-04-10 05:00:00,7148.51,7148.51,6917.68,6958.94,2579.22707633,NO_PATTERN,NO_PATTERN
2020-04-10 06:00:00,6955.6,7006.1,6937.0,6964.75,922.2710496,NO_PATTERN,NO_PATTERN
2020-04-10 07:00:00,6964.76,6964.76,6875.0,6931.01,1441.27877656,HAMMER,Neutral
2020-04-10 08:00:00,6933.53,6961.27,6880.54,6925.92,544.4982390600001,DOJI,Neutral
2020-04-10 09:00:00,6924.89,6940.47,6852.92,6930.01,644.470606,DOJI,Neutral
2020-04-10 10:00:00,6929.73,6957.21,6900.41,6939.84,305.77178518,NO_PATTERN,NO_PATTERN
2020-04-10 11:00:00,6939.84,6939.84,6900.0,6902.19,334.5463641,NO_PATTERN,NO_PATTERN
2020-04-10 12:00:00,6902.19,6937.55,6888.07,6935.2,469.41756938000003,NO_PATTERN,NO_PATTERN
2020-04-10 13:00:00,6934.69,6934.7,6812.78,6914.01,1072.60743014,NO_PATTERN,NO_PATTERN
2020-04-10 14:00:00,6914.01,6925.0,6840.0,6857.78,849.81490806,NO_PATTERN,NO_PATTERN
2020-04-10 15:00:00,6857.74,6875.23,6750.0,6775.69,2011.66580996,NO_PATTERN,NO_PATTERN
2020-04-10 16:00:00,6775.82,6877.38,6750.0,6877.38,1005.75571469,NO_PATTERN,NO_PATTERN
2020-04-10 17:00:00,6873.3,6910.0,6854.48,6878.06,1012.0388549,DOJI,Neutral
2020-04-10 18:00:00,6878.06,6935.0,6861.21,6923.77,572.4022851,NO_PATTERN,NO_PATTERN
2020-04-10 19:00:00,6923.77,6962.16,6873.83,6917.95,865.09457947,DOJI,Neutral
2020-04-10 20:00:00,6917.94,6934.87,6880.79,6920.49,462.03198179,DOJI,Neutral
2020-04-10 21:00:00,6920.49,6949.43,6900.0,6908.43,464.02868356,NO_PATTERN,NO_PATTERN
2020-04-10 22:00:00,6908.44,6932.57,6837.55,6870.0,684.39657679,NO_PATTERN,NO_PATTERN
2020-04-10 23:00:00,6870.0,6889.11,6832.18,6871.91,436.60813899,DOJI,Neutral
2020-04-11 00:00:00,6871.83,6921.0,6850.87,6915.43,377.29735118,NO_PATTERN,NO_PATTERN
2020-04-11 01:00:00,6916.04,6932.74,6892.26,6919.34,311.84810834,DOJI,Neutral
2020-04-11 02:00:00,6919.36,6931.68,6895.03,6919.0,261.06381394,DOJI,Neutral
2020-04-11 03:00:00,6919.0,6926.55,6905.0,6921.61,215.09309668,DRAGONFLYDOJI,Neutral
2020-04-11 04:00:00,6921.55,6955.0,6917.8,6924.04,375.4715242,GRAVESTONEDOJI,Neutral
2020-04-11 05:00:00,6923.74,6946.0,6908.75,6938.79,262.70772225999997,NO_PATTERN,NO_PATTERN
2020-04-11 06:00:00,6938.31,6947.02,6924.61,6935.87,223.79317433,HARAMI,Bear
2020-04-11 07:00:00,6935.87,6935.89,6876.0,6888.11,547.23459049,NO_PATTERN,NO_PATTERN
2020-04-11 08:00:00,6888.12,6907.4,6870.51,6888.64,189.27762653,HARAMI,Bull
2020-04-11 09:00:00,6888.64,6893.23,6842.0,6871.28,222.38410016,NO_PATTERN,NO_PATTERN
2020-04-11 10:00:00,6870.3,6882.05,6846.25,6852.53,155.81612356,NO_PATTERN,NO_PATTERN
2020-04-11 11:00:00,6849.69,6905.42,6848.91,6890.85,205.00807939,ENGULFING,Bullish
2020-04-11 12:00:00,6890.85,6899.25,6870.0,6882.79,186.07035371999999,NO_PATTERN,NO_PATTERN
2020-04-11 13:00:00,6882.79,6892.72,6856.65,6862.57,148.58853944999998,NO_PATTERN,NO_PATTERN
2020-04-11 14:00:00,6863.1,6863.3,6815.21,6827.17,768.49965837,NO_PATTERN,NO_PATTERN
2020-04-11 15:00:00,6826.64,6870.47,6826.64,6844.55,293.29659058,NO_PATTERN,NO_PATTERN
2020-04-11 16:00:00,6844.55,6871.63,6806.02,6826.64,375.90223635,NO_PATTERN,NO_PATTERN
2020-04-11 17:00:00,6826.65,6838.0,6794.0,6797.69,537.52884329,NO_PATTERN,NO_PATTERN
2020-04-11 18:00:00,6797.69,6840.7,6791.47,6825.97,399.25608848,NO_PATTERN,NO_PATTERN
2020-04-11 19:00:00,6825.96,6838.95,6800.01,6813.9,345.24286247000003,HARAMI,Bearish
2020-04-11 20:00:00,6813.88,6813.88,6775.0,6796.08,596.07962039,HAMMER,Neutral
2020-04-11 21:00:00,6797.0,6880.42,6780.2,6873.0,449.36688587,NO_PATTERN,NO_PATTERN
2020-04-11 22:00:00,6872.99,6884.61,6854.03,6868.72,283.70740771,HARAMI,Bear
2020-04-11 23:00:00,6868.72,6895.12,6855.0,6889.65,293.60758136,NO_PATTERN,NO_PATTERN
2020-04-12 00:00:00,6889.78,6913.83,6869.72,6873.36,360.83006257,NO_PATTERN,NO_PATTERN
2020-04-12 01:00:00,6873.36,6885.0,6850.23,6858.75,256.15197689,NO_PATTERN,NO_PATTERN
2020-04-12 02:00:00,6858.76,6861.06,6806.21,6834.1,804.1040262399999,NO_PATTERN,NO_PATTERN
2020-04-12 03:00:00,6835.1,6839.0,6812.75,6820.26,216.25542664,NO_PATTERN,NO_PATTERN
2020-04-12 04:00:00,6820.26,6835.27,6787.44,6831.0,324.18850242,HAMMER,Neutral
2020-04-12 05:00:00,6831.1,6855.23,6820.89,6843.77,145.43019407,NO_PATTERN,NO_PATTERN
2020-04-12 06:00:00,6843.77,6849.93,6823.76,6832.78,134.34185685,NO_PATTERN,NO_PATTERN
2020-04-12 07:00:00,6835.57,6850.46,6815.3,6838.76,159.80735673,DOJI,Neutral
2020-04-12 08:00:00,6841.59,6851.49,6837.69,6840.27,186.15041286,SHOOTINGSTAR,Neutral
2020-04-12 09:00:00,6840.26,6870.0,6840.26,6856.37,124.24694668000001,ENGULFING,Bullish
2020-04-12 10:00:00,6856.64,6861.55,6840.78,6842.42,59.41589522,NO_PATTERN,NO_PATTERN
2020-04-12 11:00:00,6842.42,6888.0,6842.42,6862.19,162.72626227,NO_PATTERN,NO_PATTERN
2020-04-12 12:00:00,6860.65,6946.99,6860.65,6927.26,466.27870726000003,NO_PATTERN,NO_PATTERN
2020-04-12 13:00:00,6923.74,6943.47,6896.04,6931.0,272.49052271,NO_PATTERN,NO_PATTERN
2020-04-12 14:00:00,6931.0,7019.68,6924.73,6982.0,863.21573382,NO_PATTERN,NO_PATTERN
2020-04-12 15:00:00,6981.99,7045.17,6981.99,7037.41,736.47131258,NO_PATTERN,NO_PATTERN
2020-04-12 16:00:00,7037.41,7164.02,7035.0,7164.02,1669.76023823,NO_PATTERN,NO_PATTERN
2020-04-12 17:00:00,7164.02,7200.0,7082.19,7123.91,1532.27592856,NO_PATTERN,NO_PATTERN
2020-04-12 18:00:00,7123.55,7135.0,7088.46,7123.05,460.61371897,DOJI,Neutral
2020-04-12 19:00:00,7124.58,7169.0,7122.0,7132.41,396.05110007,SHOOTINGSTAR,Neutral
2020-04-12 20:00:00,7132.41,7174.0,7096.51,7124.61,577.57194717,NO_PATTERN,NO_PATTERN
2020-04-12 21:00:00,7126.29,7140.56,7070.64,7130.57,501.02436317,DOJI,Neutral
2020-04-12 22:00:00,7130.56,7150.0,6962.82,7044.9,1327.2426816500001,NO_PATTERN,NO_PATTERN
2020-04-12 23:00:00,7044.0,7050.0,6882.31,6908.13,923.9377673399999,NO_PATTERN,NO_PATTERN
2020-04-13 00:00:00,6908.12,6908.13,6555.0,6730.0,5169.998087,NO_PATTERN,NO_PATTERN
2020-04-13 01:00:00,6729.36,6748.43,6655.0,6698.4,1199.27390464,NO_PATTERN,NO_PATTERN
2020-04-13 02:00:00,6698.4,6733.18,6666.67,6729.06,879.28736354,NO_PATTERN,NO_PATTERN
2020-04-13 03:00:00,6729.06,6729.06,6677.07,6690.44,410.36786345,NO_PATTERN,NO_PATTERN
2020-04-13 04:00:00,6689.0,6719.87,6656.0,6695.65,478.75151326,DOJI,Neutral
2020-04-13 05:00:00,6695.44,6724.82,6688.81,6704.57,334.93581575,GRAVESTONEDOJI,Neutral
2020-04-13 06:00:00,6703.54,6745.66,6697.01,6745.0,415.1215915,NO_PATTERN,NO_PATTERN
2020-04-13 07:00:00,6745.66,6746.0,6687.05,6707.6,464.49858107,NO_PATTERN,NO_PATTERN
2020-04-13 08:00:00,6707.59,6736.71,6696.22,6715.65,337.4525042,DOJI,Neutral
2020-04-13 09:00:00,6714.67,6717.42,6671.56,6694.62,353.7817926,HAMMER,Neutral
2020-04-13 10:00:00,6694.63,6734.73,6694.62,6733.85,243.10308856,NO_PATTERN,NO_PATTERN
2020-04-13 11:00:00,6733.73,6849.98,6715.0,6790.83,970.18773027,NO_PATTERN,NO_PATTERN
2020-04-13 12:00:00,6789.84,6791.08,6676.86,6707.51,1282.05587126,NO_PATTERN,NO_PATTERN
2020-04-13 13:00:00,6707.66,6738.9,6613.53,6624.4,1591.34287942,NO_PATTERN,NO_PATTERN
2020-04-13 14:00:00,6628.0,6774.0,6616.35,6733.06,1149.77951996,NO_PATTERN,NO_PATTERN
2020-04-13 15:00:00,6733.05,6819.99,6711.16,6782.13,974.67834179,NO_PATTERN,NO_PATTERN
2020-04-13 16:00:00,6782.13,6819.19,6746.42,6769.05,851.47563218,NO_PATTERN,NO_PATTERN
2020-04-13 17:00:00,6768.45,6797.67,6754.1,6765.02,464.72498091,DOJI,Neutral
2020-04-13 18:00:00,6765.01,6797.82,6760.28,6766.03,735.0956392100001,GRAVESTONEDOJI,Neutral
2020-04-13 19:00:00,6765.93,6823.94,6765.93,6790.52,818.50311134,NO_PATTERN,NO_PATTERN
2020-04-13 20:00:00,6790.51,6845.0,6788.19,6828.62,562.90478962,NO_PATTERN,NO_PATTERN
2020-04-13 21:00:00,6829.22,6898.0,6816.53,6846.06,895.42326873,NO_PATTERN,NO_PATTERN
2020-04-13 22:00:00,6846.06,6905.1,6823.86,6890.14,685.6560345299999,NO_PATTERN,NO_PATTERN
2020-04-13 23:00:00,6887.52,6906.51,6838.61,6861.21,981.31149471,HARAMI,Bearish
2020-04-14 00:00:00,6860.51,6894.23,6827.15,6845.11,510.50400139,NO_PATTERN,NO_PATTERN
2020-04-14 01:00:00,6845.11,6869.98,6821.7,6865.27,436.22194296,NO_PATTERN,NO_PATTERN
2020-04-14 02:00:00,6865.2,6886.5,6860.48,6867.27,395.67874856,GRAVESTONEDOJI,Neutral
2020-04-14 03:00:00,6867.26,6924.25,6854.33,6902.01,558.86980802,NO_PATTERN,NO_PATTERN
2020-04-14 04:00:00,6902.58,6933.48,6891.14,6898.55,578.03418572,DOJI,Neutral
2020-04-14 05:00:00,6898.36,6912.52,6881.09,6897.38,282.00295319,DOJI,Neutral
2020-04-14 06:00:00,6897.38,6898.98,6868.95,6885.18,149.18735974999998,HAMMER,Neutral
2020-04-14 07:00:00,6886.43,6909.34,6828.45,6831.21,512.06240386,NO_PATTERN,NO_PATTERN
2020-04-14 08:00:00,6830.78,6830.78,6771.41,6795.19,775.49825515,NO_PATTERN,NO_PATTERN
2020-04-14 09:00:00,6795.26,6868.63,6778.57,6862.02,416.84176773,NO_PATTERN,NO_PATTERN
2020-04-14 10:00:00,6862.02,6894.19,6837.2,6840.82,498.25281574,NO_PATTERN,NO_PATTERN
2020-04-14 11:00:00,6839.53,6881.33,6826.12,6845.59,388.83151671999997,NO_PATTERN,NO_PATTERN
2020-04-14 12:00:00,6845.28,6860.0,6815.76,6857.72,479.19567097000004,NO_PATTERN,NO_PATTERN
2020-04-14 13:00:00,6857.72,6910.9,6854.44,6910.71,838.73032363,NO_PATTERN,NO_PATTERN
2020-04-14 14:00:00,6909.19,6978.0,6871.84,6904.52,1245.36901003,HARAMI,Bear
2020-04-14 15:00:00,6904.52,6950.37,6890.2,6920.89,631.22276828,NO_PATTERN,NO_PATTERN
2020-04-14 16:00:00,6920.9,6970.56,6895.0,6965.26,752.54376302,NO_PATTERN,NO_PATTERN
2020-04-14 17:00:00,6964.18,6997.38,6924.0,6931.45,621.7535069099999,NO_PATTERN,NO_PATTERN
2020-04-14 18:00:00,6930.19,6950.0,6906.31,6917.7,417.59656248,NO_PATTERN,NO_PATTERN
2020-04-14 19:00:00,6917.71,6934.28,6874.49,6927.7,554.22781302,HAMMER,Neutral
2020-04-14 20:00:00,6928.05,6941.83,6846.9,6871.31,631.47044935,ENGULFING,Bearish
2020-04-14 21:00:00,6871.31,6892.78,6850.0,6860.62,378.89833211,NO_PATTERN,NO_PATTERN
2020-04-14 22:00:00,6860.62,6916.67,6845.65,6883.93,426.9513534,NO_PATTERN,NO_PATTERN
2020-04-14 23:00:00,6883.92,6899.48,6851.0,6877.37,343.56918069,DOJI,Neutral
2020-04-15 00:00:00,6876.92,6877.13,6809.0,6841.5,450.01680466,NO_PATTERN,NO_PATTERN
2020-04-15 01:00:00,6841.5,6885.32,6833.34,6884.86,250.49521586,NO_PATTERN,NO_PATTERN
2020-04-15 02:00:00,6884.99,6912.0,6872.67,6901.21,492.97758987000003,NO_PATTERN,NO_PATTERN
2020-04-15 03:00:00,6901.2,6923.17,6886.0,6913.32,244.38332292,NO_PATTERN,NO_PATTERN
2020-04-15 04:00:00,6913.1,6940.0,6897.01,6900.5,333.44224703,NO_PATTERN,NO_PATTERN
2020-04-15 05:00:00,6900.49,6920.81,6886.34,6919.67,388.46359903,ENGULFING,Bullish
2020-04-15 06:00:00,6919.67,6931.68,6892.41,6894.62,192.95635368,NO_PATTERN,NO_PATTERN
2020-04-15 07:00:00,6895.75,6902.34,6866.15,6873.15,447.61937205,NO_PATTERN,NO_PATTERN
2020-04-15 08:00:00,6872.89,6886.26,6842.5,6854.31,522.45455684,NO_PATTERN,NO_PATTERN
2020-04-15 09:00:00,6854.33,6865.46,6830.0,6845.01,669.70710157,NO_PATTERN,NO_PATTERN
2020-04-15 10:00:00,6845.0,6872.86,6764.93,6788.17,802.8657206199999,NO_PATTERN,NO_PATTERN
2020-04-15 11:00:00,6787.76,6802.61,6754.58,6781.65,844.49146314,NO_PATTERN,NO_PATTERN
2020-04-15 12:00:00,6781.66,6781.66,6690.06,6718.67,1622.71439166,NO_PATTERN,NO_PATTERN
2020-04-15 13:00:00,6717.33,6754.6,6690.87,6734.06,970.37542385,NO_PATTERN,NO_PATTERN
2020-04-15 14:00:00,6734.05,6771.06,6720.99,6725.39,594.48262485,NO_PATTERN,NO_PATTERN
2020-04-15 15:00:00,6725.39,6746.38,6688.36,6703.34,615.12064813,NO_PATTERN,NO_PATTERN
2020-04-15 16:00:00,6703.86,6754.62,6688.0,6737.78,494.23500583,NO_PATTERN,NO_PATTERN
2020-04-15 17:00:00,6737.79,6766.24,6735.0,6756.62,298.22995213,NO_PATTERN,NO_PATTERN
2020-04-15 18:00:00,6756.62,6778.34,6755.06,6759.32,432.4995755,GRAVESTONEDOJI,Neutral
2020-04-15 19:00:00,6759.32,6759.32,6733.0,6733.0,383.50055672,NO_PATTERN,NO_PATTERN
2020-04-15 20:00:00,6733.0,6760.43,6724.6,6752.83,336.01060871,NO_PATTERN,NO_PATTERN
2020-04-15 21:00:00,6752.18,6768.84,6732.84,6735.67,387.72405867,NO_PATTERN,NO_PATTERN
2020-04-15 22:00:00,6736.25,6739.88,6696.0,6715.02,640.34501033,NO_PATTERN,NO_PATTERN
2020-04-15 23:00:00,6715.02,6717.89,6605.89,6624.12,2299.80452994,NO_PATTERN,NO_PATTERN
2020-04-16 00:00:00,6623.62,6623.62,6456.0,6575.8,3158.83378114,NO_PATTERN,NO_PATTERN
2020-04-16 01:00:00,6575.8,6672.33,6550.01,6631.42,1030.58821252,NO_PATTERN,NO_PATTERN
2020-04-16 02:00:00,6630.96,6654.2,6609.4,6647.94,643.47878162,NO_PATTERN,NO_PATTERN
2020-04-16 03:00:00,6647.94,6675.0,6600.0,6658.0,412.36500194,NO_PATTERN,NO_PATTERN
2020-04-16 04:00:00,6658.0,6684.39,6631.82,6632.17,294.16689383,NO_PATTERN,NO_PATTERN
2020-04-16 05:00:00,6632.17,6659.85,6632.12,6644.12,138.9719628,NO_PATTERN,NO_PATTERN
2020-04-16 06:00:00,6644.12,6700.0,6644.11,6699.0,206.09369663,NO_PATTERN,NO_PATTERN
2020-04-16 07:00:00,6698.14,6980.0,6695.04,6898.61,3607.27847173,NO_PATTERN,NO_PATTERN
2020-04-16 08:00:00,6900.0,7153.0,6881.3,7050.01,2284.07166493,NO_PATTERN,NO_PATTERN
2020-04-16 09:00:00,7054.24,7108.48,7028.45,7039.82,644.3602366,NO_PATTERN,NO_PATTERN
2020-04-16 10:00:00,7039.42,7073.21,6921.16,6965.6,1054.76202755,NO_PATTERN,NO_PATTERN
2020-04-16 11:00:00,6963.63,7069.96,6946.55,7030.44,721.48910254,NO_PATTERN,NO_PATTERN
2020-04-16 12:00:00,7031.38,7095.0,6942.91,7071.29,1388.82573977,NO_PATTERN,NO_PATTERN
2020-04-16 13:00:00,7071.29,7096.56,6980.0,6990.0,1279.52294479,EVENINGSTAR,Neutral
2020-04-16 14:00:00,6990.01,7039.2,6983.68,7029.03,620.26849729,HARAMI,Bullish
2020-04-16 15:00:00,7029.03,7070.16,7011.61,7058.95,994.3369726,NO_PATTERN,NO_PATTERN
2020-04-16 16:00:00,7058.91,7072.88,6962.9,7013.89,1178.2272580000001,NO_PATTERN,NO_PATTERN
2020-04-16 17:00:00,7013.89,7030.04,6997.51,7012.9,366.77310015,DOJI,Neutral
2020-04-16 18:00:00,7012.9,7046.43,6984.05,7016.78,454.38260347,DOJI,Neutral
2020-04-16 19:00:00,7016.79,7104.63,7004.63,7084.31,857.116152,NO_PATTERN,NO_PATTERN
2020-04-16 20:00:00,7084.31,7084.31,6980.17,7061.57,1206.95481849,NO_PATTERN,NO_PATTERN
2020-04-16 21:00:00,7061.64,7089.99,7038.25,7078.99,939.39756635,NO_PATTERN,NO_PATTERN
2020-04-16 22:00:00,7078.99,7188.0,7074.8,7175.39,2523.84155186,NO_PATTERN,NO_PATTERN
2020-04-16 23:00:00,7176.77,7217.27,7080.0,7112.64,2055.22645872,NO_PATTERN,NO_PATTERN
2020-04-17 00:00:00,7114.76,7155.16,7017.56,7077.21,1136.38251049,NO_PATTERN,NO_PATTERN
2020-04-17 01:00:00,7077.09,7148.37,7077.05,7120.58,532.20997086,ENGULFING,Bullish
2020-04-17 02:00:00,7120.57,7121.74,7069.86,7069.89,356.84698088,NO_PATTERN,NO_PATTERN
2020-04-17 03:00:00,7069.88,7102.0,7056.0,7095.35,530.78201437,NO_PATTERN,NO_PATTERN
2020-04-17 04:00:00,7095.31,7095.31,7022.05,7049.01,484.93241766,NO_PATTERN,NO_PATTERN
2020-04-17 05:00:00,7048.72,7091.8,7035.23,7076.11,183.93791119,NO_PATTERN,NO_PATTERN
2020-04-17 06:00:00,7076.11,7076.11,7031.38,7064.74,280.09374274,NO_PATTERN,NO_PATTERN
2020-04-17 07:00:00,7064.74,7076.43,7036.68,7059.07,866.96229882,DOJI,Neutral
2020-04-17 08:00:00,7059.07,7088.09,7041.95,7073.7,917.4207747400001,NO_PATTERN,NO_PATTERN
2020-04-17 09:00:00,7073.69,7134.0,7071.66,7112.95,380.54626983,NO_PATTERN,NO_PATTERN
2020-04-17 10:00:00,7112.95,7121.97,7091.32,7110.63,360.75553799,DOJI,Neutral
2020-04-17 11:00:00,7110.57,7130.58,7066.81,7082.41,388.6655365,NO_PATTERN,NO_PATTERN
2020-04-17 12:00:00,7082.41,7110.0,7077.0,7110.0,271.2909434,NO_PATTERN,NO_PATTERN
2020-04-17 13:00:00,7110.0,7114.16,7000.0,7070.92,1602.6410663699999,NO_PATTERN,NO_PATTERN
2020-04-17 14:00:00,7070.3,7083.44,7022.4,7036.3,924.40592692,NO_PATTERN,NO_PATTERN
2020-04-17 15:00:00,7036.29,7071.76,7024.04,7048.04,798.60458123,NO_PATTERN,NO_PATTERN
2020-04-17 16:00:00,7048.04,7069.0,7042.83,7067.36,423.45734228000003,NO_PATTERN,NO_PATTERN
2020-04-17 17:00:00,7066.19,7074.99,7040.0,7051.17,294.94424585,NO_PATTERN,NO_PATTERN
2020-04-17 18:00:00,7051.15,7053.21,7028.09,7041.45,331.26025727,HAMMER,Neutral
2020-04-17 19:00:00,7041.21,7094.02,7041.02,7076.99,482.93176073999996,ENGULFING,Bullish
2020-04-17 20:00:00,7077.0,7090.33,7050.59,7061.62,313.24866806,NO_PATTERN,NO_PATTERN
2020-04-17 21:00:00,7061.62,7083.0,7041.16,7050.7,325.67686909,NO_PATTERN,NO_PATTERN
2020-04-17 22:00:00,7049.71,7069.06,7047.62,7062.87,270.92442422,ENGULFING,Bullish
2020-04-17 23:00:00,7061.94,7156.66,7021.0,7037.46,1034.35865549,NO_PATTERN,NO_PATTERN
2020-04-18 00:00:00,7036.45,7084.96,7021.0,7078.74,390.46071193,ENGULFING,Bullish
2020-04-18 01:00:00,7079.57,7098.99,7073.28,7090.0,204.81466793,NO_PATTERN,NO_PATTERN
2020-04-18 02:00:00,7089.35,7120.25,7084.82,7088.04,330.60010725,GRAVESTONEDOJI,Neutral
2020-04-18 03:00:00,7091.99,7118.92,7088.41,7101.32,253.32590646,SHOOTINGSTAR,Neutral
2020-04-18 04:00:00,7101.32,7115.07,7092.01,7092.86,153.27435912,NO_PATTERN,NO_PATTERN
2020-04-18 05:00:00,7092.86,7130.0,7092.85,7111.58,181.50475326,NO_PATTERN,NO_PATTERN
2020-04-18 06:00:00,7111.58,7120.08,7100.0,7100.3,152.35586758,NO_PATTERN,NO_PATTERN
2020-04-18 07:00:00,7100.29,7111.09,7090.88,7101.93,196.8900559,DOJI,Neutral
2020-04-18 08:00:00,7101.76,7120.0,7093.22,7101.73,118.27730344,DOJI,Neutral
2020-04-18 09:00:00,7101.73,7110.12,7096.19,7098.31,113.25216741,GRAVESTONEDOJI,Neutral
2020-04-18 10:00:00,7098.3,7099.32,7061.19,7089.38,323.38427775,HAMMER,Neutral
2020-04-18 11:00:00,7089.39,7130.0,7068.33,7114.3,164.91054327,NO_PATTERN,NO_PATTERN
2020-04-18 12:00:00,7112.82,7171.24,7086.03,7141.0,710.16577365,NO_PATTERN,NO_PATTERN
2020-04-18 13:00:00,7141.0,7275.0,7133.75,7250.0,1359.96042387,NO_PATTERN,NO_PATTERN
2020-04-18 14:00:00,7250.23,7283.99,7222.82,7236.99,694.95501947,NO_PATTERN,NO_PATTERN
2020-04-18 15:00:00,7236.99,7255.97,7218.62,7250.0,1016.88895731,NO_PATTERN,NO_PATTERN
2020-04-18 16:00:00,7250.0,7261.32,7168.0,7196.0,1296.95247447,NO_PATTERN,NO_PATTERN
2020-04-18 17:00:00,7196.0,7221.7,7185.0,7199.36,462.41329519,DOJI,Neutral
2020-04-18 18:00:00,7200.27,7209.26,7185.21,7200.0,287.3328972,DOJI,Neutral
2020-04-18 19:00:00,7200.0,7238.0,7195.34,7225.01,510.19286325,NO_PATTERN,NO_PATTERN
2020-04-18 20:00:00,7225.01,7238.0,7208.12,7233.62,346.15773187,NO_PATTERN,NO_PATTERN
2020-04-18 21:00:00,7232.87,7244.79,7220.87,7229.51,355.96557596,DOJI,Neutral
2020-04-18 22:00:00,7230.18,7308.0,7222.1,7276.91,1281.04260118,NO_PATTERN,NO_PATTERN
2020-04-18 23:00:00,7275.46,7290.0,7241.27,7261.76,554.1404701,HARAMI,Bearish
2020-04-19 00:00:00,7262.04,7275.0,7196.06,7235.19,631.85552935,NO_PATTERN,NO_PATTERN
2020-04-19 01:00:00,7235.18,7244.76,7206.39,7236.42,222.84247493,DOJI,Neutral
2020-04-19 02:00:00,7235.01,7253.22,7220.93,7243.64,197.16963379,NO_PATTERN,NO_PATTERN
2020-04-19 03:00:00,7243.55,7247.47,7226.15,7241.72,207.57043471,DRAGONFLYDOJI,Neutral
2020-04-19 04:00:00,7241.71,7254.03,7230.58,7232.51,114.79866228,INVERTEDHAMMER,Neutral
2020-04-19 05:00:00,7231.32,7237.78,7102.52,7127.85,1056.3487881400001,NO_PATTERN,NO_PATTERN
2020-04-19 06:00:00,7127.13,7185.63,7107.65,7163.93,347.52625025000003,NO_PATTERN,NO_PATTERN
2020-04-19 07:00:00,7162.96,7173.17,7133.18,7156.69,180.59384305,HARAMI,Bearish
2020-04-19 08:00:00,7155.93,7162.26,7131.59,7154.35,158.49910512,DOJI,Neutral
2020-04-19 09:00:00,7154.34,7194.17,7139.39,7181.75,183.58885864,ENGULFING,Bullish
2020-04-19 10:00:00,7181.74,7192.94,7165.08,7177.56,100.19801658,HARAMI,Bear
2020-04-19 11:00:00,7177.01,7178.35,7146.29,7170.72,170.63111973,HAMMER,Neutral
2020-04-19 12:00:00,7171.83,7180.0,7156.26,7167.55,177.45669531,DOJI,Neutral
2020-04-19 13:00:00,7167.15,7168.38,7090.0,7108.3,531.74652835,NO_PATTERN,NO_PATTERN
2020-04-19 14:00:00,7108.33,7118.58,7063.02,7115.25,703.04002622,HARAMI,Bullish
2020-04-19 15:00:00,7115.24,7128.0,7101.01,7105.82,312.77040433999997,NO_PATTERN,NO_PATTERN
2020-04-19 16:00:00,7107.07,7140.0,7100.0,7130.74,350.77168683,NO_PATTERN,NO_PATTERN
2020-04-19 17:00:00,7130.74,7183.39,7123.82,7170.0,615.09575235,NO_PATTERN,NO_PATTERN
2020-04-19 18:00:00,7169.99,7177.97,7146.29,7157.0,231.13887617,HARAMI,Bearish
2020-04-19 19:00:00,7157.0,7161.94,7123.16,7145.49,252.98686802,NO_PATTERN,NO_PATTERN
2020-04-19 20:00:00,7137.49,7159.93,7127.09,7150.14,155.69910916999999,NO_PATTERN,NO_PATTERN
2020-04-19 21:00:00,7150.14,7212.07,7150.13,7197.86,378.46079754,NO_PATTERN,NO_PATTERN
2020-04-19 22:00:00,7198.4,7210.72,7165.85,7186.76,1013.18667986,NO_PATTERN,NO_PATTERN
2020-04-19 23:00:00,7188.47,7199.95,7119.02,7130.71,577.1575361,NO_PATTERN,NO_PATTERN
2020-04-20 00:00:00,7130.7,7185.11,7096.69,7174.01,467.63796677,NO_PATTERN,NO_PATTERN
2020-04-20 01:00:00,7174.01,7180.98,7146.32,7171.33,227.66153988,DOJI,Neutral
2020-04-20 02:00:00,7170.58,7196.32,7158.26,7186.17,222.48351281,ENGULFING,Bullish
2020-04-20 03:00:00,7185.31,7193.72,7169.86,7177.67,181.22652658,NO_PATTERN,NO_PATTERN
2020-04-20 04:00:00,7177.68,7227.11,7176.1,7182.98,466.52074664,NO_PATTERN,NO_PATTERN
2020-04-20 05:00:00,7186.22,7194.06,7164.93,7181.24,272.42498861,NO_PATTERN,NO_PATTERN
2020-04-20 06:00:00,7183.33,7189.11,7163.74,7175.96,150.61947163,NO_PATTERN,NO_PATTERN
2020-04-20 07:00:00,7175.95,7201.95,7164.51,7196.54,305.30824158,ENGULFING,Bullish
2020-04-20 08:00:00,7196.15,7197.01,7145.96,7161.77,276.59030966,NO_PATTERN,NO_PATTERN
2020-04-20 09:00:00,7161.78,7168.89,7130.0,7157.29,236.54402738000002,DOJI,Neutral
2020-04-20 10:00:00,7157.28,7157.29,7035.59,7082.06,1055.7445005,NO_PATTERN,NO_PATTERN
2020-04-20 11:00:00,7081.17,7088.73,6961.28,6972.12,1448.95331313,NO_PATTERN,NO_PATTERN
2020-04-20 12:00:00,6970.18,7070.0,6920.0,7044.8,1399.44653319,NO_PATTERN,NO_PATTERN
2020-04-20 13:00:00,7044.01,7063.55,7018.37,7030.88,773.3406148500001,HARAMI,Bearish
2020-04-20 14:00:00,7030.68,7085.51,7019.17,7079.95,574.82200808,ENGULFING,Bullish
2020-04-20 15:00:00,7079.87,7108.22,7065.66,7082.65,648.77943136,DOJI,Neutral
2020-04-20 16:00:00,7082.65,7098.72,7043.59,7057.09,415.89631468,NO_PATTERN,NO_PATTERN
2020-04-20 17:00:00,7053.76,7053.76,6846.78,6881.95,2293.26298866,NO_PATTERN,NO_PATTERN
2020-04-20 18:00:00,6881.94,7000.0,6840.0,6872.5,1835.20669961,NO_PATTERN,NO_PATTERN
2020-04-20 19:00:00,6873.77,6900.0,6768.0,6769.06,2003.11796486,NO_PATTERN,NO_PATTERN
2020-04-20 20:00:00,6769.07,6878.27,6748.72,6868.01,1389.76833006,NO_PATTERN,NO_PATTERN
2020-04-20 21:00:00,6867.72,6890.0,6842.0,6858.22,569.7461685,HARAMI,Bear
2020-04-20 22:00:00,6856.84,6900.0,6854.0,6889.13,471.68890211,ENGULFING,Bullish
2020-04-20 23:00:00,6889.14,6895.0,6828.66,6838.19,676.4861117,ENGULFING,Bearish
2020-04-21 00:00:00,6837.22,6925.0,6823.92,6891.44,669.48642468,ENGULFING,Bullish
2020-04-21 01:00:00,6891.13,6922.59,6877.19,6886.27,418.68272846,GRAVESTONEDOJI,Neutral
2020-04-21 02:00:00,6886.84,6898.34,6850.0,6856.55,400.20625923,NO_PATTERN,NO_PATTERN
2020-04-21 03:00:00,6856.54,6885.51,6852.0,6869.0,369.46692763,NO_PATTERN,NO_PATTERN
2020-04-21 04:00:00,6868.99,6878.8,6842.69,6864.45,367.01596342,DOJI,Neutral
2020-04-21 05:00:00,6864.45,6901.0,6855.42,6898.25,388.14751738,NO_PATTERN,NO_PATTERN
2020-04-21 06:00:00,6898.25,6913.0,6880.92,6890.56,251.01065533,NO_PATTERN,NO_PATTERN
2020-04-21 07:00:00,6890.56,6897.91,6874.82,6895.28,231.86806486999998,DRAGONFLYDOJI,Neutral
2020-04-21 08:00:00,6894.57,6909.66,6862.27,6875.75,207.00736741,NO_PATTERN,NO_PATTERN
2020-04-21 09:00:00,6875.74,6883.46,6785.0,6846.58,960.52004709,NO_PATTERN,NO_PATTERN
2020-04-21 10:00:00,6846.46,6862.07,6819.77,6820.01,776.83639795,NO_PATTERN,NO_PATTERN
2020-04-21 11:00:00,6820.01,6839.41,6776.0,6803.88,465.83746293,NO_PATTERN,NO_PATTERN
2020-04-21 12:00:00,6803.89,6847.3,6796.85,6816.02,711.67921312,NO_PATTERN,NO_PATTERN
2020-04-21 13:00:00,6816.03,6857.49,6792.44,6848.08,997.71864777,NO_PATTERN,NO_PATTERN
2020-04-21 14:00:00,6848.08,6891.55,6821.81,6823.69,1092.50501395,NO_PATTERN,NO_PATTERN
2020-04-21 15:00:00,6824.84,6853.29,6810.2,6841.2,700.47725719,HARAMI,Bullish
2020-04-21 16:00:00,6841.2,6869.77,6827.56,6855.76,788.58788035,NO_PATTERN,NO_PATTERN
2020-04-21 17:00:00,6855.77,6959.0,6821.14,6905.12,1917.99233517,NO_PATTERN,NO_PATTERN
2020-04-21 18:00:00,6907.86,6919.28,6882.43,6889.86,592.78399532,NO_PATTERN,NO_PATTERN
2020-04-21 19:00:00,6893.83,6915.01,6877.27,6877.27,422.12698969,NO_PATTERN,NO_PATTERN
2020-04-21 20:00:00,6877.0,6900.0,6866.91,6898.09,410.18425988,ENGULFING,Bullish
2020-04-21 21:00:00,6898.09,6919.0,6883.02,6902.81,382.52303455,DOJI,Neutral
2020-04-21 22:00:00,6902.7,6910.88,6885.0,6904.0,350.97038222000003,DOJI,Neutral
2020-04-21 23:00:00,6904.0,6912.47,6845.0,6853.68,518.72393648,NO_PATTERN,NO_PATTERN
2020-04-22 00:00:00,6853.67,6873.53,6826.0,6843.92,784.1860963,NO_PATTERN,NO_PATTERN
2020-04-22 01:00:00,6844.41,6863.37,6827.89,6863.37,275.0810115,NO_PATTERN,NO_PATTERN
2020-04-22 02:00:00,6863.37,6897.62,6855.13,6880.45,338.75803588,NO_PATTERN,NO_PATTERN
2020-04-22 03:00:00,6879.45,6884.19,6860.72,6872.49,236.517734,NO_PATTERN,NO_PATTERN
2020-04-22 04:00:00,6872.48,6882.97,6854.11,6862.9,261.25697472,NO_PATTERN,NO_PATTERN
2020-04-22 05:00:00,6862.89,6927.0,6862.89,6913.95,336.06126837,ENGULFING,Bullish
2020-04-22 06:00:00,6913.94,6945.0,6892.85,6944.07,250.75974313,NO_PATTERN,NO_PATTERN
2020-04-22 07:00:00,6944.08,6969.4,6923.97,6948.27,391.13809834,DOJI,Neutral
2020-04-22 08:00:00,6950.97,6965.02,6930.25,6959.84,160.82668322,NO_PATTERN,NO_PATTERN
2020-04-22 09:00:00,6959.84,6985.32,6948.61,6960.88,298.45965943,DOJI,Neutral
2020-04-22 10:00:00,6960.87,6967.23,6939.5,6949.98,217.08460487,NO_PATTERN,NO_PATTERN
2020-04-22 11:00:00,6949.97,6977.05,6947.79,6965.78,319.68327715,ENGULFING,Bullish
2020-04-22 12:00:00,6965.79,6977.88,6940.25,6963.94,407.99916012,DOJI,Neutral
2020-04-22 13:00:00,6963.94,7115.05,6957.89,7071.82,2107.76108178,NO_PATTERN,NO_PATTERN
2020-04-22 14:00:00,7073.78,7141.05,7060.57,7105.96,1345.55982519,NO_PATTERN,NO_PATTERN
2020-04-22 15:00:00,7105.95,7129.73,7093.5,7126.44,1108.69872676,NO_PATTERN,NO_PATTERN
2020-04-22 16:00:00,7126.44,7167.37,7110.86,7131.65,1076.53270176,DOJI,Neutral
2020-04-22 17:00:00,7132.54,7137.99,7080.76,7091.39,710.04558896,ENGULFING,Bearish
2020-04-22 18:00:00,7091.38,7130.7,7089.38,7104.51,627.52519137,NO_PATTERN,NO_PATTERN
2020-04-22 19:00:00,7104.52,7126.23,7096.06,7097.29,471.6693915,NO_PATTERN,NO_PATTERN
2020-04-22 20:00:00,7097.23,7120.0,7090.89,7120.0,305.73005409,ENGULFING,Bullish
2020-04-22 21:00:00,7120.0,7139.99,7095.0,7102.69,396.08892043,NO_PATTERN,NO_PATTERN
2020-04-22 22:00:00,7101.48,7124.49,7093.05,7120.69,349.90995966,ENGULFING,Bullish
2020-04-22 23:00:00,7120.69,7136.84,7111.0,7136.84,342.01323341,NO_PATTERN,NO_PATTERN
2020-04-23 00:00:00,7136.81,7153.0,7107.44,7126.7,401.76098883,NO_PATTERN,NO_PATTERN
2020-04-23 01:00:00,7126.34,7190.0,7121.74,7180.3,741.55220294,ENGULFING,Bullish
2020-04-23 02:00:00,7180.31,7191.99,7131.3,7133.77,396.47204246,NO_PATTERN,NO_PATTERN
2020-04-23 03:00:00,7132.58,7160.0,7118.79,7120.75,277.20184926,INVERTEDHAMMER,Neutral
2020-04-23 04:00:00,7120.74,7138.64,7105.37,7136.01,200.39348294,HAMMER,Neutral
2020-04-23 05:00:00,7136.0,7143.52,7103.63,7109.64,227.59506709000001,NO_PATTERN,NO_PATTERN
2020-04-23 06:00:00,7108.67,7108.67,7031.14,7045.05,649.99257274,NO_PATTERN,NO_PATTERN
2020-04-23 07:00:00,7045.04,7084.14,7035.97,7065.13,279.03912218,NO_PATTERN,NO_PATTERN
2020-04-23 08:00:00,7065.12,7109.26,7053.27,7087.06,251.71680576999998,NO_PATTERN,NO_PATTERN
2020-04-23 09:00:00,7087.04,7106.95,7058.7,7106.25,204.65875825,NO_PATTERN,NO_PATTERN
2020-04-23 10:00:00,7105.83,7112.03,7071.29,7072.29,182.42824194,NO_PATTERN,NO_PATTERN
2020-04-23 11:00:00,7071.31,7155.0,7070.54,7140.31,275.98135457,ENGULFING,Bullish
2020-04-23 12:00:00,7140.31,7194.0,7120.01,7179.72,686.32754989,NO_PATTERN,NO_PATTERN
2020-04-23 13:00:00,7179.72,7268.0,7165.0,7254.67,1428.02685688,NO_PATTERN,NO_PATTERN
2020-04-23 14:00:00,7251.41,7775.0,7251.41,7551.43,7846.13109143,NO_PATTERN,NO_PATTERN
2020-04-23 15:00:00,7550.0,7566.0,7471.9,7540.05,1778.4621428,HARAMI,Bear
2020-04-23 16:00:00,7540.27,7617.18,7490.0,7510.62,1972.70326696,NO_PATTERN,NO_PATTERN
2020-04-23 17:00:00,7511.3,7562.0,7511.3,7560.23,780.41986965,NO_PATTERN,NO_PATTERN
2020-04-23 18:00:00,7560.22,7576.88,7518.71,7543.62,725.14406051,NO_PATTERN,NO_PATTERN
2020-04-23 19:00:00,7545.04,7550.0,7520.0,7531.72,673.12918017,NO_PATTERN,NO_PATTERN
2020-04-23 20:00:00,7531.72,7570.69,7531.44,7539.11,497.48508295,GRAVESTONEDOJI,Neutral
2020-04-23 21:00:00,7538.84,7621.82,7538.0,7606.54,600.9606213,NO_PATTERN,NO_PATTERN
2020-04-23 22:00:00,7606.53,7610.0,7551.41,7571.27,468.19881098,HARAMI,Bearish
2020-04-23 23:00:00,7571.27,7574.7,7439.36,7488.83,1167.84892265,NO_PATTERN,NO_PATTERN
2020-04-24 00:00:00,7491.5,7529.12,7478.35,7496.92,460.24520862,HARAMI,Bull
2020-04-24 01:00:00,7495.89,7524.57,7469.0,7490.0,375.95695638,DOJI,Neutral
2020-04-24 02:00:00,7489.99,7536.36,7483.21,7527.36,316.80450944,ENGULFING,Bullish
2020-04-24 03:00:00,7526.97,7560.0,7506.55,7529.06,465.69034598,DOJI,Neutral
2020-04-24 04:00:00,7529.05,7550.0,7505.0,7548.67,326.94016981,NO_PATTERN,NO_PATTERN
2020-04-24 05:00:00,7548.21,7549.75,7496.95,7496.95,282.14625188,NO_PATTERN,NO_PATTERN
2020-04-24 06:00:00,7497.98,7539.85,7495.93,7537.99,246.36725003,NO_PATTERN,NO_PATTERN
2020-04-24 07:00:00,7537.99,7594.9,7527.07,7578.39,939.47052011,NO_PATTERN,NO_PATTERN
2020-04-24 08:00:00,7578.4,7586.21,7528.15,7562.12,245.52933047,NO_PATTERN,NO_PATTERN
2020-04-24 09:00:00,7561.26,7612.24,7550.41,7579.98,519.6508850499999,ENGULFING,Bullish
2020-04-24 10:00:00,7579.98,7579.98,7506.01,7534.18,897.89903241,NO_PATTERN,NO_PATTERN
2020-04-24 11:00:00,7534.0,7599.32,7477.53,7492.73,1086.37817418,NO_PATTERN,NO_PATTERN
2020-04-24 12:00:00,7492.73,7530.88,7455.0,7504.81,650.5289966600001,NO_PATTERN,NO_PATTERN
2020-04-24 13:00:00,7504.8,7520.26,7480.01,7482.36,512.24391563,NO_PATTERN,NO_PATTERN
2020-04-24 14:00:00,7482.36,7514.95,7390.0,7506.29,1683.59903658,NO_PATTERN,NO_PATTERN
2020-04-24 15:00:00,7504.2,7529.99,7488.26,7511.72,585.72806465,NO_PATTERN,NO_PATTERN
2020-04-24 16:00:00,7511.73,7531.04,7488.92,7524.51,633.21846847,NO_PATTERN,NO_PATTERN
2020-04-24 17:00:00,7523.36,7529.47,7505.0,7517.85,667.53898163,DRAGONFLYDOJI,Neutral
2020-04-24 18:00:00,7516.53,7552.51,7516.16,7526.06,722.27640745,ENGULFING,Bullish
2020-04-24 19:00:00,7526.06,7536.97,7510.0,7534.37,468.97137333,HAMMER,Neutral
2020-04-24 20:00:00,7533.21,7558.29,7526.17,7532.56,635.21583883,DOJI,Neutral
2020-04-24 21:00:00,7532.55,7562.9,7503.76,7503.76,330.6155314,NO_PATTERN,NO_PATTERN
2020-04-24 22:00:00,7503.92,7530.9,7483.72,7491.73,481.16612166,NO_PATTERN,NO_PATTERN
2020-04-24 23:00:00,7491.7,7515.97,7490.0,7514.64,205.38200501,ENGULFING,Bullish
2020-04-25 00:00:00,7514.99,7521.49,7437.94,7476.94,526.23216038,ENGULFING,Bearish
2020-04-25 01:00:00,7476.93,7508.66,7460.23,7492.68,251.52672109,NO_PATTERN,NO_PATTERN
2020-04-25 02:00:00,7492.67,7513.81,7483.0,7501.51,125.94665632,NO_PATTERN,NO_PATTERN
2020-04-25 03:00:00,7501.52,7530.9,7499.01,7529.8,149.98868595,NO_PATTERN,NO_PATTERN
2020-04-25 04:00:00,7529.79,7536.01,7506.83,7530.0,126.33225403,DOJI,Neutral
2020-04-25 05:00:00,7529.34,7569.0,7523.89,7569.0,313.61051357,NO_PATTERN,NO_PATTERN
2020-04-25 06:00:00,7568.99,7594.89,7537.59,7589.38,243.73553026,NO_PATTERN,NO_PATTERN
2020-04-25 07:00:00,7589.36,7600.0,7552.37,7565.65,238.13264172,NO_PATTERN,NO_PATTERN
2020-04-25 08:00:00,7565.65,7580.0,7518.63,7556.74,173.51363314,NO_PATTERN,NO_PATTERN
2020-04-25 09:00:00,7556.73,7576.31,7541.27,7568.0,127.5341359,ENGULFING,Bullish
2020-04-25 10:00:00,7567.95,7581.25,7542.08,7570.04,181.8402763,DOJI,Neutral
2020-04-25 11:00:00,7569.29,7612.5,7520.51,7539.22,363.09844153,NO_PATTERN,NO_PATTERN
2020-04-25 12:00:00,7538.39,7572.2,7537.68,7559.08,141.94268045,NO_PATTERN,NO_PATTERN
2020-04-25 13:00:00,7560.24,7607.0,7560.24,7605.1,277.43717137,NO_PATTERN,NO_PATTERN
2020-04-25 14:00:00,7605.09,7609.99,7546.57,7588.25,517.14777878,HARAMI,Bearish
2020-04-25 15:00:00,7588.93,7720.0,7520.0,7536.36,1377.1873214299999,NO_PATTERN,NO_PATTERN
2020-04-25 16:00:00,7536.36,7569.01,7489.44,7556.56,637.12967831,NO_PATTERN,NO_PATTERN
2020-04-25 17:00:00,7556.56,7566.61,7530.0,7549.88,258.71181023,DOJI,Neutral
2020-04-25 18:00:00,7548.69,7551.87,7531.59,7539.28,191.72017474,NO_PATTERN,NO_PATTERN
2020-04-25 19:00:00,7539.29,7558.72,7529.0,7554.6,202.02212288,NO_PATTERN,NO_PATTERN
2020-04-25 20:00:00,7554.6,7565.55,7552.66,7557.23,192.27081047,GRAVESTONEDOJI,Neutral
2020-04-25 21:00:00,7553.76,7556.37,7511.0,7532.21,284.8655036,NO_PATTERN,NO_PATTERN
2020-04-25 22:00:00,7536.86,7559.0,7526.7,7543.99,191.49453298,NO_PATTERN,NO_PATTERN
2020-04-25 23:00:00,7543.99,7549.88,7513.85,7547.61,343.15942536,DRAGONFLYDOJI,Neutral
2020-04-26 00:00:00,7547.61,7581.22,7531.93,7574.22,320.80548818,NO_PATTERN,NO_PATTERN
2020-04-26 01:00:00,7573.34,7588.44,7564.87,7575.0,278.16429645,DOJI,Neutral
2020-04-26 02:00:00,7573.73,7592.5,7560.33,7573.47,205.21312529,DOJI,Neutral
2020-04-26 03:00:00,7573.46,7581.27,7560.75,7579.1,159.09747093,ENGULFING,Bullish
2020-04-26 04:00:00,7579.09,7579.46,7551.0,7569.63,206.02164863,NO_PATTERN,NO_PATTERN
2020-04-26 05:00:00,7569.63,7569.63,7541.01,7543.12,295.9471572,NO_PATTERN,NO_PATTERN
2020-04-26 06:00:00,7543.12,7560.65,7535.0,7559.63,84.86331296,NO_PATTERN,NO_PATTERN
2020-04-26 07:00:00,7559.62,7571.29,7547.1,7555.85,110.55564078,HARAMI,Bearish
2020-04-26 08:00:00,7555.84,7558.7,7540.45,7558.68,117.80371794999999,DRAGONFLYDOJI,Neutral
2020-04-26 09:00:00,7558.7,7602.91,7558.69,7590.67,229.42736288,NO_PATTERN,NO_PATTERN
2020-04-26 10:00:00,7590.68,7675.0,7579.35,7654.51,647.12930605,NO_PATTERN,NO_PATTERN
2020-04-26 11:00:00,7654.5,7688.88,7622.94,7670.54,509.32442097,NO_PATTERN,NO_PATTERN
2020-04-26 12:00:00,7670.41,7679.23,7637.07,7655.51,318.47604441,NO_PATTERN,NO_PATTERN
2020-04-26 13:00:00,7655.51,7715.0,7643.0,7692.77,721.66869997,NO_PATTERN,NO_PATTERN
2020-04-26 14:00:00,7694.87,7715.0,7631.01,7649.0,628.03127212,ENGULFING,Bearish
2020-04-26 15:00:00,7648.3,7649.81,7490.0,7553.03,1467.10672394,NO_PATTERN,NO_PATTERN
2020-04-26 16:00:00,7553.03,7594.58,7538.89,7574.13,347.04214573,NO_PATTERN,NO_PATTERN
2020-04-26 17:00:00,7571.36,7599.0,7565.0,7592.38,177.07205291,NO_PATTERN,NO_PATTERN
2020-04-26 18:00:00,7591.4,7640.0,7580.01,7633.24,381.67641503,NO_PATTERN,NO_PATTERN
2020-04-26 19:00:00,7633.24,7667.09,7618.32,7659.67,345.32146408,NO_PATTERN,NO_PATTERN
2020-04-26 20:00:00,7659.66,7668.86,7633.2,7655.2,323.1505479,DOJI,Neutral
2020-04-26 21:00:00,7657.28,7668.12,7630.0,7640.42,296.72463913,NO_PATTERN,NO_PATTERN
2020-04-26 22:00:00,7640.41,7650.01,7592.31,7624.1,406.74901119,NO_PATTERN,NO_PATTERN
2020-04-26 23:00:00,7623.95,7709.15,7621.14,7706.4,676.55231092,3LINESTRIKE,Bear
2020-04-27 00:00:00,7706.4,7800.0,7706.4,7754.94,1696.42027504,NO_PATTERN,NO_PATTERN
2020-04-27 01:00:00,7754.93,7810.99,7659.0,7708.66,1607.53521465,NO_PATTERN,NO_PATTERN
2020-04-27 02:00:00,7708.66,7749.99,7700.01,7745.18,456.24846433,NO_PATTERN,NO_PATTERN
2020-04-27 03:00:00,7745.18,7764.99,7732.67,7742.32,449.86653535,DOJI,Neutral
2020-04-27 04:00:00,7742.32,7747.93,7710.67,7742.21,438.74463508,HAMMER,Neutral
2020-04-27 05:00:00,7742.96,7761.92,7696.09,7707.82,410.16443065,NO_PATTERN,NO_PATTERN
2020-04-27 06:00:00,7707.81,7725.44,7648.04,7665.08,462.63997286,NO_PATTERN,NO_PATTERN
2020-04-27 07:00:00,7666.02,7708.95,7639.02,7708.38,287.36367584,NO_PATTERN,NO_PATTERN
2020-04-27 08:00:00,7708.38,7749.99,7692.2,7714.62,466.24478637,DOJI,Neutral
2020-04-27 09:00:00,7714.62,7736.44,7688.91,7710.74,271.4889592,DOJI,Neutral
2020-04-27 10:00:00,7710.73,7721.74,7677.48,7703.98,384.15260836,DOJI,Neutral
2020-04-27 11:00:00,7703.97,7736.47,7694.38,7724.68,271.28948609,ENGULFING,Bullish
2020-04-27 12:00:00,7724.68,7737.75,7680.38,7707.77,558.19167502,NO_PATTERN,NO_PATTERN
2020-04-27 13:00:00,7707.46,7715.73,7635.69,7705.15,1623.50842755,DOJI,Neutral
2020-04-27 14:00:00,7705.15,7705.96,7636.02,7678.86,1091.9961777,NO_PATTERN,NO_PATTERN
2020-04-27 15:00:00,7678.87,7708.0,7664.76,7693.6,682.0428297,HARAMI,Bullish
2020-04-27 16:00:00,7693.14,7702.53,7675.0,7675.28,551.55885808,NO_PATTERN,NO_PATTERN
2020-04-27 17:00:00,7675.27,7680.27,7650.0,7670.05,595.25230564,HAMMER,Neutral
2020-04-27 18:00:00,7669.03,7721.99,7667.68,7720.67,474.4637393,ENGULFING,Bullish
2020-04-27 19:00:00,7720.15,7731.04,7702.3,7709.44,438.53299926,HARAMI,Bearish
2020-04-27 20:00:00,7712.85,7724.0,7692.04,7711.0,428.76787303,DOJI,Neutral
2020-04-27 21:00:00,7709.34,7773.98,7705.84,7737.73,751.6516715399999,ENGULFING,Bullish
2020-04-27 22:00:00,7737.73,7787.05,7729.27,7776.97,497.35937418,NO_PATTERN,NO_PATTERN
2020-04-27 23:00:00,7776.5,7794.71,7755.49,7789.77,534.24311367,NO_PATTERN,NO_PATTERN
2020-04-28 00:00:00,7789.77,7794.74,7734.74,7755.57,628.88128117,NO_PATTERN,NO_PATTERN
2020-04-28 01:00:00,7755.57,7758.16,7695.0,7697.88,789.16050546,NO_PATTERN,NO_PATTERN
2020-04-28 02:00:00,7698.48,7716.92,7677.67,7715.02,674.50092349,HARAMI,Bull
2020-04-28 03:00:00,7715.01,7721.2,7691.26,7712.47,443.79849917,DOJI,Neutral
2020-04-28 04:00:00,7712.46,7719.26,7672.0,7696.32,656.1198659300001,NO_PATTERN,NO_PATTERN
2020-04-28 05:00:00,7696.32,7712.47,7685.0,7706.59,205.66945414,NO_PATTERN,NO_PATTERN
2020-04-28 06:00:00,7706.59,7732.63,7683.61,7722.01,213.17459519,NO_PATTERN,NO_PATTERN
2020-04-28 07:00:00,7722.01,7722.01,7698.71,7712.46,125.00135399,NO_PATTERN,NO_PATTERN
2020-04-28 08:00:00,7712.45,7712.46,7689.36,7697.23,182.14100068,NO_PATTERN,NO_PATTERN
2020-04-28 09:00:00,7697.23,7759.74,7697.22,7756.65,304.36722642,NO_PATTERN,NO_PATTERN
2020-04-28 10:00:00,7756.64,7765.54,7730.0,7755.98,222.52410278,HARAMI,Bear
2020-04-28 11:00:00,7755.97,7759.46,7740.48,7742.32,333.76530634,NO_PATTERN,NO_PATTERN
2020-04-28 12:00:00,7742.32,7775.0,7725.0,7768.05,445.46312858,NO_PATTERN,NO_PATTERN
2020-04-28 13:00:00,7768.04,7774.99,7734.34,7734.39,699.41640639,NO_PATTERN,NO_PATTERN
2020-04-28 14:00:00,7735.32,7752.6,7690.02,7691.84,835.28807497,NO_PATTERN,NO_PATTERN
2020-04-28 15:00:00,7690.27,7737.18,7672.51,7725.15,694.52456827,NO_PATTERN,NO_PATTERN
2020-04-28 16:00:00,7725.15,7752.63,7714.46,7737.93,415.38005559,NO_PATTERN,NO_PATTERN
2020-04-28 17:00:00,7736.37,7753.53,7720.0,7741.03,476.81701154,NO_PATTERN,NO_PATTERN
2020-04-28 18:00:00,7741.02,7756.57,7736.73,7748.54,343.49880443,NO_PATTERN,NO_PATTERN
2020-04-28 19:00:00,7748.06,7760.0,7720.0,7726.59,488.05807998,NO_PATTERN,NO_PATTERN
2020-04-28 20:00:00,7725.91,7749.36,7714.44,7736.71,328.29587614,NO_PATTERN,NO_PATTERN
2020-04-28 21:00:00,7736.71,7745.0,7720.81,7744.67,328.90306705,NO_PATTERN,NO_PATTERN
2020-04-28 22:00:00,7744.63,7769.0,7732.0,7759.8,422.78246208,NO_PATTERN,NO_PATTERN
2020-04-28 23:00:00,7761.07,7777.44,7751.93,7755.01,638.61695378,NO_PATTERN,NO_PATTERN
2020-04-29 00:00:00,7757.18,7777.0,7745.95,7746.42,325.24075653,NO_PATTERN,NO_PATTERN
2020-04-29 01:00:00,7746.41,7774.85,7744.0,7771.92,454.35106654,ENGULFING,Bullish
2020-04-29 02:00:00,7771.92,7876.0,7720.0,7795.0,2192.8243405,NO_PATTERN,NO_PATTERN
2020-04-29 03:00:00,7795.01,7848.95,7794.69,7821.73,724.85444783,NO_PATTERN,NO_PATTERN
2020-04-29 04:00:00,7821.73,7859.67,7816.67,7853.57,477.65945052,NO_PATTERN,NO_PATTERN
2020-04-29 05:00:00,7853.19,7885.0,7842.76,7872.66,593.62336385,NO_PATTERN,NO_PATTERN
2020-04-29 06:00:00,7872.65,7975.0,7855.43,7961.68,1496.94946213,NO_PATTERN,NO_PATTERN
2020-04-29 07:00:00,7960.33,7979.78,7929.02,7958.59,489.00081452,HARAMI,Bear
2020-04-29 08:00:00,7959.73,7980.88,7943.01,7953.69,474.58357488,NO_PATTERN,NO_PATTERN
2020-04-29 09:00:00,7953.69,8009.14,7953.69,7996.1,957.91143007,NO_PATTERN,NO_PATTERN
2020-04-29 10:00:00,7995.54,8184.98,7985.44,8130.02,3149.89862125,NO_PATTERN,NO_PATTERN
2020-04-29 11:00:00,8130.01,8193.53,8125.0,8144.41,1436.81408658,NO_PATTERN,NO_PATTERN
2020-04-29 12:00:00,8144.4,8298.0,8144.4,8265.91,1985.81682367,NO_PATTERN,NO_PATTERN
2020-04-29 13:00:00,8265.9,8425.25,8265.9,8318.51,5568.44554906,NO_PATTERN,NO_PATTERN
2020-04-29 14:00:00,8318.51,8375.0,8281.5,8368.56,1699.47790559,NO_PATTERN,NO_PATTERN
2020-04-29 15:00:00,8368.56,8390.98,8305.0,8383.81,1596.82646317,NO_PATTERN,NO_PATTERN
2020-04-29 16:00:00,8383.38,8795.43,8350.0,8604.34,6716.48169555,NO_PATTERN,NO_PATTERN
2020-04-29 17:00:00,8605.0,8988.0,8603.02,8725.1,6665.77901476,NO_PATTERN,NO_PATTERN
2020-04-29 18:00:00,8727.37,8766.11,8570.0,8635.86,3092.8716744,NO_PATTERN,NO_PATTERN
2020-04-29 19:00:00,8635.87,8795.0,8635.86,8737.62,1678.12966121,NO_PATTERN,NO_PATTERN
2020-04-29 20:00:00,8737.62,8942.92,8709.98,8934.99,1857.93346182,NO_PATTERN,NO_PATTERN
2020-04-29 21:00:00,8934.99,8950.0,8770.0,8870.01,2505.70128118,NO_PATTERN,NO_PATTERN
2020-04-29 22:00:00,8870.01,8870.01,8696.14,8767.21,1735.02759745,NO_PATTERN,NO_PATTERN
2020-04-29 23:00:00,8767.2,8799.99,8715.0,8793.75,724.51015078,NO_PATTERN,NO_PATTERN
2020-04-30 00:00:00,8794.99,8825.0,8715.0,8820.03,1118.84336852,NO_PATTERN,NO_PATTERN
2020-04-30 01:00:00,8820.03,8879.7,8802.47,8856.97,974.0233831099999,NO_PATTERN,NO_PATTERN
2020-04-30 02:00:00,8860.21,8976.41,8825.0,8961.9,944.57165414,NO_PATTERN,NO_PATTERN
2020-04-30 03:00:00,8961.91,9300.0,8850.0,9299.79,5271.25389117,NO_PATTERN,NO_PATTERN
2020-04-30 04:00:00,9295.93,9299.01,9005.0,9168.36,3248.17907359,NO_PATTERN,NO_PATTERN
2020-04-30 05:00:00,9168.77,9418.0,9165.04,9380.0,1979.42956369,NO_PATTERN,NO_PATTERN
2020-04-30 06:00:00,9376.73,9478.66,9263.32,9326.58,2429.55816052,HARAMI,Bearish
2020-04-30 07:00:00,9325.57,9345.27,9020.0,9184.68,2153.32513271,NO_PATTERN,NO_PATTERN
2020-04-30 08:00:00,9184.69,9232.31,9098.78,9122.93,514.52085715,NO_PATTERN,NO_PATTERN
2020-04-30 09:00:00,9124.77,9124.77,8650.0,8650.01,3540.87254646,NO_PATTERN,NO_PATTERN
2020-04-30 10:00:00,8650.01,8910.1,8541.63,8895.4,2813.11074894,NO_PATTERN,NO_PATTERN
2020-04-30 11:00:00,8899.74,8961.69,8840.55,8846.29,1135.8820053700001,NO_PATTERN,NO_PATTERN
2020-04-30 12:00:00,8846.63,8923.12,8701.62,8768.19,1081.10493287,NO_PATTERN,NO_PATTERN
2020-04-30 13:00:00,8768.19,8872.27,8720.1,8865.05,1154.59658481,NO_PATTERN,NO_PATTERN
2020-04-30 14:00:00,8864.97,8907.98,8791.21,8833.77,1122.70718085,NO_PATTERN,NO_PATTERN
2020-04-30 15:00:00,8835.07,8858.0,8744.0,8785.92,956.34855853,NO_PATTERN,NO_PATTERN
2020-04-30 16:00:00,8784.58,8794.31,8622.43,8694.0,1976.01177045,NO_PATTERN,NO_PATTERN
2020-04-30 17:00:00,8693.95,8714.58,8407.0,8560.0,3793.48732919,NO_PATTERN,NO_PATTERN
2020-04-30 18:00:00,8560.01,8731.14,8552.8,8676.28,2543.16599569,HARAMI,Bullish
2020-04-30 19:00:00,8676.59,8864.37,8672.12,8848.7,1656.24554958,NO_PATTERN,NO_PATTERN
2020-04-30 20:00:00,8847.27,8894.0,8702.0,8826.85,1295.39083156,HARAMI,Bearish
2020-04-30 21:00:00,8828.58,8858.0,8742.34,8764.13,801.10142052,NO_PATTERN,NO_PATTERN
2020-04-30 22:00:00,8764.13,8774.96,8637.42,8769.19,1172.82669989,HAMMER,Neutral
2020-04-30 23:00:00,8767.79,8784.77,8585.74,8624.28,1084.75050038,NO_PATTERN,NO_PATTERN
2020-05-01 00:00:00,8624.68,8742.98,8622.72,8717.58,950.61736315,NO_PATTERN,NO_PATTERN
2020-05-01 01:00:00,8714.4,8768.95,8664.17,8664.23,584.18021957,HARAMI,Bearish
2020-05-01 02:00:00,8664.23,8740.42,8652.9,8735.95,447.93082399,NO_PATTERN,NO_PATTERN
2020-05-01 03:00:00,8735.95,8746.81,8652.13,8677.4,1048.6689696,NO_PATTERN,NO_PATTERN
2020-05-01 04:00:00,8677.41,8803.4,8677.4,8797.27,617.50056781,NO_PATTERN,NO_PATTERN
2020-05-01 05:00:00,8794.84,8836.9,8762.43,8818.27,624.89672461,NO_PATTERN,NO_PATTERN
2020-05-01 06:00:00,8817.01,8817.01,8753.01,8760.01,345.26078381,NO_PATTERN,NO_PATTERN
2020-05-01 07:00:00,8760.01,8783.96,8712.57,8782.0,1186.57242456,HAMMER,Neutral
2020-05-01 08:00:00,8778.92,8813.51,8753.44,8804.96,324.82309419,NO_PATTERN,NO_PATTERN
2020-05-01 09:00:00,8804.96,8868.18,8775.26,8855.49,693.74786875,NO_PATTERN,NO_PATTERN
2020-05-01 10:00:00,8856.19,8917.0,8827.43,8917.0,600.11767781,NO_PATTERN,NO_PATTERN
2020-05-01 11:00:00,8917.0,9075.98,8879.17,9014.55,1802.2457084100001,NO_PATTERN,NO_PATTERN
2020-05-01 12:00:00,9011.2,9038.63,8817.68,8889.98,2057.68457592,NO_PATTERN,NO_PATTERN
2020-05-01 13:00:00,8889.62,8932.59,8780.68,8798.71,1296.15367857,NO_PATTERN,NO_PATTERN
2020-05-01 14:00:00,8798.53,8848.99,8715.29,8832.42,1292.28863084,NO_PATTERN,NO_PATTERN
2020-05-01 15:00:00,8832.42,8869.92,8730.79,8730.79,984.95846063,NO_PATTERN,NO_PATTERN
2020-05-01 16:00:00,8731.33,8766.26,8659.82,8735.68,1546.49681014,HARAMI,Bull
2020-05-01 17:00:00,8735.0,8767.04,8690.0,8760.16,714.54100762,NO_PATTERN,NO_PATTERN
2020-05-01 18:00:00,8761.92,8783.26,8725.18,8740.01,601.27904826,NO_PATTERN,NO_PATTERN
2020-05-01 19:00:00,8740.0,8770.0,8706.77,8731.74,743.28925998,DOJI,Neutral
2020-05-01 20:00:00,8731.74,8750.0,8666.4,8732.59,636.9356775699999,DOJI,Neutral
2020-05-01 21:00:00,8732.06,8854.97,8732.06,8853.58,811.254015,NO_PATTERN,NO_PATTERN
2020-05-01 22:00:00,8852.54,8871.71,8802.03,8848.85,720.4056242,HARAMI,Bear
2020-05-01 23:00:00,8849.05,8900.0,8812.09,8829.42,965.01897754,NO_PATTERN,NO_PATTERN
2020-05-02 00:00:00,8829.42,8854.86,8767.71,8839.39,437.28542317,NO_PATTERN,NO_PATTERN
2020-05-02 01:00:00,8838.44,8842.32,8781.2,8803.25,370.26337491,NO_PATTERN,NO_PATTERN
2020-05-02 02:00:00,8803.25,8843.89,8762.01,8820.03,469.00518844,NO_PATTERN,NO_PATTERN
2020-05-02 03:00:00,8819.84,8863.82,8802.93,8845.0,354.85648801,NO_PATTERN,NO_PATTERN
2020-05-02 04:00:00,8845.56,8865.4,8800.5,8829.82,325.44991547,NO_PATTERN,NO_PATTERN
2020-05-02 05:00:00,8828.54,8837.0,8792.58,8825.74,275.40397034,DOJI,Neutral
2020-05-02 06:00:00,8825.77,8851.47,8822.0,8829.87,198.09085207,GRAVESTONEDOJI,Neutral
2020-05-02 07:00:00,8829.92,8834.94,8786.87,8807.2,216.07841722999999,ENGULFING,Bearish
2020-05-02 08:00:00,8808.34,8828.64,8777.24,8780.32,280.43289547,NO_PATTERN,NO_PATTERN
2020-05-02 09:00:00,8780.3,8833.1,8780.3,8824.1,175.58473755,ENGULFING,Bullish
2020-05-02 10:00:00,8822.12,8856.06,8817.04,8835.0,175.10332542,NO_PATTERN,NO_PATTERN
2020-05-02 11:00:00,8834.99,8898.0,8834.99,8850.0,318.14759175,NO_PATTERN,NO_PATTERN
2020-05-02 12:00:00,8848.92,8952.93,8848.92,8869.86,667.49018116,NO_PATTERN,NO_PATTERN
2020-05-02 13:00:00,8869.23,8920.59,8863.97,8910.84,352.14039296,NO_PATTERN,NO_PATTERN
2020-05-02 14:00:00,8910.05,8967.87,8899.98,8931.4,533.99731359,NO_PATTERN,NO_PATTERN
2020-05-02 15:00:00,8931.67,8975.0,8900.05,8948.01,723.72401499,NO_PATTERN,NO_PATTERN
2020-05-02 16:00:00,8948.01,9025.0,8928.0,8990.96,1182.5016132,NO_PATTERN,NO_PATTERN
2020-05-02 17:00:00,8991.92,9014.03,8962.91,8979.99,542.3073396,NO_PATTERN,NO_PATTERN
2020-05-02 18:00:00,8979.99,8980.0,8817.0,8876.72,1018.18778824,NO_PATTERN,NO_PATTERN
2020-05-02 19:00:00,8876.73,8887.55,8832.48,8885.14,419.0290769,HARAMI,Bullish
2020-05-02 20:00:00,8885.89,8941.0,8860.68,8941.0,372.73220779,NO_PATTERN,NO_PATTERN
2020-05-02 21:00:00,8941.0,8951.33,8900.3,8939.45,267.40346091,DOJI,Neutral
2020-05-02 22:00:00,8939.87,8950.32,8910.45,8948.7,296.54349784,NO_PATTERN,NO_PATTERN
2020-05-02 23:00:00,8947.31,8996.0,8916.26,8985.58,539.07319149,NO_PATTERN,NO_PATTERN
2020-05-03 00:00:00,8984.69,9154.98,8950.0,9135.09,1664.25606025,NO_PATTERN,NO_PATTERN
2020-05-03 01:00:00,9135.09,9203.52,9070.67,9128.54,1710.04138035,DOJI,Neutral
2020-05-03 02:00:00,9128.55,9159.24,9080.03,9080.03,579.5180801399999,NO_PATTERN,NO_PATTERN
2020-05-03 03:00:00,9080.29,9170.75,9080.0,9146.1,557.32075716,NO_PATTERN,NO_PATTERN
2020-05-03 04:00:00,9146.13,9160.0,9112.24,9115.1,601.60331634,NO_PATTERN,NO_PATTERN
2020-05-03 05:00:00,9115.09,9134.93,9089.0,9099.99,383.26747883,NO_PATTERN,NO_PATTERN
2020-05-03 06:00:00,9099.99,9104.48,8922.67,9011.39,1491.40856181,NO_PATTERN,NO_PATTERN
2020-05-03 07:00:00,9011.38,9039.0,8986.68,8996.67,315.94069018,NO_PATTERN,NO_PATTERN
2020-05-03 08:00:00,8995.78,9055.04,8970.29,9040.09,238.28852348,ENGULFING,Bullish
2020-05-03 09:00:00,9040.08,9128.67,9035.09,9113.46,202.59920165,NO_PATTERN,NO_PATTERN
2020-05-03 10:00:00,9113.55,9144.17,8986.16,9046.57,483.38907659,NO_PATTERN,NO_PATTERN
2020-05-03 11:00:00,9047.59,9106.75,9027.81,9047.92,343.92035881,HARAMI,Bull
2020-05-03 12:00:00,9050.8,9073.57,8842.34,8964.65,1404.20225281,ENGULFING,Bearish
2020-05-03 13:00:00,8963.9,8963.9,8833.3,8932.7,1100.28547278,NO_PATTERN,NO_PATTERN
2020-05-03 14:00:00,8932.68,8932.69,8742.0,8777.53,1273.92552993,NO_PATTERN,NO_PATTERN
2020-05-03 15:00:00,8777.01,8853.03,8731.01,8822.4,887.29507212,NO_PATTERN,NO_PATTERN
2020-05-03 16:00:00,8821.98,8890.0,8786.05,8859.74,497.03825181,NO_PATTERN,NO_PATTERN
2020-05-03 17:00:00,8859.74,8895.0,8802.41,8823.27,390.32451048,NO_PATTERN,NO_PATTERN
2020-05-03 18:00:00,8823.27,8874.05,8809.77,8854.65,309.18587636,NO_PATTERN,NO_PATTERN
2020-05-03 19:00:00,8854.65,8910.0,8849.2,8877.96,384.75561634,NO_PATTERN,NO_PATTERN
2020-05-03 20:00:00,8875.61,8890.06,8798.0,8849.48,484.15390285,NO_PATTERN,NO_PATTERN
2020-05-03 21:00:00,8849.48,8914.09,8807.47,8859.82,388.91682969,DOJI,Neutral
2020-05-03 22:00:00,8859.82,8967.63,8859.81,8909.95,829.15503862,NO_PATTERN,NO_PATTERN
2020-05-03 23:00:00,8909.95,8932.0,8870.42,8909.95,551.72442155,DOJI,Neutral
2020-05-04 00:00:00,8907.85,8950.0,8777.13,8818.2,953.6194040400001,NO_PATTERN,NO_PATTERN
2020-05-04 01:00:00,8818.2,8845.16,8632.88,8699.44,2312.20669663,NO_PATTERN,NO_PATTERN
2020-05-04 02:00:00,8695.8,8786.0,8677.82,8752.0,636.85353246,NO_PATTERN,NO_PATTERN
2020-05-04 03:00:00,8752.0,8775.0,8705.4,8738.69,374.63632612,NO_PATTERN,NO_PATTERN
2020-05-04 04:00:00,8740.32,8750.0,8639.61,8697.81,686.83325418,NO_PATTERN,NO_PATTERN
2020-05-04 05:00:00,8697.81,8704.52,8533.98,8615.02,1356.27848569,NO_PATTERN,NO_PATTERN
2020-05-04 06:00:00,8615.02,8657.51,8592.35,8632.78,457.28834583,NO_PATTERN,NO_PATTERN
2020-05-04 07:00:00,8632.79,8682.13,8583.25,8662.45,477.580723,NO_PATTERN,NO_PATTERN
2020-05-04 08:00:00,8662.47,8729.99,8652.02,8705.67,457.86428636,NO_PATTERN,NO_PATTERN
2020-05-04 09:00:00,8705.67,8710.34,8606.67,8638.93,360.03641478,NO_PATTERN,NO_PATTERN
2020-05-04 10:00:00,8639.5,8687.49,8611.4,8632.89,482.43673231,DOJI,Neutral
2020-05-04 11:00:00,8633.06,8709.85,8629.02,8690.01,575.33293555,NO_PATTERN,NO_PATTERN
2020-05-04 12:00:00,8690.01,8782.41,8663.1,8724.49,756.15593074,NO_PATTERN,NO_PATTERN
2020-05-04 13:00:00,8724.5,8854.24,8724.5,8839.4,932.82965194,NO_PATTERN,NO_PATTERN
2020-05-04 14:00:00,8847.19,8873.68,8791.3,8793.41,1258.63466667,NO_PATTERN,NO_PATTERN
2020-05-04 15:00:00,8793.41,8857.93,8790.83,8857.2,577.25118957,NO_PATTERN,NO_PATTERN
2020-05-04 16:00:00,8857.21,8898.88,8808.28,8842.69,937.97917194,NO_PATTERN,NO_PATTERN
2020-05-04 17:00:00,8842.68,8864.08,8756.5,8814.47,805.86065154,NO_PATTERN,NO_PATTERN
2020-05-04 18:00:00,8814.54,8886.1,8805.1,8863.0,601.07081936,NO_PATTERN,NO_PATTERN
2020-05-04 19:00:00,8862.23,8897.0,8821.0,8845.0,709.62197873,HARAMI,Bearish
2020-05-04 20:00:00,8844.38,8943.83,8844.12,8921.39,678.91775821,ENGULFING,Bullish
2020-05-04 21:00:00,8923.98,8962.52,8892.8,8958.2,618.33345975,NO_PATTERN,NO_PATTERN
2020-05-04 22:00:00,8956.11,8970.0,8872.82,8884.33,691.27314571,EVENINGSTAR,Neutral
2020-05-04 23:00:00,8884.3,8921.63,8839.76,8883.53,654.53267812,DOJI,Neutral
2020-05-05 00:00:00,8887.81,8937.43,8850.59,8911.33,526.21804645,NO_PATTERN,NO_PATTERN
2020-05-05 01:00:00,8911.33,8911.41,8833.86,8896.47,414.46239713,NO_PATTERN,NO_PATTERN
2020-05-05 02:00:00,8896.47,8899.99,8837.43,8867.95,327.97174191,NO_PATTERN,NO_PATTERN
2020-05-05 03:00:00,8868.62,8887.11,8822.05,8863.28,407.34568861,DOJI,Neutral
2020-05-05 04:00:00,8863.24,9097.0,8862.56,9057.32,1625.04904032,3LINESTRIKE,Bear
2020-05-05 05:00:00,9057.64,9126.27,9001.67,9019.77,1188.58329858,NO_PATTERN,NO_PATTERN
2020-05-05 06:00:00,9017.82,9062.2,8976.2,9035.93,557.71462649,NO_PATTERN,NO_PATTERN
2020-05-05 07:00:00,9037.92,9091.65,9010.09,9021.08,673.69705273,NO_PATTERN,NO_PATTERN
2020-05-05 08:00:00,9024.04,9046.73,8985.01,9039.75,392.6472495,HAMMER,Neutral
2020-05-05 09:00:00,9041.41,9081.52,9001.15,9008.14,510.81126421,ENGULFING,Bearish
2020-05-05 10:00:00,9007.06,9007.06,8769.69,8854.86,1420.77606002,NO_PATTERN,NO_PATTERN
2020-05-05 11:00:00,8856.89,8899.94,8840.16,8857.05,527.2876338799999,HARAMI,Bull
2020-05-05 12:00:00,8857.04,8896.96,8824.92,8880.37,499.59185078999997,NO_PATTERN,NO_PATTERN
2020-05-05 13:00:00,8879.67,8961.1,8855.97,8926.0,1039.05896138,NO_PATTERN,NO_PATTERN
2020-05-05 14:00:00,8926.0,8930.92,8827.1,8887.68,838.68464737,NO_PATTERN,NO_PATTERN
2020-05-05 15:00:00,8887.0,8888.88,8840.28,8853.23,520.81269974,NO_PATTERN,NO_PATTERN
2020-05-05 16:00:00,8853.23,8897.13,8831.01,8884.28,605.08173214,NO_PATTERN,NO_PATTERN
2020-05-05 17:00:00,8883.18,8941.14,8855.02,8880.72,646.14106101,DOJI,Neutral
2020-05-05 18:00:00,8879.04,8920.0,8859.99,8899.61,533.5626253,ENGULFING,Bullish
2020-05-05 19:00:00,8899.49,8948.11,8889.6,8918.95,736.29382917,NO_PATTERN,NO_PATTERN
2020-05-05 20:00:00,8918.96,8975.0,8911.15,8951.88,486.11796836999997,NO_PATTERN,NO_PATTERN
2020-05-05 21:00:00,8951.89,9017.78,8951.89,8977.44,631.84039073,NO_PATTERN,NO_PATTERN
2020-05-05 22:00:00,8977.43,8991.8,8922.0,8976.84,609.74482431,HARAMI,Bear
2020-05-05 23:00:00,8977.74,9050.92,8958.1,9028.79,591.8301294400001,NO_PATTERN,NO_PATTERN
2020-05-06 00:00:00,9028.78,9042.98,8922.13,8955.61,660.52784349,NO_PATTERN,NO_PATTERN
2020-05-06 01:00:00,8954.2,8998.87,8946.65,8990.06,332.78928471,NO_PATTERN,NO_PATTERN
2020-05-06 02:00:00,8990.06,8992.45,8954.81,8984.04,254.30509068,DRAGONFLYDOJI,Neutral
2020-05-06 03:00:00,8984.03,9075.0,8963.67,8983.9,811.5097906,DOJI,Neutral
2020-05-06 04:00:00,8983.9,9058.79,8965.04,9009.0,509.950265,NO_PATTERN,NO_PATTERN
2020-05-06 05:00:00,9006.12,9046.24,8990.25,9014.74,338.85945013,NO_PATTERN,NO_PATTERN
2020-05-06 06:00:00,9014.75,9055.68,9005.19,9032.49,331.63473836000003,NO_PATTERN,NO_PATTERN
2020-05-06 07:00:00,9032.48,9059.2,9008.0,9035.01,305.12045121,DOJI,Neutral
2020-05-06 08:00:00,9035.01,9119.54,9010.4,9049.31,1070.90420502,NO_PATTERN,NO_PATTERN
2020-05-06 09:00:00,9052.04,9105.56,9046.83,9098.37,298.51467475,NO_PATTERN,NO_PATTERN
2020-05-06 10:00:00,9098.97,9300.0,9080.38,9238.49,2257.50585319,NO_PATTERN,NO_PATTERN
2020-05-06 11:00:00,9239.15,9377.62,9207.13,9334.9,1703.63817704,NO_PATTERN,NO_PATTERN
2020-05-06 12:00:00,9334.79,9399.0,9230.0,9242.19,2373.43842311,NO_PATTERN,NO_PATTERN
2020-05-06 13:00:00,9243.0,9287.13,9129.45,9238.68,2550.49402349,DOJI,Neutral
2020-05-06 14:00:00,9238.68,9258.0,9199.99,9243.41,1241.4863531400001,DOJI,Neutral
2020-05-06 15:00:00,9243.42,9299.99,9235.97,9286.5,1108.5909913,NO_PATTERN,NO_PATTERN
2020-05-06 16:00:00,9286.5,9320.76,9241.12,9282.49,1289.47222429,DOJI,Neutral
2020-05-06 17:00:00,9282.49,9299.36,9240.15,9285.05,876.44087056,DOJI,Neutral
2020-05-06 18:00:00,9284.59,9284.6,9212.84,9252.38,1216.13447053,HAMMER,Neutral
2020-05-06 19:00:00,9252.38,9298.99,9238.45,9256.41,870.54861452,DOJI,Neutral
2020-05-06 20:00:00,9256.17,9268.74,9220.0,9252.08,1186.6581764,DOJI,Neutral
2020-05-06 21:00:00,9252.08,9299.99,9251.0,9296.5,566.08762035,NO_PATTERN,NO_PATTERN
2020-05-06 22:00:00,9297.99,9389.9,9290.01,9374.5,1993.16076077,NO_PATTERN,NO_PATTERN
2020-05-06 23:00:00,9374.37,9418.0,9061.63,9155.79,3395.03633548,NO_PATTERN,NO_PATTERN
2020-05-07 00:00:00,9155.79,9223.32,9028.89,9196.39,2128.14434297,NO_PATTERN,NO_PATTERN
2020-05-07 01:00:00,9196.39,9258.12,9185.0,9231.01,683.04895057,NO_PATTERN,NO_PATTERN
2020-05-07 02:00:00,9231.01,9382.61,9204.26,9342.2,986.54369348,NO_PATTERN,NO_PATTERN
2020-05-07 03:00:00,9342.0,9360.0,9264.11,9304.28,660.4791053600001,HARAMI,Bearish
2020-05-07 04:00:00,9304.28,9329.8,9257.48,9289.05,440.17005714000004,NO_PATTERN,NO_PATTERN
2020-05-07 05:00:00,9289.24,9322.11,9241.19,9283.23,417.17094256,DOJI,Neutral
2020-05-07 06:00:00,9282.17,9316.3,9253.43,9260.88,253.24920687,INVERTEDHAMMER,Neutral
2020-05-07 07:00:00,9260.88,9325.0,9248.46,9321.1,314.25611571,NO_PATTERN,NO_PATTERN
2020-05-07 08:00:00,9321.1,9348.0,9285.0,9348.0,257.55157773,NO_PATTERN,NO_PATTERN
2020-05-07 09:00:00,9348.0,9348.0,9268.01,9322.69,632.53079208,NO_PATTERN,NO_PATTERN
2020-05-07 10:00:00,9322.69,9330.0,9277.38,9299.45,331.6738878,NO_PATTERN,NO_PATTERN
2020-05-07 11:00:00,9299.45,9313.78,9256.49,9288.98,406.83873971,NO_PATTERN,NO_PATTERN
2020-05-07 12:00:00,9290.0,9387.03,9269.76,9384.99,866.57535666,NO_PATTERN,NO_PATTERN
2020-05-07 13:00:00,9383.93,9614.99,9331.0,9495.0,3857.93557355,NO_PATTERN,NO_PATTERN
2020-05-07 14:00:00,9495.0,9543.15,9488.88,9510.0,1168.91757574,NO_PATTERN,NO_PATTERN
2020-05-07 15:00:00,9509.99,9580.0,9360.0,9526.73,1926.0200893699998,NO_PATTERN,NO_PATTERN
2020-05-07 16:00:00,9526.75,9649.0,9519.47,9644.73,1742.4209899,NO_PATTERN,NO_PATTERN
2020-05-07 17:00:00,9643.65,9935.61,9643.65,9849.99,7338.06793674,NO_PATTERN,NO_PATTERN
2020-05-07 18:00:00,9849.99,9870.0,9756.0,9805.06,2296.45375518,NO_PATTERN,NO_PATTERN
2020-05-07 19:00:00,9805.06,9970.0,9805.06,9874.0,3268.87475732,NO_PATTERN,NO_PATTERN
2020-05-07 20:00:00,9876.35,9907.85,9750.0,9812.92,2219.36904882,NO_PATTERN,NO_PATTERN
2020-05-07 21:00:00,9812.92,9898.0,9770.0,9887.81,1009.56871605,NO_PATTERN,NO_PATTERN
2020-05-07 22:00:00,9887.8,9939.44,9837.0,9909.46,1279.28415702,NO_PATTERN,NO_PATTERN
2020-05-07 23:00:00,9909.45,10079.0,9874.47,10004.77,4767.33114671,NO_PATTERN,NO_PATTERN
2020-05-08 00:00:00,10000.37,10049.0,9877.07,10036.64,2102.28645521,NO_PATTERN,NO_PATTERN
2020-05-08 01:00:00,10039.72,10045.0,9942.11,10003.01,1255.80113397,NO_PATTERN,NO_PATTERN
2020-05-08 02:00:00,10003.01,10007.41,9867.54,9918.01,1006.15171487,NO_PATTERN,NO_PATTERN
2020-05-08 03:00:00,9918.02,9959.26,9840.12,9947.18,901.71929008,HARAMI,Bullish
2020-05-08 04:00:00,9948.11,9948.11,9883.55,9926.31,691.35009997,NO_PATTERN,NO_PATTERN
2020-05-08 05:00:00,9926.31,9931.95,9822.01,9877.72,760.57000391,HAMMER,Neutral
2020-05-08 06:00:00,9878.14,9883.13,9766.0,9774.91,979.38079202,NO_PATTERN,NO_PATTERN
2020-05-08 07:00:00,9774.91,9831.21,9730.0,9826.35,1620.60350948,NO_PATTERN,NO_PATTERN
2020-05-08 08:00:00,9826.36,9914.97,9822.33,9869.82,486.38625722,SHOOTINGSTAR,Neutral
2020-05-08 09:00:00,9869.82,9885.68,9830.14,9847.32,351.18249959999997,NO_PATTERN,NO_PATTERN
2020-05-08 10:00:00,9847.01,9973.21,9832.65,9966.1,901.74808752,ENGULFING,Bullish
2020-05-08 11:00:00,9966.1,9966.1,9888.81,9917.15,484.25739702,NO_PATTERN,NO_PATTERN
2020-05-08 12:00:00,9917.16,9928.0,9798.31,9842.86,934.99106861,NO_PATTERN,NO_PATTERN
2020-05-08 13:00:00,9842.87,9921.14,9827.13,9902.13,786.64565937,NO_PATTERN,NO_PATTERN
2020-05-08 14:00:00,9902.12,10014.99,9884.48,9971.88,1428.33046036,NO_PATTERN,NO_PATTERN
2020-05-08 15:00:00,9971.88,10026.0,9919.8,9956.6,2074.34561431,NO_PATTERN,NO_PATTERN
2020-05-08 16:00:00,9956.6,10010.0,9934.46,9985.0,1595.40959577,NO_PATTERN,NO_PATTERN
2020-05-08 17:00:00,9984.99,9995.99,9938.73,9985.65,1032.65679863,DOJI,Neutral
2020-05-08 18:00:00,9985.66,9993.33,9892.29,9909.96,1077.0318222399999,ENGULFING,Bearish
2020-05-08 19:00:00,9909.16,9980.0,9890.5,9968.01,787.40342875,NO_PATTERN,NO_PATTERN
2020-05-08 20:00:00,9968.01,10000.0,9950.0,9999.99,747.14423617,NO_PATTERN,NO_PATTERN
2020-05-08 21:00:00,10000.0,10019.66,9975.15,10018.01,811.63806284,NO_PATTERN,NO_PATTERN
2020-05-08 22:00:00,10018.01,10020.08,9860.0,9892.17,1599.16289433,NO_PATTERN,NO_PATTERN
2020-05-08 23:00:00,9894.31,9930.0,9788.0,9810.0,1916.32511339,NO_PATTERN,NO_PATTERN
2020-05-09 00:00:00,9810.01,9894.0,9701.11,9882.01,1481.70546159,NO_PATTERN,NO_PATTERN
2020-05-09 01:00:00,9882.0,9920.73,9851.82,9857.99,781.06613962,HARAMI,Bearish
2020-05-09 02:00:00,9857.99,9880.91,9820.44,9852.73,606.3205016,DOJI,Neutral
2020-05-09 03:00:00,9852.72,9889.79,9852.72,9870.18,343.2314232,ENGULFING,Bullish
2020-05-09 04:00:00,9870.18,9881.03,9789.44,9836.42,625.77104886,NO_PATTERN,NO_PATTERN
2020-05-09 05:00:00,9836.41,9844.05,9756.68,9835.01,626.95956728,DRAGONFLYDOJI,Neutral
2020-05-09 06:00:00,9835.01,9839.43,9659.24,9700.42,993.00550629,NO_PATTERN,NO_PATTERN
2020-05-09 07:00:00,9700.21,9741.25,9566.0,9599.0,948.13246738,NO_PATTERN,NO_PATTERN
2020-05-09 08:00:00,9599.0,9696.78,9595.47,9675.75,623.12398717,NO_PATTERN,NO_PATTERN
2020-05-09 09:00:00,9675.75,9719.05,9650.0,9694.99,323.91238601,NO_PATTERN,NO_PATTERN
2020-05-09 10:00:00,9695.0,9695.0,9563.0,9635.04,709.19543708,ENGULFING,Bearish
2020-05-09 11:00:00,9635.04,9659.39,9525.0,9637.08,1043.76394477,DOJI,Neutral
2020-05-09 12:00:00,9638.63,9690.0,9575.65,9674.19,757.08353202,NO_PATTERN,NO_PATTERN
2020-05-09 13:00:00,9674.19,9719.96,9625.72,9719.96,559.14817047,NO_PATTERN,NO_PATTERN
2020-05-09 14:00:00,9720.15,9722.11,9667.1,9709.0,713.41197966,DRAGONFLYDOJI,Neutral
2020-05-09 15:00:00,9707.04,9707.05,9633.95,9689.71,681.0682348400001,NO_PATTERN,NO_PATTERN
2020-05-09 16:00:00,9689.71,9785.61,9675.04,9766.74,886.56546827,NO_PATTERN,NO_PATTERN
2020-05-09 17:00:00,9766.74,9800.0,9736.53,9781.82,431.07689187,NO_PATTERN,NO_PATTERN
2020-05-09 18:00:00,9782.58,9797.19,9725.0,9745.97,534.91086653,ENGULFING,Bearish
2020-05-09 19:00:00,9745.93,9768.9,9733.32,9746.1,391.95633381,DOJI,Neutral
2020-05-09 20:00:00,9746.1,9775.0,9606.0,9653.08,789.64096666,NO_PATTERN,NO_PATTERN
2020-05-09 21:00:00,9653.08,9668.02,9590.0,9613.9,841.77595269,NO_PATTERN,NO_PATTERN
2020-05-09 22:00:00,9613.9,9680.0,9566.0,9600.0,868.9601429100001,NO_PATTERN,NO_PATTERN
2020-05-09 23:00:00,9599.99,9635.86,9521.0,9537.21,1343.91298981,NO_PATTERN,NO_PATTERN
2020-05-10 00:00:00,9537.21,9559.98,8106.7,8722.35,16720.11297455,NO_PATTERN,NO_PATTERN
2020-05-10 01:00:00,8722.2,8799.99,8577.48,8722.28,4875.272763389999,DOJI,Neutral
2020-05-10 02:00:00,8722.28,8726.81,8620.22,8667.85,1762.0214007700001,NO_PATTERN,NO_PATTERN
2020-05-10 03:00:00,8667.84,8677.51,8341.97,8635.01,3743.32349399,HAMMER,Neutral
2020-05-10 04:00:00,8635.01,8635.01,8464.04,8560.76,1730.3813384,NO_PATTERN,NO_PATTERN
2020-05-10 05:00:00,8560.73,8663.46,8549.74,8631.01,807.10358922,NO_PATTERN,NO_PATTERN
2020-05-10 06:00:00,8631.01,8637.98,8568.75,8606.81,684.21570621,HAMMER,Neutral
2020-05-10 07:00:00,8608.55,8838.0,8605.0,8821.6,1304.87939151,NO_PATTERN,NO_PATTERN
2020-05-10 08:00:00,8821.59,8919.34,8774.66,8821.64,1134.05655559,DOJI,Neutral
2020-05-10 09:00:00,8818.89,8859.18,8735.46,8759.78,342.01495364,NO_PATTERN,NO_PATTERN
2020-05-10 10:00:00,8757.76,8838.0,8695.76,8820.46,513.07586878,ENGULFING,Bullish
2020-05-10 11:00:00,8820.16,8820.49,8669.25,8744.99,653.96680682,NO_PATTERN,NO_PATTERN
2020-05-10 12:00:00,8743.93,8776.32,8695.77,8722.37,754.96768957,NO_PATTERN,NO_PATTERN
2020-05-10 13:00:00,8722.37,8817.69,8697.53,8781.93,762.87187625,NO_PATTERN,NO_PATTERN
2020-05-10 14:00:00,8781.92,8794.66,8628.96,8665.37,845.02407899,NO_PATTERN,NO_PATTERN
2020-05-10 15:00:00,8665.37,8722.0,8574.83,8659.03,1169.7545991,DOJI,Neutral
2020-05-10 16:00:00,8659.04,8690.53,8253.74,8274.83,3268.59375097,NO_PATTERN,NO_PATTERN
2020-05-10 17:00:00,8274.8,8550.0,8266.8,8529.08,2110.55442558,NO_PATTERN,NO_PATTERN
2020-05-10 18:00:00,8527.96,8565.0,8432.14,8492.71,831.0388879,HARAMI,Bearish
2020-05-10 19:00:00,8492.75,8569.0,8489.26,8510.32,641.1810716699999,GRAVESTONEDOJI,Neutral
2020-05-10 20:00:00,8510.31,8786.67,8510.31,8673.78,1760.9152357799999,NO_PATTERN,NO_PATTERN
2020-05-10 21:00:00,8674.07,8785.0,8673.11,8726.08,775.6100834599999,SHOOTINGSTAR,Neutral
2020-05-10 22:00:00,8726.07,8800.29,8690.94,8786.47,886.14723341,NO_PATTERN,NO_PATTERN
2020-05-10 23:00:00,8786.47,8840.04,8568.22,8729.86,2247.27681836,NO_PATTERN,NO_PATTERN
2020-05-11 00:00:00,8729.86,8815.0,8708.37,8775.0,1003.75845146,NO_PATTERN,NO_PATTERN
2020-05-11 01:00:00,8774.99,8781.42,8693.79,8716.91,625.16039072,NO_PATTERN,NO_PATTERN
2020-05-11 02:00:00,8716.9,8768.53,8701.0,8756.46,461.57640596,NO_PATTERN,NO_PATTERN
2020-05-11 03:00:00,8755.27,8778.74,8670.0,8704.26,739.9016911,NO_PATTERN,NO_PATTERN
2020-05-11 04:00:00,8702.88,8716.72,8622.86,8642.31,656.99535377,NO_PATTERN,NO_PATTERN
2020-05-11 05:00:00,8642.3,8707.95,8620.0,8699.93,483.19330011,NO_PATTERN,NO_PATTERN
2020-05-11 06:00:00,8698.03,8740.0,8673.79,8687.61,290.56694564000003,DOJI,Neutral
2020-05-11 07:00:00,8687.53,8709.58,8628.12,8669.25,493.06494121,NO_PATTERN,NO_PATTERN
2020-05-11 08:00:00,8669.25,8688.88,8575.31,8644.61,583.15568663,NO_PATTERN,NO_PATTERN
2020-05-11 09:00:00,8640.0,8647.3,8482.26,8485.41,888.25382176,NO_PATTERN,NO_PATTERN
2020-05-11 10:00:00,8488.24,8883.15,8488.1,8809.76,1455.93746309,NO_PATTERN,NO_PATTERN
2020-05-11 11:00:00,8808.17,8998.98,8760.0,8934.32,1450.80286863,NO_PATTERN,NO_PATTERN
2020-05-11 12:00:00,8936.19,9182.66,8807.0,8874.06,4592.1466905199995,NO_PATTERN,NO_PATTERN
2020-05-11 13:00:00,8871.95,8980.01,8754.12,8855.88,2044.50935854,DOJI,Neutral
2020-05-11 14:00:00,8856.08,8949.3,8809.74,8870.78,1388.8715269900001,DOJI,Neutral
2020-05-11 15:00:00,8870.9,8968.1,8813.51,8893.12,1182.86904432,NO_PATTERN,NO_PATTERN
2020-05-11 16:00:00,8891.45,8931.04,8377.0,8618.42,4289.81246224,NO_PATTERN,NO_PATTERN
2020-05-11 17:00:00,8615.67,8685.23,8424.55,8519.56,2870.57902569,NO_PATTERN,NO_PATTERN
2020-05-11 18:00:00,8514.61,8670.19,8185.0,8605.99,5738.93911472,NO_PATTERN,NO_PATTERN
2020-05-11 19:00:00,8605.99,8784.86,8421.0,8753.04,3693.6569090000003,NO_PATTERN,NO_PATTERN
2020-05-11 20:00:00,8751.94,8815.02,8576.0,8638.0,1637.30590342,HARAMI,Bearish
2020-05-11 21:00:00,8638.0,8702.16,8474.74,8595.53,1502.39856118,NO_PATTERN,NO_PATTERN
2020-05-11 22:00:00,8595.53,8650.0,8533.43,8604.23,925.39238965,DOJI,Neutral
2020-05-11 23:00:00,8604.22,8650.0,8509.53,8572.4,905.49043897,NO_PATTERN,NO_PATTERN
2020-05-12 00:00:00,8572.4,8691.64,8534.85,8616.8,1021.27636621,NO_PATTERN,NO_PATTERN
2020-05-12 01:00:00,8616.8,8648.96,8570.83,8621.05,699.49550779,DOJI,Neutral
2020-05-12 02:00:00,8621.04,8692.25,8600.74,8644.11,763.97090123,GRAVESTONEDOJI,Neutral
2020-05-12 03:00:00,8642.31,8744.38,8635.11,8718.79,1043.75019445,NO_PATTERN,NO_PATTERN
2020-05-12 04:00:00,8718.77,8752.93,8667.0,8704.94,593.55582928,HARAMI,Bear
2020-05-12 05:00:00,8704.93,8786.97,8704.93,8734.9,569.5134167,ENGULFING,Bullish
2020-05-12 06:00:00,8734.03,8764.0,8657.84,8702.71,466.21444897,NO_PATTERN,NO_PATTERN
2020-05-12 07:00:00,8701.97,8716.57,8617.05,8657.97,392.28989722,NO_PATTERN,NO_PATTERN
2020-05-12 08:00:00,8657.04,8763.85,8639.71,8748.79,613.45269155,ENGULFING,Bullish
2020-05-12 09:00:00,8748.78,8827.99,8745.89,8789.84,708.91947719,NO_PATTERN,NO_PATTERN
2020-05-12 10:00:00,8789.84,8823.44,8733.22,8784.93,647.71166654,DOJI,Neutral
2020-05-12 11:00:00,8784.93,8811.99,8733.0,8801.59,445.09955354,NO_PATTERN,NO_PATTERN
2020-05-12 12:00:00,8803.79,8821.99,8741.27,8776.23,532.29502843,ENGULFING,Bearish
2020-05-12 13:00:00,8774.35,8786.02,8663.85,8741.01,1295.52500288,NO_PATTERN,NO_PATTERN
2020-05-12 14:00:00,8741.02,8925.0,8741.02,8889.49,1828.55804755,NO_PATTERN,NO_PATTERN
2020-05-12 15:00:00,8889.48,8948.0,8860.02,8874.84,1498.97793838,HARAMI,Bearish
2020-05-12 16:00:00,8874.84,8965.87,8874.84,8932.45,1189.84024491,NO_PATTERN,NO_PATTERN
2020-05-12 17:00:00,8930.87,8982.9,8836.09,8883.45,1197.27727004,HARAMI,Bearish
2020-05-12 18:00:00,8883.46,8918.27,8840.0,8905.12,785.20088214,NO_PATTERN,NO_PATTERN
2020-05-12 19:00:00,8905.11,8931.83,8780.27,8799.56,1140.03119423,NO_PATTERN,NO_PATTERN
2020-05-12 20:00:00,8797.42,8852.26,8777.0,8824.49,800.94266585,NO_PATTERN,NO_PATTERN
2020-05-12 21:00:00,8824.48,8858.72,8736.16,8784.39,671.96336674,NO_PATTERN,NO_PATTERN
2020-05-12 22:00:00,8784.39,8839.3,8744.07,8820.55,687.27855215,NO_PATTERN,NO_PATTERN
2020-05-12 23:00:00,8820.63,8852.98,8787.77,8821.42,589.25069855,DOJI,Neutral
2020-05-13 00:00:00,8821.41,8948.88,8803.97,8941.18,829.86209464,NO_PATTERN,NO_PATTERN
2020-05-13 01:00:00,8941.18,8964.9,8900.0,8953.95,781.44121076,NO_PATTERN,NO_PATTERN
2020-05-13 02:00:00,8953.95,8979.0,8893.03,8942.74,570.70928752,NO_PATTERN,NO_PATTERN
2020-05-13 03:00:00,8942.73,8949.99,8900.77,8916.47,480.7598441,NO_PATTERN,NO_PATTERN
2020-05-13 04:00:00,8916.12,8947.02,8876.25,8935.54,397.87189489,NO_PATTERN,NO_PATTERN
2020-05-13 05:00:00,8935.02,8947.11,8875.0,8886.26,293.26500777,NO_PATTERN,NO_PATTERN
2020-05-13 06:00:00,8886.25,8924.11,8875.02,8919.49,169.31994957,NO_PATTERN,NO_PATTERN
2020-05-13 07:00:00,8919.48,8924.6,8863.74,8872.74,178.69032655,NO_PATTERN,NO_PATTERN
2020-05-13 08:00:00,8872.74,8927.31,8834.71,8914.86,391.23904189,NO_PATTERN,NO_PATTERN
2020-05-13 09:00:00,8914.85,8936.67,8897.73,8921.24,267.39814647000003,DOJI,Neutral
2020-05-13 10:00:00,8921.23,8968.11,8901.35,8958.01,251.18860052,NO_PATTERN,NO_PATTERN
2020-05-13 11:00:00,8958.0,9049.21,8932.05,9039.91,834.18612835,NO_PATTERN,NO_PATTERN
2020-05-13 12:00:00,9040.86,9108.99,8999.01,9095.2,1149.56475365,NO_PATTERN,NO_PATTERN
2020-05-13 13:00:00,9095.19,9125.0,9051.0,9088.0,1028.65273158,HARAMI,Bear
2020-05-13 14:00:00,9087.99,9145.0,9045.0,9092.94,1350.00916609,DOJI,Neutral
2020-05-13 15:00:00,9092.93,9200.0,9092.93,9146.26,1738.91391511,NO_PATTERN,NO_PATTERN
2020-05-13 16:00:00,9146.26,9175.86,9060.85,9122.77,1390.07740043,NO_PATTERN,NO_PATTERN
2020-05-13 17:00:00,9122.76,9124.36,9060.58,9093.65,601.84469685,NO_PATTERN,NO_PATTERN
2020-05-13 18:00:00,9093.95,9119.0,9084.0,9089.27,840.2409631,GRAVESTONEDOJI,Neutral
2020-05-13 19:00:00,9089.26,9172.68,9088.69,9165.0,638.54153632,3LINESTRIKE,Bear
2020-05-13 20:00:00,9162.47,9350.0,9155.0,9303.15,3004.39855705,NO_PATTERN,NO_PATTERN
2020-05-13 21:00:00,9303.16,9420.18,9289.34,9363.35,2276.23447323,NO_PATTERN,NO_PATTERN
2020-05-13 22:00:00,9363.35,9380.42,9268.0,9329.55,1246.39291681,NO_PATTERN,NO_PATTERN
2020-05-13 23:00:00,9327.96,9358.58,9302.67,9321.26,595.15866851,DOJI,Neutral
2020-05-14 00:00:00,9320.85,9390.0,9302.68,9313.6,984.49757773,DOJI,Neutral
2020-05-14 01:00:00,9313.73,9337.23,9271.79,9278.18,731.76562215,NO_PATTERN,NO_PATTERN
2020-05-14 02:00:00,9278.18,9344.0,9257.15,9342.95,565.43186017,NO_PATTERN,NO_PATTERN
2020-05-14 03:00:00,9342.96,9358.89,9314.41,9355.0,648.05605976,NO_PATTERN,NO_PATTERN
2020-05-14 04:00:00,9354.99,9354.99,9304.69,9319.87,624.5338745500001,NO_PATTERN,NO_PATTERN
2020-05-14 05:00:00,9319.87,9449.91,9270.0,9438.64,1058.19228314,NO_PATTERN,NO_PATTERN
2020-05-14 06:00:00,9441.28,9474.99,9410.14,9449.47,689.91762922,DOJI,Neutral
2020-05-14 07:00:00,9449.47,9547.27,9416.22,9512.94,862.4758138,NO_PATTERN,NO_PATTERN
2020-05-14 08:00:00,9513.88,9650.0,9482.16,9617.0,939.81842253,NO_PATTERN,NO_PATTERN
2020-05-14 09:00:00,9616.77,9825.0,9616.4,9810.01,1815.43386626,NO_PATTERN,NO_PATTERN
2020-05-14 10:00:00,9811.78,9943.93,9585.91,9650.74,3907.6365393,NO_PATTERN,NO_PATTERN
2020-05-14 11:00:00,9653.01,9777.46,9653.01,9682.62,1104.28324811,HARAMI,Bullish
2020-05-14 12:00:00,9687.67,9711.5,9558.0,9591.07,1865.12618967,ENGULFING,Bearish
2020-05-14 13:00:00,9585.02,9652.77,9537.26,9627.41,1170.15026352,NO_PATTERN,NO_PATTERN
2020-05-14 14:00:00,9627.4,9767.69,9608.73,9709.45,1257.6119532,NO_PATTERN,NO_PATTERN
2020-05-14 15:00:00,9709.45,9763.36,9664.53,9755.23,939.33308064,NO_PATTERN,NO_PATTERN
2020-05-14 16:00:00,9755.01,9788.82,9613.5,9679.0,1328.42447408,NO_PATTERN,NO_PATTERN
2020-05-14 17:00:00,9679.0,9679.0,9570.9,9621.87,893.60484679,NO_PATTERN,NO_PATTERN
2020-05-14 18:00:00,9621.87,9690.05,9583.47,9683.64,877.03061684,NO_PATTERN,NO_PATTERN
2020-05-14 19:00:00,9683.64,9725.0,9655.0,9660.33,783.00787883,NO_PATTERN,NO_PATTERN
2020-05-14 20:00:00,9660.32,9875.0,9600.0,9659.07,2678.18611512,DOJI,Neutral
2020-05-14 21:00:00,9659.1,9785.0,9617.0,9782.15,879.7667929200001,NO_PATTERN,NO_PATTERN
2020-05-14 22:00:00,9782.15,9819.0,9725.66,9760.14,1132.45315906,NO_PATTERN,NO_PATTERN
2020-05-14 23:00:00,9758.07,9849.0,9739.41,9795.34,988.30770749,ENGULFING,Bullish
2020-05-15 00:00:00,9795.34,9849.0,9720.21,9771.45,814.5403144,NO_PATTERN,NO_PATTERN
2020-05-15 01:00:00,9771.45,9776.24,9728.3,9736.99,493.09201361,NO_PATTERN,NO_PATTERN
2020-05-15 02:00:00,9737.0,9746.39,9226.08,9496.16,4669.98297103,NO_PATTERN,NO_PATTERN
2020-05-15 03:00:00,9493.57,9558.96,9435.37,9477.0,1249.9862589,NO_PATTERN,NO_PATTERN
2020-05-15 04:00:00,9477.0,9507.47,9431.22,9438.89,1206.05118246,NO_PATTERN,NO_PATTERN
2020-05-15 05:00:00,9440.31,9518.95,9363.22,9501.34,1007.61647649,NO_PATTERN,NO_PATTERN
2020-05-15 06:00:00,9501.93,9552.59,9494.86,9544.93,383.62600910000003,NO_PATTERN,NO_PATTERN
2020-05-15 07:00:00,9544.93,9720.67,9542.0,9675.88,771.32748747,NO_PATTERN,NO_PATTERN
2020-05-15 08:00:00,9674.15,9706.58,9598.27,9611.81,397.49696849,HARAMI,Bearish
2020-05-15 09:00:00,9611.81,9657.29,9551.08,9614.75,398.75813582,DOJI,Neutral
2020-05-15 10:00:00,9610.35,9624.88,9466.88,9583.76,542.94339788,NO_PATTERN,NO_PATTERN
2020-05-15 11:00:00,9583.76,9650.0,9545.46,9587.95,351.08134635,DOJI,Neutral
2020-05-15 12:00:00,9586.39,9587.9,9501.01,9515.9,642.63925309,NO_PATTERN,NO_PATTERN
2020-05-15 13:00:00,9515.89,9572.92,9485.25,9537.37,474.73087996,NO_PATTERN,NO_PATTERN
2020-05-15 14:00:00,9537.61,9616.95,9537.61,9562.01,550.20454327,SHOOTINGSTAR,Neutral
2020-05-15 15:00:00,9562.0,9562.01,9410.35,9471.78,1553.53804072,NO_PATTERN,NO_PATTERN
2020-05-15 16:00:00,9471.79,9508.0,9439.15,9467.7,639.43834521,DOJI,Neutral
2020-05-15 17:00:00,9464.96,9496.3,9436.85,9472.35,487.29731601000003,ENGULFING,Bull
2020-05-15 18:00:00,9472.35,9530.0,9472.35,9487.32,480.91187173,NO_PATTERN,NO_PATTERN
2020-05-15 19:00:00,9487.32,9507.39,9322.97,9333.34,2517.97314785,NO_PATTERN,NO_PATTERN
2020-05-15 20:00:00,9331.0,9400.0,9120.0,9241.97,2380.77791578,NO_PATTERN,NO_PATTERN
2020-05-15 21:00:00,9244.24,9449.0,9202.28,9414.97,1308.26693819,NO_PATTERN,NO_PATTERN
2020-05-15 22:00:00,9414.98,9487.66,9339.23,9360.0,971.17843435,NO_PATTERN,NO_PATTERN
2020-05-15 23:00:00,9360.0,9389.43,9244.0,9312.1,823.24670514,NO_PATTERN,NO_PATTERN
2020-05-16 00:00:00,9312.1,9393.93,9215.01,9392.0,996.4132043,NO_PATTERN,NO_PATTERN
2020-05-16 01:00:00,9391.64,9447.84,9353.26,9403.98,630.13479873,DOJI,Neutral
2020-05-16 02:00:00,9407.72,9455.0,9379.51,9432.98,336.2953486,NO_PATTERN,NO_PATTERN
2020-05-16 03:00:00,9432.98,9446.22,9385.0,9405.72,247.33925346,NO_PATTERN,NO_PATTERN
2020-05-16 04:00:00,9405.71,9500.0,9396.77,9499.28,437.45629219,ENGULFING,Bullish
2020-05-16 05:00:00,9499.28,9594.99,9442.9,9457.67,981.21057465,NO_PATTERN,NO_PATTERN
2020-05-16 06:00:00,9456.61,9479.73,9411.77,9469.86,328.4269013,HAMMER,Neutral
2020-05-16 07:00:00,9469.85,9500.0,9377.76,9383.73,346.85203379,NO_PATTERN,NO_PATTERN
2020-05-16 08:00:00,9382.86,9431.77,9342.18,9422.4,284.81887306,HAMMER,Neutral
2020-05-16 09:00:00,9422.4,9430.92,9325.0,9414.7,223.65322483,DRAGONFLYDOJI,Neutral
2020-05-16 10:00:00,9414.7,9458.24,9368.97,9454.79,182.57396084,NO_PATTERN,NO_PATTERN
2020-05-16 11:00:00,9454.73,9457.75,9380.0,9409.5,129.91402364,NO_PATTERN,NO_PATTERN
2020-05-16 12:00:00,9409.5,9510.52,9401.52,9471.78,460.19362161000004,NO_PATTERN,NO_PATTERN
2020-05-16 13:00:00,9471.78,9535.4,9426.01,9454.72,353.92767865,NO_PATTERN,NO_PATTERN
2020-05-16 14:00:00,9454.72,9494.0,9391.97,9429.47,641.633022,NO_PATTERN,NO_PATTERN
2020-05-16 15:00:00,9429.79,9437.9,9330.0,9374.76,861.65854284,NO_PATTERN,NO_PATTERN
2020-05-16 16:00:00,9374.77,9410.8,9319.94,9380.62,535.34208432,HARAMI,Bull
2020-05-16 17:00:00,9383.07,9403.28,9296.0,9318.04,496.71055967,ENGULFING,Bearish
2020-05-16 18:00:00,9318.04,9340.77,9261.23,9284.83,580.85752147,NO_PATTERN,NO_PATTERN
2020-05-16 19:00:00,9281.07,9350.0,9263.09,9332.15,371.39535697,ENGULFING,Bullish
2020-05-16 20:00:00,9330.54,9392.21,9294.63,9383.57,416.72326719,NO_PATTERN,NO_PATTERN
2020-05-16 21:00:00,9381.9,9421.04,9351.45,9383.53,289.79465365,HARAMI,Bear
2020-05-16 22:00:00,9383.51,9440.0,9360.13,9420.0,320.35444015,NO_PATTERN,NO_PATTERN
2020-05-16 23:00:00,9419.99,9437.28,9367.02,9383.16,275.48072441,NO_PATTERN,NO_PATTERN
2020-05-17 00:00:00,9380.01,9512.85,9325.81,9481.01,993.77724189,ENGULFING,Bullish
2020-05-17 01:00:00,9481.0,9526.34,9436.15,9475.0,524.98245665,HARAMI,Bear
2020-05-17 02:00:00,9472.62,9550.0,9472.41,9515.81,455.65762488,ENGULFING,Bullish
2020-05-17 03:00:00,9514.06,9576.74,9499.71,9541.78,428.27945196999997,NO_PATTERN,NO_PATTERN
2020-05-17 04:00:00,9540.54,9565.91,9502.75,9506.92,376.40820584,NO_PATTERN,NO_PATTERN
2020-05-17 05:00:00,9506.92,9527.66,9470.43,9492.44,197.97460649,NO_PATTERN,NO_PATTERN
2020-05-17 06:00:00,9492.44,9550.0,9492.44,9543.77,148.3292196,NO_PATTERN,NO_PATTERN
2020-05-17 07:00:00,9543.78,9560.0,9502.36,9538.87,216.55063439,DOJI,Neutral
2020-05-17 08:00:00,9544.78,9550.2,9480.14,9489.89,122.18963157,NO_PATTERN,NO_PATTERN
2020-05-17 09:00:00,9489.89,9509.43,9452.01,9486.73,122.58321699,DOJI,Neutral
2020-05-17 10:00:00,9486.73,9538.23,9486.73,9532.45,95.71306543,NO_PATTERN,NO_PATTERN
2020-05-17 11:00:00,9532.45,9534.98,9493.06,9524.09,249.67331734,NO_PATTERN,NO_PATTERN
2020-05-17 12:00:00,9523.78,9779.62,9522.68,9775.16,1960.16131243,ENGULFING,Bullish
2020-05-17 13:00:00,9774.63,9793.4,9688.39,9749.01,813.9631599100001,HARAMI,Bearish
2020-05-17 14:00:00,9749.01,9823.25,9726.39,9821.99,797.03416716,NO_PATTERN,NO_PATTERN
2020-05-17 15:00:00,9819.04,9896.0,9770.0,9825.0,1817.31696588,DOJI,Neutral
2020-05-17 16:00:00,9825.0,9845.0,9701.24,9737.04,973.75392755,NO_PATTERN,NO_PATTERN
2020-05-17 17:00:00,9737.04,9777.25,9717.36,9764.09,364.8117394,NO_PATTERN,NO_PATTERN
2020-05-17 18:00:00,9764.09,9764.09,9705.69,9755.01,367.68750967,DRAGONFLYDOJI,Neutral
2020-05-17 19:00:00,9755.01,9792.44,9726.33,9770.68,371.70024367,NO_PATTERN,NO_PATTERN
2020-05-17 20:00:00,9770.43,9770.43,9722.0,9742.89,300.95924788,NO_PATTERN,NO_PATTERN
2020-05-17 21:00:00,9742.89,9792.94,9738.12,9765.77,346.14326673,NO_PATTERN,NO_PATTERN
2020-05-17 22:00:00,9764.95,9764.95,9600.0,9690.35,1123.66370667,NO_PATTERN,NO_PATTERN
2020-05-17 23:00:00,9688.91,9730.9,9651.28,9676.63,345.21476212,NO_PATTERN,NO_PATTERN
2020-05-18 00:00:00,9677.45,9787.07,9675.13,9773.83,513.69106526,MORNINGSTAR,Neutral
2020-05-18 01:00:00,9773.83,9957.25,9760.0,9898.86,3140.10208027,NO_PATTERN,NO_PATTERN
2020-05-18 02:00:00,9898.86,9925.0,9835.81,9865.85,1054.65215316,NO_PATTERN,NO_PATTERN
2020-05-18 03:00:00,9865.85,9884.87,9813.81,9861.29,664.92527657,DOJI,Neutral
2020-05-18 04:00:00,9859.51,9913.06,9831.04,9865.46,644.41683991,DOJI,Neutral
2020-05-18 05:00:00,9865.46,9895.0,9847.34,9855.27,410.84758435,NO_PATTERN,NO_PATTERN
2020-05-18 06:00:00,9855.01,9879.92,9721.0,9774.0,699.38368575,NO_PATTERN,NO_PATTERN
2020-05-18 07:00:00,9774.0,9805.02,9736.89,9779.09,279.15951412,DOJI,Neutral
2020-05-18 08:00:00,9779.1,9793.12,9436.97,9579.64,2069.16310629,ENGULFING,Bearish
2020-05-18 09:00:00,9583.06,9605.56,9534.25,9570.01,709.3520031,NO_PATTERN,NO_PATTERN
2020-05-18 10:00:00,9570.0,9652.81,9550.71,9626.4,693.24964704,ENGULFING,Bullish
2020-05-18 11:00:00,9626.4,9686.21,9620.38,9627.4,345.45571705,GRAVESTONEDOJI,Neutral
2020-05-18 12:00:00,9627.4,9668.22,9563.44,9664.22,578.84888775,HAMMER,Neutral
2020-05-18 13:00:00,9661.16,9691.26,9630.82,9655.7,527.10056918,DOJI,Neutral
2020-05-18 14:00:00,9655.0,9729.21,9627.35,9707.31,854.53150868,ENGULFING,Bullish
2020-05-18 15:00:00,9707.0,9715.0,9643.01,9662.63,523.60773892,HARAMI,Bearish
2020-05-18 16:00:00,9663.04,9702.15,9600.0,9627.19,758.2284608699999,NO_PATTERN,NO_PATTERN
2020-05-18 17:00:00,9627.19,9660.25,9544.08,9619.0,780.37600749,DOJI,Neutral
2020-05-18 18:00:00,9618.99,9664.58,9607.65,9654.84,386.52312743,ENGULFING,Bullish
2020-05-18 19:00:00,9652.65,9716.0,9652.29,9698.58,457.05290388000003,NO_PATTERN,NO_PATTERN
2020-05-18 20:00:00,9695.97,9712.44,9650.0,9680.84,304.43219561,HARAMI,Bearish
2020-05-18 21:00:00,9680.83,9720.0,9671.22,9685.01,347.07939231,DOJI,Neutral
2020-05-18 22:00:00,9685.01,9745.68,9666.14,9716.35,445.95079513,NO_PATTERN,NO_PATTERN
2020-05-18 23:00:00,9715.51,9749.74,9695.64,9728.52,427.18808168,NO_PATTERN,NO_PATTERN
2020-05-19 00:00:00,9728.52,9737.3,9570.0,9635.71,1112.79089978,NO_PATTERN,NO_PATTERN
2020-05-19 01:00:00,9635.71,9661.76,9622.85,9648.41,315.05731661,NO_PATTERN,NO_PATTERN
2020-05-19 02:00:00,9645.14,9651.1,9528.85,9602.27,994.48149156,NO_PATTERN,NO_PATTERN
2020-05-19 03:00:00,9604.68,9625.95,9477.0,9521.15,840.57200117,NO_PATTERN,NO_PATTERN
2020-05-19 04:00:00,9519.07,9565.0,9463.22,9520.02,651.72247487,DOJI,Neutral
2020-05-19 05:00:00,9520.01,9598.0,9515.0,9594.81,454.87420827,MORNINGSTAR,Neutral
2020-05-19 06:00:00,9594.81,9610.11,9575.0,9577.62,192.92387104,NO_PATTERN,NO_PATTERN
2020-05-19 07:00:00,9577.63,9614.3,9540.67,9561.39,241.86162078,NO_PATTERN,NO_PATTERN
2020-05-19 08:00:00,9563.48,9825.0,9563.48,9798.33,1638.30022087,NO_PATTERN,NO_PATTERN
2020-05-19 09:00:00,9798.33,9811.36,9763.12,9783.33,426.90912926,NO_PATTERN,NO_PATTERN
2020-05-19 10:00:00,9783.33,9800.0,9751.87,9789.73,355.46476076,HAMMER,Neutral
2020-05-19 11:00:00,9789.74,9898.0,9691.14,9749.4,1184.05686578,ENGULFING,Bearish
2020-05-19 12:00:00,9745.02,9755.05,9551.0,9613.71,1442.28653483,NO_PATTERN,NO_PATTERN
2020-05-19 13:00:00,9613.71,9682.68,9588.96,9665.81,854.12695109,NO_PATTERN,NO_PATTERN
2020-05-19 14:00:00,9665.81,9732.82,9662.78,9699.01,586.9283817,NO_PATTERN,NO_PATTERN
2020-05-19 15:00:00,9699.01,9731.43,9644.58,9685.91,550.27649487,NO_PATTERN,NO_PATTERN
2020-05-19 16:00:00,9685.91,9729.96,9664.24,9697.89,446.53351518,NO_PATTERN,NO_PATTERN
2020-05-19 17:00:00,9696.17,9717.51,9618.38,9662.9,461.77447032,NO_PATTERN,NO_PATTERN
2020-05-19 18:00:00,9665.32,9720.0,9651.63,9702.4,329.47712288,NO_PATTERN,NO_PATTERN
2020-05-19 19:00:00,9702.31,9720.0,9635.62,9641.38,505.74854468,NO_PATTERN,NO_PATTERN
2020-05-19 20:00:00,9641.38,9701.19,9618.3,9688.52,354.61621657,NO_PATTERN,NO_PATTERN
2020-05-19 21:00:00,9692.39,9699.76,9665.15,9688.58,261.6168061,DRAGONFLYDOJI,Neutral
2020-05-19 22:00:00,9688.58,9771.87,9655.18,9759.01,392.92084728,NO_PATTERN,NO_PATTERN
2020-05-19 23:00:00,9759.01,9796.19,9709.99,9783.76,619.13149405,NO_PATTERN,NO_PATTERN
2020-05-20 00:00:00,9783.57,9809.25,9733.15,9746.73,987.1109484899999,NO_PATTERN,NO_PATTERN
2020-05-20 01:00:00,9745.87,9768.27,9734.56,9742.77,388.36053938,DOJI,Neutral
2020-05-20 02:00:00,9742.77,9742.77,9705.04,9729.02,451.01316251,HAMMER,Neutral
2020-05-20 03:00:00,9729.02,9776.48,9712.66,9720.82,376.35131925,NO_PATTERN,NO_PATTERN
2020-05-20 04:00:00,9720.72,9748.24,9700.0,9728.73,252.06646945,NO_PATTERN,NO_PATTERN
2020-05-20 05:00:00,9728.72,9745.21,9716.21,9745.21,200.19855066,NO_PATTERN,NO_PATTERN
2020-05-20 06:00:00,9745.21,9836.99,9639.87,9715.92,864.32331219,NO_PATTERN,NO_PATTERN
2020-05-20 07:00:00,9715.92,9778.0,9700.0,9760.55,510.88268767,NO_PATTERN,NO_PATTERN
2020-05-20 08:00:00,9760.55,9789.78,9738.6,9774.31,354.81867829,NO_PATTERN,NO_PATTERN
2020-05-20 09:00:00,9774.31,9795.0,9742.33,9782.84,263.39408464,NO_PATTERN,NO_PATTERN
2020-05-20 10:00:00,9781.57,9805.15,9725.48,9772.22,213.13344232,NO_PATTERN,NO_PATTERN
2020-05-20 11:00:00,9773.53,9778.93,9709.73,9720.0,200.51069852,NO_PATTERN,NO_PATTERN
2020-05-20 12:00:00,9720.02,9782.37,9713.38,9763.28,335.93142314,NO_PATTERN,NO_PATTERN
2020-05-20 13:00:00,9763.27,9792.07,9744.12,9782.03,316.09875636,NO_PATTERN,NO_PATTERN
2020-05-20 14:00:00,9782.03,9796.97,9758.56,9766.57,426.66719641000003,NO_PATTERN,NO_PATTERN
2020-05-20 15:00:00,9766.57,9766.57,9294.54,9408.77,4814.61211086,NO_PATTERN,NO_PATTERN
2020-05-20 16:00:00,9404.58,9519.99,9333.5,9489.8,2120.1486639,NO_PATTERN,NO_PATTERN
2020-05-20 17:00:00,9489.79,9545.0,9441.0,9536.5,876.92844211,NO_PATTERN,NO_PATTERN
2020-05-20 18:00:00,9536.5,9544.5,9501.62,9534.21,469.32776605,DRAGONFLYDOJI,Neutral
2020-05-20 19:00:00,9534.22,9539.0,9484.74,9533.45,413.73155842,HAMMER,Neutral
2020-05-20 20:00:00,9533.45,9597.0,9513.93,9592.7,481.73161023,NO_PATTERN,NO_PATTERN
2020-05-20 21:00:00,9592.7,9592.7,9541.0,9550.0,386.91726254,NO_PATTERN,NO_PATTERN
2020-05-20 22:00:00,9549.99,9569.0,9500.0,9518.95,344.28355512,NO_PATTERN,NO_PATTERN
2020-05-20 23:00:00,9518.95,9546.49,9440.0,9509.41,809.63738774,DOJI,Neutral
2020-05-21 00:00:00,9509.4,9568.0,9475.54,9555.0,427.57814345,ENGULFING,Bullish
2020-05-21 01:00:00,9554.99,9556.6,9501.59,9510.01,281.64155177,NO_PATTERN,NO_PATTERN
2020-05-21 02:00:00,9508.39,9525.0,9450.0,9463.09,420.1150684,NO_PATTERN,NO_PATTERN
2020-05-21 03:00:00,9463.09,9492.02,9440.0,9469.0,412.16513804,DOJI,Neutral
2020-05-21 04:00:00,9469.0,9488.34,9418.0,9473.67,591.07929855,DOJI,Neutral
2020-05-21 05:00:00,9473.67,9509.39,9473.55,9490.0,328.06354706,NO_PATTERN,NO_PATTERN
2020-05-21 06:00:00,9489.99,9520.94,9475.43,9478.89,241.65455667,NO_PATTERN,NO_PATTERN
2020-05-21 07:00:00,9479.17,9486.18,9436.0,9443.26,302.04039022,NO_PATTERN,NO_PATTERN
2020-05-21 08:00:00,9443.28,9498.64,9246.79,9366.99,1530.8328846699999,NO_PATTERN,NO_PATTERN
2020-05-21 09:00:00,9366.99,9421.96,9282.48,9286.39,580.72050553,NO_PATTERN,NO_PATTERN
2020-05-21 10:00:00,9286.38,9362.0,9215.01,9359.9,905.8607415,NO_PATTERN,NO_PATTERN
2020-05-21 11:00:00,9359.9,9378.01,9328.24,9374.02,372.59691311,NO_PATTERN,NO_PATTERN
2020-05-21 12:00:00,9375.56,9381.44,9304.97,9347.33,470.6781651,HAMMER,Neutral
2020-05-21 13:00:00,9347.32,9377.85,9235.02,9281.84,820.5193354,NO_PATTERN,NO_PATTERN
2020-05-21 14:00:00,9278.74,9305.0,8921.32,9071.05,6211.32042764,NO_PATTERN,NO_PATTERN
2020-05-21 15:00:00,9071.05,9140.0,9038.99,9074.23,1833.99813186,DOJI,Neutral
2020-05-21 16:00:00,9073.27,9123.03,9026.82,9069.17,1532.06492937,DOJI,Neutral
2020-05-21 17:00:00,9069.16,9091.02,8960.0,8991.11,1425.10389714,NO_PATTERN,NO_PATTERN
2020-05-21 18:00:00,8989.82,8990.92,8800.0,8815.27,3546.09580705,NO_PATTERN,NO_PATTERN
2020-05-21 19:00:00,8815.26,9090.0,8800.0,9059.19,2744.46302815,ENGULFING,Bullish
2020-05-21 20:00:00,9059.18,9080.78,9001.47,9055.79,584.8355549,HARAMI,Bear
2020-05-21 21:00:00,9055.79,9147.9,9045.43,9103.43,818.16999872,NO_PATTERN,NO_PATTERN
2020-05-21 22:00:00,9103.43,9156.3,9095.18,9114.27,941.77549862,GRAVESTONEDOJI,Neutral
2020-05-21 23:00:00,9114.28,9124.84,9023.9,9061.96,712.44764707,ENGULFING,Bearish
2020-05-22 00:00:00,9059.32,9061.05,8967.15,9018.99,975.2657716,HAMMER,Neutral
2020-05-22 01:00:00,9018.99,9125.42,9015.29,9085.03,674.73830367,NO_PATTERN,NO_PATTERN
2020-05-22 02:00:00,9089.6,9112.0,9030.68,9031.11,359.35778219,NO_PATTERN,NO_PATTERN
2020-05-22 03:00:00,9031.37,9064.44,8953.17,8982.3,706.2981059,NO_PATTERN,NO_PATTERN
2020-05-22 04:00:00,8981.43,9026.62,8923.5,8984.37,890.29292015,DOJI,Neutral
2020-05-22 05:00:00,8984.35,9062.61,8952.54,9036.46,487.19759049,NO_PATTERN,NO_PATTERN
2020-05-22 06:00:00,9039.99,9094.28,9024.84,9079.45,460.72647051,NO_PATTERN,NO_PATTERN
2020-05-22 07:00:00,9079.45,9112.29,9045.61,9071.33,544.16749628,DOJI,Neutral
2020-05-22 08:00:00,9071.34,9104.36,9035.37,9079.0,394.63346867,DOJI,Neutral
2020-05-22 09:00:00,9079.0,9099.0,9041.95,9098.99,259.14650411,NO_PATTERN,NO_PATTERN
2020-05-22 10:00:00,9099.0,9189.0,9099.0,9161.55,667.97455255,NO_PATTERN,NO_PATTERN
2020-05-22 11:00:00,9161.56,9184.54,9126.6,9164.2,366.63160382,DOJI,Neutral
2020-05-22 12:00:00,9165.6,9198.0,9143.0,9172.01,495.7972925,DOJI,Neutral
2020-05-22 13:00:00,9172.01,9176.53,9075.29,9106.97,529.18237303,NO_PATTERN,NO_PATTERN
2020-05-22 14:00:00,9106.97,9167.98,9106.97,9132.91,458.11785358,NO_PATTERN,NO_PATTERN
2020-05-22 15:00:00,9134.7,9224.38,9131.53,9224.38,924.63394384,NO_PATTERN,NO_PATTERN
2020-05-22 16:00:00,9224.38,9249.99,9184.85,9249.07,994.57938813,NO_PATTERN,NO_PATTERN
2020-05-22 17:00:00,9248.44,9267.34,9180.75,9197.74,1010.7563788,NO_PATTERN,NO_PATTERN
2020-05-22 18:00:00,9199.46,9227.21,9178.4,9204.8,417.77508375,HARAMI,Bull
2020-05-22 19:00:00,9203.9,9227.3,9142.01,9173.33,607.18146945,NO_PATTERN,NO_PATTERN
2020-05-22 20:00:00,9173.33,9214.92,9129.4,9180.53,586.09982416,DOJI,Neutral
2020-05-22 21:00:00,9182.44,9208.19,9170.0,9205.16,310.75568764,NO_PATTERN,NO_PATTERN
2020-05-22 22:00:00,9205.17,9217.76,9180.01,9200.44,274.96276713,DOJI,Neutral
2020-05-22 23:00:00,9200.44,9200.99,9133.83,9168.84,283.68026433,HAMMER,Neutral
2020-05-23 00:00:00,9168.84,9258.68,9168.83,9248.37,419.67135293,NO_PATTERN,NO_PATTERN
2020-05-23 01:00:00,9247.99,9278.0,9230.01,9244.75,496.3407662,HARAMI,Bear
2020-05-23 02:00:00,9244.99,9295.0,9241.1,9280.01,456.46205944,NO_PATTERN,NO_PATTERN
2020-05-23 03:00:00,9280.01,9313.83,9277.34,9295.3,376.64446541,NO_PATTERN,NO_PATTERN
2020-05-23 04:00:00,9294.66,9310.0,9245.61,9262.69,263.26384104,NO_PATTERN,NO_PATTERN
2020-05-23 05:00:00,9262.68,9269.17,9240.0,9268.6,264.71339547,DRAGONFLYDOJI,Neutral
2020-05-23 06:00:00,9268.59,9268.59,9215.0,9243.66,295.5380127,NO_PATTERN,NO_PATTERN
2020-05-23 07:00:00,9243.66,9270.0,9228.1,9259.22,130.71975889,NO_PATTERN,NO_PATTERN
2020-05-23 08:00:00,9259.23,9259.23,9164.77,9191.51,308.44355952,ENGULFING,Bearish
2020-05-23 09:00:00,9192.24,9203.32,9115.67,9140.0,261.40238934,NO_PATTERN,NO_PATTERN
2020-05-23 10:00:00,9140.0,9150.0,9097.29,9140.87,342.98102747,DOJI,Neutral
2020-05-23 11:00:00,9140.86,9198.09,9133.88,9183.0,433.22036267,NO_PATTERN,NO_PATTERN
2020-05-23 12:00:00,9182.85,9182.85,9090.11,9134.79,362.31082381,NO_PATTERN,NO_PATTERN
2020-05-23 13:00:00,9134.78,9175.34,9112.53,9155.56,300.96746953,NO_PATTERN,NO_PATTERN
2020-05-23 14:00:00,9155.56,9220.0,9139.48,9201.19,257.03935794,NO_PATTERN,NO_PATTERN
2020-05-23 15:00:00,9201.47,9216.04,9171.8,9198.55,269.49388571,DOJI,Neutral
2020-05-23 16:00:00,9198.55,9213.0,9140.85,9175.85,241.60689532,NO_PATTERN,NO_PATTERN
2020-05-23 17:00:00,9175.22,9204.69,9164.79,9182.99,149.96225111,NO_PATTERN,NO_PATTERN
2020-05-23 18:00:00,9183.0,9209.85,9151.86,9163.85,185.85407237,ENGULFING,Bearish
2020-05-23 19:00:00,9163.85,9195.93,9128.2,9186.71,200.33934401,NO_PATTERN,NO_PATTERN
2020-05-23 20:00:00,9186.7,9250.0,9170.0,9238.45,230.1479546,NO_PATTERN,NO_PATTERN
2020-05-23 21:00:00,9236.23,9243.98,9213.22,9231.34,225.44324796,HARAMI,Bear
2020-05-23 22:00:00,9231.34,9248.55,9212.99,9233.48,131.33648545,DOJI,Neutral
2020-05-23 23:00:00,9233.48,9235.0,9156.0,9181.76,267.01437196,NO_PATTERN,NO_PATTERN
2020-05-24 00:00:00,9181.09,9217.2,9123.98,9201.22,350.775573,NO_PATTERN,NO_PATTERN
2020-05-24 01:00:00,9201.1,9212.0,9175.22,9176.86,244.55170807,NO_PATTERN,NO_PATTERN
2020-05-24 02:00:00,9176.85,9234.94,9175.22,9202.01,139.06886455,ENGULFING,Bullish
2020-05-24 03:00:00,9202.02,9222.78,9168.38,9197.68,238.48098751,DOJI,Neutral
2020-05-24 04:00:00,9197.67,9223.54,9193.21,9195.62,90.05290135999999,INVERTEDHAMMER,Neutral
2020-05-24 05:00:00,9195.62,9219.28,9187.01,9215.17,109.38526589,NO_PATTERN,NO_PATTERN
2020-05-24 06:00:00,9215.17,9306.23,9215.17,9280.43,535.01592107,NO_PATTERN,NO_PATTERN
2020-05-24 07:00:00,9286.61,9293.64,9249.88,9263.63,145.84603328,NO_PATTERN,NO_PATTERN
2020-05-24 08:00:00,9262.39,9280.17,9247.3,9265.12,105.84368884999999,DOJI,Neutral
2020-05-24 09:00:00,9265.12,9301.2,9263.1,9270.99,184.98042201,NO_PATTERN,NO_PATTERN
2020-05-24 10:00:00,9270.99,9290.88,9258.6,9268.28,105.00219184,DOJI,Neutral
2020-05-24 11:00:00,9268.29,9268.39,9090.0,9116.5,660.8266380800001,NO_PATTERN,NO_PATTERN
2020-05-24 12:00:00,9116.37,9177.65,9090.0,9159.88,375.0232975,NO_PATTERN,NO_PATTERN
2020-05-24 13:00:00,9159.88,9159.88,9038.04,9090.39,632.26255296,NO_PATTERN,NO_PATTERN
2020-05-24 14:00:00,9090.39,9090.39,9001.07,9074.37,645.16305232,NO_PATTERN,NO_PATTERN
2020-05-24 15:00:00,9074.37,9092.36,9026.15,9055.27,378.83382374,NO_PATTERN,NO_PATTERN
2020-05-24 16:00:00,9056.16,9056.16,8850.5,8939.41,2056.8395471,NO_PATTERN,NO_PATTERN
2020-05-24 17:00:00,8937.57,8980.0,8921.65,8943.41,659.31923345,DOJI,Neutral
2020-05-24 18:00:00,8946.19,8980.0,8893.27,8940.33,561.77542936,DOJI,Neutral
2020-05-24 19:00:00,8940.26,9040.86,8937.49,9015.7,497.68030497,ENGULFING,Bullish
2020-05-24 20:00:00,9016.58,9041.16,8985.21,9001.01,335.20256495,NO_PATTERN,NO_PATTERN
2020-05-24 21:00:00,9001.01,9084.97,9000.15,9057.29,349.87677271999996,NO_PATTERN,NO_PATTERN
2020-05-24 22:00:00,9057.31,9065.34,9013.83,9039.66,256.3731031,NO_PATTERN,NO_PATTERN
2020-05-24 23:00:00,9039.68,9050.0,8680.7,8715.73,3321.1304551099997,NO_PATTERN,NO_PATTERN
2020-05-25 00:00:00,8715.69,8818.42,8632.93,8808.46,2120.66178735,NO_PATTERN,NO_PATTERN
2020-05-25 01:00:00,8807.51,8809.1,8762.5,8792.16,538.53944951,HARAMI,Bearish
2020-05-25 02:00:00,8792.16,8818.43,8763.78,8793.2,431.35765785,DOJI,Neutral
2020-05-25 03:00:00,8793.19,8794.52,8741.0,8782.21,648.56575221,HAMMER,Neutral
2020-05-25 04:00:00,8782.2,8810.0,8767.39,8808.06,239.69932054,ENGULFING,Bullish
2020-05-25 05:00:00,8808.06,8819.53,8759.2,8778.47,307.95278329,NO_PATTERN,NO_PATTERN
2020-05-25 06:00:00,8780.96,8810.0,8757.88,8788.09,433.83526854,DOJI,Neutral
2020-05-25 07:00:00,8787.56,8870.26,8773.25,8863.45,365.15815444000003,NO_PATTERN,NO_PATTERN
2020-05-25 08:00:00,8863.44,8879.99,8823.0,8823.03,246.94160485,HARAMI,Bearish
2020-05-25 09:00:00,8823.03,8873.33,8714.74,8757.67,638.43631059,NO_PATTERN,NO_PATTERN
2020-05-25 10:00:00,8759.45,8796.57,8679.0,8689.68,612.49399504,NO_PATTERN,NO_PATTERN
2020-05-25 11:00:00,8689.18,8763.67,8674.21,8753.0,386.73081223,NO_PATTERN,NO_PATTERN
2020-05-25 12:00:00,8752.39,8787.17,8736.09,8760.81,423.49467548,NO_PATTERN,NO_PATTERN
2020-05-25 13:00:00,8762.48,8835.76,8733.68,8814.28,341.86442094,NO_PATTERN,NO_PATTERN
2020-05-25 14:00:00,8814.29,8861.66,8718.26,8753.46,860.45948684,ENGULFING,Bearish
2020-05-25 15:00:00,8753.45,8802.51,8740.31,8780.54,460.44902989,NO_PATTERN,NO_PATTERN
2020-05-25 16:00:00,8780.54,8845.21,8764.51,8808.48,427.98852066,NO_PATTERN,NO_PATTERN
2020-05-25 17:00:00,8808.48,8923.62,8792.48,8894.96,662.64828271,NO_PATTERN,NO_PATTERN
2020-05-25 18:00:00,8894.96,8911.18,8860.02,8889.68,529.61895711,DOJI,Neutral
2020-05-25 19:00:00,8889.67,8977.0,8876.18,8934.04,627.22021647,ENGULFING,Bullish
2020-05-25 20:00:00,8934.05,8949.0,8900.0,8918.02,313.76610668,NO_PATTERN,NO_PATTERN
2020-05-25 21:00:00,8918.02,8929.81,8871.01,8902.67,297.14044066,NO_PATTERN,NO_PATTERN
2020-05-25 22:00:00,8902.66,8923.83,8871.1,8903.24,202.82320578,DOJI,Neutral
2020-05-25 23:00:00,8903.74,8935.0,8890.57,8899.31,187.67940949,ENGULFING,Bear
2020-05-26 00:00:00,8900.0,8922.1,8825.01,8860.0,528.09607396,NO_PATTERN,NO_PATTERN
2020-05-26 01:00:00,8861.0,8888.84,8850.12,8882.08,302.47683912,HARAMI,Bullish
2020-05-26 02:00:00,8881.27,8917.98,8874.19,8875.16,259.35319503,GRAVESTONEDOJI,Neutral
2020-05-26 03:00:00,8875.15,8930.0,8865.95,8903.51,293.26735667,ENGULFING,Bullish
2020-05-26 04:00:00,8903.5,8923.34,8880.0,8904.69,225.01347785,DOJI,Neutral
2020-05-26 05:00:00,8904.69,8940.47,8891.47,8935.01,586.95264403,NO_PATTERN,NO_PATTERN
2020-05-26 06:00:00,8935.01,8940.41,8877.58,8889.05,339.7008114,NO_PATTERN,NO_PATTERN
2020-05-26 07:00:00,8889.06,8964.79,8859.78,8957.19,442.27856024,NO_PATTERN,NO_PATTERN
2020-05-26 08:00:00,8957.2,9016.99,8942.1,8963.47,471.1730066,NO_PATTERN,NO_PATTERN
2020-05-26 09:00:00,8963.46,8994.41,8870.43,8888.45,559.5749493,EVENINGSTAR,Neutral
2020-05-26 10:00:00,8888.45,8894.32,8830.0,8860.01,610.88353227,HAMMER,Neutral
2020-05-26 11:00:00,8860.0,8882.37,8840.01,8866.1,283.79188345,DOJI,Neutral
2020-05-26 12:00:00,8861.86,8911.27,8790.0,8816.22,893.02682871,NO_PATTERN,NO_PATTERN
2020-05-26 13:00:00,8816.21,8860.27,8787.92,8807.36,661.04613863,NO_PATTERN,NO_PATTERN
2020-05-26 14:00:00,8809.69,8860.96,8793.55,8814.13,514.04795398,DOJI,Neutral
2020-05-26 15:00:00,8814.13,8832.44,8700.66,8723.72,1233.28364466,NO_PATTERN,NO_PATTERN
2020-05-26 16:00:00,8723.71,8807.86,8694.23,8788.31,760.9246300899999,NO_PATTERN,NO_PATTERN
2020-05-26 17:00:00,8788.41,8819.97,8779.14,8811.6,382.33660967000003,NO_PATTERN,NO_PATTERN
2020-05-26 18:00:00,8811.61,8822.99,8794.58,8812.0,448.78054371,DOJI,Neutral
2020-05-26 19:00:00,8812.01,8812.01,8759.0,8794.28,345.93676532,HAMMER,Neutral
2020-05-26 20:00:00,8794.27,8881.86,8794.27,8860.86,480.99756433,ENGULFING,Bullish
2020-05-26 21:00:00,8857.42,8881.61,8831.32,8845.5,351.15243465,HARAMI,Bearish
2020-05-26 22:00:00,8845.5,8845.5,8803.21,8830.11,280.71052407999997,HAMMER,Neutral
2020-05-26 23:00:00,8832.48,8854.5,8819.52,8844.42,209.58538527,NO_PATTERN,NO_PATTERN
2020-05-27 00:00:00,8844.41,8896.76,8833.58,8885.01,484.09884953,NO_PATTERN,NO_PATTERN
2020-05-27 01:00:00,8885.01,8890.66,8847.2,8851.59,220.95466263,NO_PATTERN,NO_PATTERN
2020-05-27 02:00:00,8851.66,8877.22,8811.46,8818.73,338.94471914,NO_PATTERN,NO_PATTERN
2020-05-27 03:00:00,8817.98,8852.03,8817.18,8825.85,205.28764131,NO_PATTERN,NO_PATTERN
2020-05-27 04:00:00,8825.84,8857.55,8825.0,8857.55,133.07283498,NO_PATTERN,NO_PATTERN
2020-05-27 05:00:00,8859.91,8876.45,8852.85,8875.0,110.26291896000001,NO_PATTERN,NO_PATTERN
2020-05-27 06:00:00,8874.99,8882.69,8831.38,8840.01,107.40293106,EVENINGSTAR,Neutral
2020-05-27 07:00:00,8840.01,8859.99,8831.63,8841.05,98.05975379,DOJI,Neutral
2020-05-27 08:00:00,8841.05,8955.92,8841.05,8930.48,535.12718054,NO_PATTERN,NO_PATTERN
2020-05-27 09:00:00,8929.73,8937.64,8906.03,8927.17,198.72056751,HARAMI,Bear
2020-05-27 10:00:00,8924.02,9178.0,8920.06,9126.71,1650.66847332,ENGULFING,Bullish
2020-05-27 11:00:00,9128.23,9163.13,9107.07,9148.72,556.2321098900001,NO_PATTERN,NO_PATTERN
2020-05-27 12:00:00,9148.72,9191.7,9133.0,9148.72,909.48030231,DOJI,Neutral
2020-05-27 13:00:00,9148.07,9187.09,9128.47,9147.55,583.94211647,DOJI,Neutral
2020-05-27 14:00:00,9147.55,9175.03,9124.66,9155.11,458.66378351,NO_PATTERN,NO_PATTERN
2020-05-27 15:00:00,9155.1,9230.0,9126.01,9145.98,831.99061557,NO_PATTERN,NO_PATTERN
2020-05-27 16:00:00,9145.98,9191.09,9139.17,9171.95,476.79500801,NO_PATTERN,NO_PATTERN
2020-05-27 17:00:00,9172.36,9223.58,9168.27,9195.39,560.52655036,SHOOTINGSTAR,Neutral
2020-05-27 18:00:00,9195.39,9200.0,9158.33,9169.62,317.96170149,NO_PATTERN,NO_PATTERN
2020-05-27 19:00:00,9169.62,9172.87,9139.01,9154.99,392.27085121,HAMMER,Neutral
2020-05-27 20:00:00,9157.28,9175.0,9154.72,9163.73,254.60058709,GRAVESTONEDOJI,Neutral
2020-05-27 21:00:00,9163.73,9163.74,9060.0,9068.0,588.25561315,NO_PATTERN,NO_PATTERN
2020-05-27 22:00:00,9068.0,9127.86,9051.03,9097.25,332.63738244,NO_PATTERN,NO_PATTERN
2020-05-27 23:00:00,9097.26,9211.61,9091.05,9208.53,569.7878013,NO_PATTERN,NO_PATTERN
2020-05-28 00:00:00,9208.53,9289.0,9166.89,9271.41,792.72402759,NO_PATTERN,NO_PATTERN
2020-05-28 01:00:00,9271.41,9283.53,9217.29,9220.25,896.26358948,NO_PATTERN,NO_PATTERN
2020-05-28 02:00:00,9220.24,9234.65,9163.97,9201.98,354.3741949,NO_PATTERN,NO_PATTERN
2020-05-28 03:00:00,9200.09,9200.1,9155.0,9166.38,285.17766463,NO_PATTERN,NO_PATTERN
2020-05-28 04:00:00,9166.37,9199.99,9131.77,9176.28,268.56318334,NO_PATTERN,NO_PATTERN
2020-05-28 05:00:00,9176.28,9177.03,9118.09,9164.93,133.75779825,NO_PATTERN,NO_PATTERN
2020-05-28 06:00:00,9165.76,9174.0,9147.31,9166.75,132.05941409000002,DRAGONFLYDOJI,Neutral
2020-05-28 07:00:00,9166.75,9182.82,9123.37,9145.5,173.95494365,NO_PATTERN,NO_PATTERN
2020-05-28 08:00:00,9144.1,9188.23,9112.0,9188.21,126.11138279000001,ENGULFING,Bullish
2020-05-28 09:00:00,9188.24,9204.99,9174.11,9203.23,311.20556402,NO_PATTERN,NO_PATTERN
2020-05-28 10:00:00,9201.31,9203.25,9165.16,9166.95,170.40780764,EVENINGSTAR,Neutral
2020-05-28 11:00:00,9166.53,9282.0,9155.43,9266.03,760.49260486,ENGULFING,Bullish
2020-05-28 12:00:00,9266.53,9442.52,9251.38,9431.57,1567.8233036000001,NO_PATTERN,NO_PATTERN
2020-05-28 13:00:00,9431.57,9454.0,9388.98,9411.82,778.48089369,NO_PATTERN,NO_PATTERN
2020-05-28 14:00:00,9411.82,9510.21,9411.82,9469.93,1228.43566923,NO_PATTERN,NO_PATTERN
2020-05-28 15:00:00,9469.93,9518.95,9443.43,9503.57,731.87808848,NO_PATTERN,NO_PATTERN
2020-05-28 16:00:00,9503.57,9538.97,9445.0,9450.13,1078.94232094,NO_PATTERN,NO_PATTERN
2020-05-28 17:00:00,9450.14,9477.13,9448.83,9470.01,490.34026228,HARAMI,Bullish
2020-05-28 18:00:00,9470.01,9482.16,9430.01,9430.01,515.59890391,NO_PATTERN,NO_PATTERN
2020-05-28 19:00:00,9430.01,9483.0,9408.27,9453.99,476.71553245,NO_PATTERN,NO_PATTERN
2020-05-28 20:00:00,9455.46,9462.68,9420.45,9446.57,360.98674338,NO_PATTERN,NO_PATTERN
2020-05-28 21:00:00,9448.71,9488.97,9412.62,9438.7,479.73097587,NO_PATTERN,NO_PATTERN
2020-05-28 22:00:00,9438.71,9557.67,9438.7,9487.0,813.2291952100001,NO_PATTERN,NO_PATTERN
2020-05-28 23:00:00,9487.0,9625.0,9484.57,9580.19,1543.2330053,NO_PATTERN,NO_PATTERN
2020-05-29 00:00:00,9580.01,9609.02,9498.91,9511.1,879.97868709,NO_PATTERN,NO_PATTERN
2020-05-29 01:00:00,9511.1,9534.86,9463.58,9511.6,646.08565743,DOJI,Neutral
2020-05-29 02:00:00,9511.42,9539.74,9492.67,9503.02,314.2300698,NO_PATTERN,NO_PATTERN
2020-05-29 03:00:00,9503.02,9530.97,9489.99,9515.34,290.27375335,NO_PATTERN,NO_PATTERN
2020-05-29 04:00:00,9515.87,9539.54,9490.41,9495.04,240.77073191,ENGULFING,Bearish
2020-05-29 05:00:00,9494.8,9529.36,9466.23,9517.02,243.29139855,ENGULFING,Bullish
2020-05-29 06:00:00,9515.62,9546.67,9502.61,9510.9,236.3085692,DOJI,Neutral
2020-05-29 07:00:00,9510.91,9534.99,9501.6,9519.57,379.98672529,NO_PATTERN,NO_PATTERN
2020-05-29 08:00:00,9519.35,9591.88,9420.0,9445.32,986.73399192,NO_PATTERN,NO_PATTERN
2020-05-29 09:00:00,9445.33,9475.58,9436.6,9445.0,350.30072857,DOJI,Neutral
2020-05-29 10:00:00,9445.01,9467.05,9353.65,9359.72,683.81428613,NO_PATTERN,NO_PATTERN
2020-05-29 11:00:00,9359.71,9413.22,9340.0,9400.01,495.31679488000003,NO_PATTERN,NO_PATTERN
2020-05-29 12:00:00,9400.01,9445.0,9370.77,9394.35,465.48957459999997,DOJI,Neutral
2020-05-29 13:00:00,9394.82,9442.0,9380.0,9434.51,384.26368469,NO_PATTERN,NO_PATTERN
2020-05-29 14:00:00,9434.51,9475.55,9420.11,9443.79,538.15199135,NO_PATTERN,NO_PATTERN
2020-05-29 15:00:00,9443.79,9444.0,9330.01,9394.97,748.7360906499999,NO_PATTERN,NO_PATTERN
2020-05-29 16:00:00,9405.15,9442.86,9390.0,9427.35,305.45458552,HARAMI,Bullish
2020-05-29 17:00:00,9427.36,9445.0,9409.36,9424.09,375.88946224,DOJI,Neutral
2020-05-29 18:00:00,9423.55,9434.2,9394.05,9430.01,351.53912363,HAMMER,Neutral
2020-05-29 19:00:00,9430.01,9432.67,9391.67,9398.61,375.5132905,NO_PATTERN,NO_PATTERN
2020-05-29 20:00:00,9398.62,9430.28,9386.0,9414.42,315.49867994,HARAMI,Bullish
2020-05-29 21:00:00,9415.0,9415.0,9369.31,9389.91,229.41476851,ENGULFING,Bearish
2020-05-29 22:00:00,9389.89,9433.33,9370.46,9427.16,295.67465721,ENGULFING,Bullish
2020-05-29 23:00:00,9427.15,9451.35,9415.32,9423.84,262.46080132,HARAMI,Bear
2020-05-30 00:00:00,9423.85,9426.87,9355.55,9368.01,480.21547835,NO_PATTERN,NO_PATTERN
2020-05-30 01:00:00,9368.01,9397.0,9349.98,9376.98,503.18895363,NO_PATTERN,NO_PATTERN
2020-05-30 02:00:00,9376.98,9388.14,9359.24,9381.33,249.13546717,DOJI,Neutral
2020-05-30 03:00:00,9381.81,9392.29,9326.43,9391.5,203.21524698000002,NO_PATTERN,NO_PATTERN
2020-05-30 04:00:00,9392.71,9563.29,9391.67,9510.93,686.64389031,NO_PATTERN,NO_PATTERN
2020-05-30 05:00:00,9510.93,9562.88,9499.02,9553.22,344.9576813,NO_PATTERN,NO_PATTERN
2020-05-30 06:00:00,9553.23,9598.0,9533.02,9547.23,415.4028833,DOJI,Neutral
2020-05-30 07:00:00,9546.95,9562.26,9519.84,9526.05,224.46169576,NO_PATTERN,NO_PATTERN
2020-05-30 08:00:00,9525.59,9557.24,9525.54,9530.01,139.71164338,GRAVESTONEDOJI,Neutral
2020-05-30 09:00:00,9530.0,9537.91,9466.96,9495.8,315.2674597,NO_PATTERN,NO_PATTERN
2020-05-30 10:00:00,9495.8,9529.75,9489.62,9525.02,101.53552637,NO_PATTERN,NO_PATTERN
2020-05-30 11:00:00,9525.0,9581.13,9521.74,9553.23,280.52866795,NO_PATTERN,NO_PATTERN
2020-05-30 12:00:00,9553.95,9557.33,9507.92,9545.79,237.76425861,NO_PATTERN,NO_PATTERN
2020-05-30 13:00:00,9543.65,9578.02,9521.53,9565.38,326.12282085,ENGULFING,Bullish
2020-05-30 14:00:00,9565.37,9576.18,9539.42,9546.96,245.53615061,NO_PATTERN,NO_PATTERN
2020-05-30 15:00:00,9546.95,9547.28,9496.0,9538.7,352.42506087,HAMMER,Neutral
2020-05-30 16:00:00,9538.63,9550.0,9512.59,9540.79,231.55144107,DOJI,Neutral
2020-05-30 17:00:00,9540.79,9548.95,9516.32,9526.78,198.91408333,NO_PATTERN,NO_PATTERN
2020-05-30 18:00:00,9526.0,9549.11,9516.77,9532.11,195.58328013,NO_PATTERN,NO_PATTERN
2020-05-30 19:00:00,9532.12,9544.0,9517.65,9539.09,169.86375832,NO_PATTERN,NO_PATTERN
2020-05-30 20:00:00,9539.08,9541.37,9400.0,9440.01,919.33109818,NO_PATTERN,NO_PATTERN
2020-05-30 21:00:00,9440.0,9494.98,9433.69,9487.75,488.40095245,NO_PATTERN,NO_PATTERN
2020-05-30 22:00:00,9490.56,9764.0,9472.51,9732.54,2365.221807,NO_PATTERN,NO_PATTERN
2020-05-30 23:00:00,9731.38,9744.06,9642.97,9700.33,812.23225796,HARAMI,Bearish
2020-05-31 00:00:00,9700.32,9705.6,9637.3,9660.03,467.19325085,NO_PATTERN,NO_PATTERN
2020-05-31 01:00:00,9660.01,9676.96,9630.78,9659.77,239.12042071,DOJI,Neutral
2020-05-31 02:00:00,9658.23,9658.23,9616.63,9639.11,256.14832776000003,HAMMER,Neutral
2020-05-31 03:00:00,9639.09,9660.36,9555.03,9584.52,840.33822451,NO_PATTERN,NO_PATTERN
2020-05-31 04:00:00,9584.53,9603.9,9520.23,9557.36,652.52879935,NO_PATTERN,NO_PATTERN
2020-05-31 05:00:00,9557.36,9614.57,9551.75,9565.62,286.17107412,GRAVESTONEDOJI,Neutral
2020-05-31 06:00:00,9565.62,9579.96,9544.0,9546.03,164.56184628,NO_PATTERN,NO_PATTERN
2020-05-31 07:00:00,9548.34,9588.13,9522.89,9561.19,126.52219206000001,NO_PATTERN,NO_PATTERN
2020-05-31 08:00:00,9561.19,9578.96,9528.0,9539.0,94.64951097000001,NO_PATTERN,NO_PATTERN
2020-05-31 09:00:00,9538.99,9567.55,9499.01,9562.78,210.5049546,ENGULFING,Bullish
2020-05-31 10:00:00,9562.99,9600.0,9550.21,9598.83,148.22510390000002,NO_PATTERN,NO_PATTERN
2020-05-31 11:00:00,9598.81,9598.81,9565.28,9589.35,142.10540968,HARAMI,Bearish
2020-05-31 12:00:00,9589.36,9635.0,9552.74,9578.85,368.84283769,NO_PATTERN,NO_PATTERN
2020-05-31 13:00:00,9578.85,9594.76,9524.13,9551.12,278.50368834,NO_PATTERN,NO_PATTERN
2020-05-31 14:00:00,9549.89,9559.1,9455.22,9469.58,404.44375496,NO_PATTERN,NO_PATTERN
2020-05-31 15:00:00,9468.31,9501.13,9435.0,9480.01,343.07305634,NO_PATTERN,NO_PATTERN
2020-05-31 16:00:00,9480.04,9536.62,9459.16,9524.75,303.55647164,NO_PATTERN,NO_PATTERN
2020-05-31 17:00:00,9524.75,9534.19,9485.29,9500.27,178.90215271,NO_PATTERN,NO_PATTERN
2020-05-31 18:00:00,9500.02,9505.35,9460.69,9493.7,280.11751538,HAMMER,Neutral
2020-05-31 19:00:00,9493.7,9532.61,9480.27,9514.78,208.67268642,NO_PATTERN,NO_PATTERN
2020-05-31 20:00:00,9513.02,9520.0,9490.0,9505.01,166.77985256,NO_PATTERN,NO_PATTERN
2020-05-31 21:00:00,9503.89,9504.98,9416.21,9460.4,702.6022875900001,NO_PATTERN,NO_PATTERN
2020-05-31 22:00:00,9460.39,9518.1,9415.0,9453.16,360.68496706999997,NO_PATTERN,NO_PATTERN
2020-05-31 23:00:00,9453.15,9474.98,9369.58,9446.57,709.22744462,DOJI,Neutral
2020-06-01 00:00:00,9445.83,9505.7,9417.42,9496.15,485.86384953,ENGULFING,Bullish
2020-06-01 01:00:00,9496.15,9567.13,9465.0,9551.12,482.48092456,NO_PATTERN,NO_PATTERN
2020-06-01 02:00:00,9551.11,9564.8,9519.63,9528.77,361.34192379,HARAMI,Bearish
2020-06-01 03:00:00,9528.58,9554.48,9510.04,9548.48,224.18839546,NO_PATTERN,NO_PATTERN
2020-06-01 04:00:00,9550.0,9615.0,9539.49,9548.99,434.55803187,DOJI,Neutral
2020-06-01 05:00:00,9547.3,9563.12,9526.39,9531.69,184.0926334,INVERTEDHAMMER,Neutral
2020-06-01 06:00:00,9531.69,9557.8,9526.55,9532.03,96.51342774,GRAVESTONEDOJI,Neutral
2020-06-01 07:00:00,9532.49,9577.7,9530.92,9567.35,157.83772724,NO_PATTERN,NO_PATTERN
2020-06-01 08:00:00,9567.35,9576.05,9526.7,9532.56,180.66137901,NO_PATTERN,NO_PATTERN
2020-06-01 09:00:00,9533.69,9553.99,9526.69,9535.47,94.57939919,HARAMI,Bull
2020-06-01 10:00:00,9535.47,9544.85,9507.48,9538.97,180.51127096,DOJI,Neutral
2020-06-01 11:00:00,9538.98,9544.26,9508.32,9508.63,152.47170077,ENGULFING,Bearish
2020-06-01 12:00:00,9508.32,9590.45,9490.0,9560.01,370.17565329,ENGULFING,Bullish
2020-06-01 13:00:00,9560.0,9568.13,9538.51,9550.88,353.71580752,HARAMI,Bearish
2020-06-01 14:00:00,9548.58,9578.55,9548.0,9562.03,414.98054410000003,ENGULFING,Bullish
2020-06-01 15:00:00,9562.02,9562.92,9491.37,9538.0,506.96571152,NO_PATTERN,NO_PATTERN
2020-06-01 16:00:00,9538.0,9613.0,9537.0,9585.62,692.25713166,NO_PATTERN,NO_PATTERN
2020-06-01 17:00:00,9585.61,9595.32,9563.42,9578.58,342.19648455,HARAMI,Bearish
2020-06-01 18:00:00,9577.78,9588.38,9557.26,9584.6,295.2030682,NO_PATTERN,NO_PATTERN
2020-06-01 19:00:00,9584.94,9613.0,9566.0,9573.84,384.36834195,ENGULFING,Bearish
2020-06-01 20:00:00,9575.71,9699.21,9560.82,9682.77,1036.5019625,NO_PATTERN,NO_PATTERN
2020-06-01 21:00:00,9682.77,9708.19,9634.03,9653.97,649.52908875,NO_PATTERN,NO_PATTERN
2020-06-01 22:00:00,9653.96,9755.37,9653.96,9750.98,1253.57826576,ENGULFING,Bullish
2020-06-01 23:00:00,9750.98,10428.0,9750.98,10208.96,12298.18480674,NO_PATTERN,NO_PATTERN
2020-06-02 00:00:00,10208.96,10237.6,10111.11,10125.68,3366.68275354,NO_PATTERN,NO_PATTERN
2020-06-02 01:00:00,10125.44,10150.0,10060.0,10127.87,3497.95348461,DOJI,Neutral
2020-06-02 02:00:00,10127.87,10127.87,10080.95,10089.16,1145.9046199900001,NO_PATTERN,NO_PATTERN
2020-06-02 03:00:00,10089.15,10106.15,10037.6,10091.0,1195.35696934,DOJI,Neutral
2020-06-02 04:00:00,10090.99,10113.21,10065.78,10092.78,493.36297239,DOJI,Neutral
2020-06-02 05:00:00,10092.78,10121.1,10065.0,10084.29,523.97045556,DOJI,Neutral
2020-06-02 06:00:00,10082.88,10127.47,10079.39,10093.19,410.54288043,GRAVESTONEDOJI,Neutral
2020-06-02 07:00:00,10093.2,10122.59,10086.23,10118.85,257.18305997,NO_PATTERN,NO_PATTERN
2020-06-02 08:00:00,10118.84,10148.0,10100.62,10101.68,391.15686351,NO_PATTERN,NO_PATTERN
2020-06-02 09:00:00,10101.67,10120.28,10091.78,10097.07,251.62218904999997,INVERTEDHAMMER,Neutral
2020-06-02 10:00:00,10097.08,10140.42,10092.96,10133.51,301.07340086,NO_PATTERN,NO_PATTERN
2020-06-02 11:00:00,10133.51,10141.76,10087.6,10104.84,489.13588887000003,NO_PATTERN,NO_PATTERN
2020-06-02 12:00:00,10102.55,10131.17,10100.01,10118.87,713.8794664,NO_PATTERN,NO_PATTERN
2020-06-02 13:00:00,10118.86,10185.61,10117.61,10154.42,1152.78300201,NO_PATTERN,NO_PATTERN
2020-06-02 14:00:00,10154.41,10176.44,9300.0,9583.37,7569.53000223,NO_PATTERN,NO_PATTERN
2020-06-02 15:00:00,9583.36,9602.0,9270.0,9464.46,5948.25187389,NO_PATTERN,NO_PATTERN
2020-06-02 16:00:00,9464.44,9510.94,9417.38,9478.95,1185.12835638,DOJI,Neutral
2020-06-02 17:00:00,9477.38,9538.67,9461.34,9536.26,717.79349248,NO_PATTERN,NO_PATTERN
2020-06-02 18:00:00,9536.26,9544.0,9498.0,9512.33,701.39047239,NO_PATTERN,NO_PATTERN
2020-06-02 19:00:00,9512.33,9540.22,9490.92,9509.64,535.98675847,DOJI,Neutral
2020-06-02 20:00:00,9509.64,9525.0,9456.57,9525.0,577.68762455,HAMMER,Neutral
2020-06-02 21:00:00,9524.99,9552.39,9512.35,9526.3,372.52000885,GRAVESTONEDOJI,Neutral
2020-06-02 22:00:00,9528.54,9553.93,9425.0,9494.15,791.98896971,ENGULFING,Bearish
2020-06-02 23:00:00,9498.78,9538.36,9465.02,9522.46,543.5937329,NO_PATTERN,NO_PATTERN
2020-06-03 00:00:00,9521.53,9538.99,9494.2,9528.5,393.15087132,DRAGONFLYDOJI,Neutral
2020-06-03 01:00:00,9528.92,9531.19,9495.0,9503.24,309.05539875,ENGULFING,Bearish
2020-06-03 02:00:00,9503.24,9512.0,9471.06,9492.1,339.47963785,NO_PATTERN,NO_PATTERN
2020-06-03 03:00:00,9491.41,9499.22,9475.57,9486.63,303.04505117,DOJI,Neutral
2020-06-03 04:00:00,9486.63,9519.6,9475.18,9495.45,532.32162824,NO_PATTERN,NO_PATTERN
2020-06-03 05:00:00,9495.45,9522.0,9385.22,9512.25,1034.18262847,NO_PATTERN,NO_PATTERN
2020-06-03 06:00:00,9512.26,9524.69,9500.0,9515.05,285.0102966,DOJI,Neutral
2020-06-03 07:00:00,9515.05,9535.0,9487.16,9508.41,374.4980841,NO_PATTERN,NO_PATTERN
2020-06-03 08:00:00,9507.38,9529.32,9488.01,9505.87,125.23421189,DOJI,Neutral
2020-06-03 09:00:00,9504.87,9535.0,9501.15,9526.28,139.97470515,ENGULFING,Bullish
2020-06-03 10:00:00,9523.63,9619.0,9523.63,9592.28,465.14098186,NO_PATTERN,NO_PATTERN
2020-06-03 11:00:00,9591.0,9620.65,9573.29,9620.65,246.29356626,NO_PATTERN,NO_PATTERN
2020-06-03 12:00:00,9620.64,9649.99,9563.93,9602.75,544.61982711,NO_PATTERN,NO_PATTERN
2020-06-03 13:00:00,9602.74,9619.57,9579.35,9587.58,475.36678586,NO_PATTERN,NO_PATTERN
2020-06-03 14:00:00,9587.57,9598.35,9500.0,9583.58,468.11393238,DOJI,Neutral
2020-06-03 15:00:00,9583.59,9593.68,9527.0,9556.46,821.2391127,NO_PATTERN,NO_PATTERN
2020-06-03 16:00:00,9556.46,9584.0,9546.61,9557.79,864.2610855,DOJI,Neutral
2020-06-03 17:00:00,9556.79,9575.0,9551.01,9562.1,860.23492223,GRAVESTONEDOJI,Neutral
2020-06-03 18:00:00,9562.1,9620.0,9541.45,9600.38,533.8650686,NO_PATTERN,NO_PATTERN
2020-06-03 19:00:00,9600.38,9622.12,9518.0,9579.29,497.04087606999997,NO_PATTERN,NO_PATTERN
2020-06-03 20:00:00,9579.27,9589.75,9557.15,9581.54,259.29438602,DOJI,Neutral
2020-06-03 21:00:00,9581.55,9596.36,9574.0,9583.02,308.63149538,DOJI,Neutral
2020-06-03 22:00:00,9583.02,9610.01,9556.43,9610.01,420.9121969,NO_PATTERN,NO_PATTERN
2020-06-03 23:00:00,9611.23,9695.0,9595.46,9668.07,801.7966992400001,NO_PATTERN,NO_PATTERN
2020-06-04 00:00:00,9668.06,9676.79,9601.01,9633.34,367.41513019,NO_PATTERN,NO_PATTERN
2020-06-04 01:00:00,9634.59,9670.9,9630.14,9644.75,252.34735333,HARAMI,Bullish
2020-06-04 02:00:00,9644.74,9689.84,9631.54,9672.49,352.44167846,NO_PATTERN,NO_PATTERN
2020-06-04 03:00:00,9672.5,9687.54,9654.36,9671.51,281.0913557,DOJI,Neutral
2020-06-04 04:00:00,9671.51,9677.7,9629.01,9646.02,217.92735595,NO_PATTERN,NO_PATTERN
2020-06-04 05:00:00,9646.02,9660.65,9625.2,9643.72,126.80980983,DOJI,Neutral
2020-06-04 06:00:00,9643.73,9658.83,9618.93,9645.18,104.1790562,DOJI,Neutral
2020-06-04 07:00:00,9645.42,9666.97,9643.83,9645.66,151.94839421,SHOOTINGSTAR,Neutral
2020-06-04 08:00:00,9645.65,9647.51,9614.27,9639.56,230.3767053,HAMMER,Neutral
2020-06-04 09:00:00,9639.56,9639.57,9501.0,9559.89,563.2602715200001,NO_PATTERN,NO_PATTERN
2020-06-04 10:00:00,9561.06,9561.06,9504.12,9547.0,341.27034698,NO_PATTERN,NO_PATTERN
2020-06-04 11:00:00,9547.01,9650.0,9450.0,9623.0,1029.19644042,NO_PATTERN,NO_PATTERN
2020-06-04 12:00:00,9624.02,9690.77,9603.91,9643.57,479.91478835,NO_PATTERN,NO_PATTERN
2020-06-04 13:00:00,9643.57,9788.99,9641.52,9768.64,1279.20647904,NO_PATTERN,NO_PATTERN
2020-06-04 14:00:00,9768.63,9782.97,9725.0,9750.02,612.65423256,HARAMI,Bearish
2020-06-04 15:00:00,9750.01,9853.0,9716.05,9835.82,1071.3355678,ENGULFING,Bullish
2020-06-04 16:00:00,9835.74,9869.19,9760.84,9775.15,1054.16207576,NO_PATTERN,NO_PATTERN
2020-06-04 17:00:00,9775.15,9826.03,9775.14,9821.75,375.40442284,NO_PATTERN,NO_PATTERN
2020-06-04 18:00:00,9821.75,9888.0,9713.0,9767.23,1166.17709242,NO_PATTERN,NO_PATTERN
2020-06-04 19:00:00,9767.23,9819.23,9765.42,9816.99,414.22321805,NO_PATTERN,NO_PATTERN
2020-06-04 20:00:00,9817.0,9824.45,9742.67,9785.96,728.25221185,HAMMER,Neutral
2020-06-04 21:00:00,9785.92,9786.36,9733.19,9784.44,387.40378713,DRAGONFLYDOJI,Neutral
2020-06-04 22:00:00,9783.86,9843.65,9755.55,9822.49,455.8621708,ENGULFING,Bullish
2020-06-04 23:00:00,9822.49,9861.0,9781.83,9788.03,383.03863704,NO_PATTERN,NO_PATTERN
2020-06-05 00:00:00,9791.96,9820.65,9764.0,9808.51,295.55906164,NO_PATTERN,NO_PATTERN
2020-06-05 01:00:00,9810.85,9848.97,9803.62,9823.61,273.33441643000003,SHOOTINGSTAR,Neutral
2020-06-05 02:00:00,9823.77,9834.76,9786.42,9796.32,282.53173518,ENGULFING,Bearish
2020-06-05 03:00:00,9796.31,9833.74,9751.41,9795.33,248.37900755,DOJI,Neutral
2020-06-05 04:00:00,9795.34,9824.0,9768.04,9783.71,202.91441119,NO_PATTERN,NO_PATTERN
2020-06-05 05:00:00,9785.1,9804.74,9771.64,9789.67,185.64710466,DOJI,Neutral
2020-06-05 06:00:00,9789.69,9805.44,9734.22,9800.01,309.7356926,NO_PATTERN,NO_PATTERN
2020-06-05 07:00:00,9800.0,9800.01,9751.62,9774.44,429.14726364,NO_PATTERN,NO_PATTERN
2020-06-05 08:00:00,9774.44,9855.0,9657.46,9835.98,837.0809002999999,NO_PATTERN,NO_PATTERN
2020-06-05 09:00:00,9834.87,9840.0,9803.94,9826.96,160.47886411,HARAMI,Bearish
2020-06-05 10:00:00,9826.87,9826.87,9665.06,9699.64,756.0757227299999,NO_PATTERN,NO_PATTERN
2020-06-05 11:00:00,9699.05,9738.84,9585.44,9692.8,831.506399,DOJI,Neutral
2020-06-05 12:00:00,9696.89,9729.34,9621.03,9665.1,662.66505287,NO_PATTERN,NO_PATTERN
2020-06-05 13:00:00,9665.09,9720.0,9642.09,9704.5,787.25397705,ENGULFING,Bullish
2020-06-05 14:00:00,9704.5,9714.52,9673.11,9684.91,1164.15666888,NO_PATTERN,NO_PATTERN
2020-06-05 15:00:00,9683.38,9720.14,9648.01,9709.87,1119.82755972,ENGULFING,Bullish
2020-06-05 16:00:00,9709.88,9740.93,9691.12,9721.87,557.75221574,NO_PATTERN,NO_PATTERN
2020-06-05 17:00:00,9721.88,9750.0,9715.0,9727.08,286.95630613000003,SHOOTINGSTAR,Neutral
2020-06-05 18:00:00,9726.7,9759.86,9721.86,9744.14,418.72622748,NO_PATTERN,NO_PATTERN
2020-06-05 19:00:00,9744.14,9751.56,9705.0,9727.66,549.71044119,HAMMER,Neutral
2020-06-05 20:00:00,9727.66,9740.11,9684.98,9713.66,627.09042387,NO_PATTERN,NO_PATTERN
2020-06-05 21:00:00,9713.66,9717.5,9651.0,9664.2,684.80452515,NO_PATTERN,NO_PATTERN
2020-06-05 22:00:00,9664.13,9685.67,9625.01,9675.17,343.40098866,NO_PATTERN,NO_PATTERN
2020-06-05 23:00:00,9675.17,9686.86,9611.57,9613.21,458.20021531,NO_PATTERN,NO_PATTERN
2020-06-06 00:00:00,9613.42,9613.48,9526.03,9592.87,1483.36263862,HAMMER,Neutral
2020-06-06 01:00:00,9592.87,9612.08,9527.21,9565.57,574.06366412,NO_PATTERN,NO_PATTERN
2020-06-06 02:00:00,9566.32,9599.55,9540.0,9591.88,250.63330967,NO_PATTERN,NO_PATTERN
2020-06-06 03:00:00,9591.88,9625.0,9562.52,9625.0,249.76103042,NO_PATTERN,NO_PATTERN
2020-06-06 04:00:00,9624.99,9625.0,9602.0,9603.43,161.73122767,HARAMI,Bearish
2020-06-06 05:00:00,9603.43,9620.0,9575.49,9614.63,154.22199773,HAMMER,Neutral
2020-06-06 06:00:00,9614.62,9628.02,9594.64,9600.64,92.57575224,NO_PATTERN,NO_PATTERN
2020-06-06 07:00:00,9600.67,9628.45,9593.08,9607.24,117.66677177,NO_PATTERN,NO_PATTERN
2020-06-06 08:00:00,9607.23,9613.03,9573.84,9598.64,108.1154646,NO_PATTERN,NO_PATTERN
2020-06-06 09:00:00,9600.38,9694.49,9600.25,9673.77,408.21975905,NO_PATTERN,NO_PATTERN
2020-06-06 10:00:00,9673.66,9688.2,9658.83,9671.15,100.65843456,HARAMI,Bear
2020-06-06 11:00:00,9671.16,9696.19,9663.25,9689.14,106.95302059,NO_PATTERN,NO_PATTERN
2020-06-06 12:00:00,9689.14,9735.13,9631.32,9646.55,478.22079499,NO_PATTERN,NO_PATTERN
2020-06-06 13:00:00,9646.56,9670.4,9641.62,9651.37,131.62061803,HARAMI,Bull
2020-06-06 14:00:00,9653.52,9671.92,9644.38,9651.12,155.88095727,DOJI,Neutral
2020-06-06 15:00:00,9651.11,9664.66,9625.0,9650.02,200.63294049,DOJI,Neutral
2020-06-06 16:00:00,9651.26,9663.36,9583.72,9615.7,298.5629842,NO_PATTERN,NO_PATTERN
2020-06-06 17:00:00,9615.7,9622.34,9587.5,9614.01,187.10331641,DOJI,Neutral
2020-06-06 18:00:00,9610.56,9634.58,9602.85,9627.48,114.53957431,ENGULFING,Bullish
2020-06-06 19:00:00,9627.48,9670.0,9615.22,9661.19,159.89150074,NO_PATTERN,NO_PATTERN
2020-06-06 20:00:00,9661.19,9725.0,9647.52,9708.2,347.93985701,NO_PATTERN,NO_PATTERN
2020-06-06 21:00:00,9708.5,9727.81,9682.23,9697.4,271.37303655,NO_PATTERN,NO_PATTERN
2020-06-06 22:00:00,9695.83,9707.29,9635.0,9645.62,220.93145588,NO_PATTERN,NO_PATTERN
2020-06-06 23:00:00,9643.64,9700.0,9641.92,9671.7,121.07537497,NO_PATTERN,NO_PATTERN
2020-06-07 00:00:00,9670.28,9673.61,9625.12,9673.61,170.77044039999998,DRAGONFLYDOJI,Neutral
2020-06-07 01:00:00,9673.6,9679.59,9647.36,9669.19,101.93458808,DOJI,Neutral
2020-06-07 02:00:00,9667.87,9700.0,9657.05,9682.7,206.01713705,ENGULFING,Bullish
2020-06-07 03:00:00,9682.37,9699.76,9667.0,9686.05,137.05285739,DOJI,Neutral
2020-06-07 04:00:00,9686.04,9717.16,9675.0,9677.1,224.03927133,NO_PATTERN,NO_PATTERN
2020-06-07 05:00:00,9677.1,9687.05,9647.54,9668.47,103.64618291,NO_PATTERN,NO_PATTERN
2020-06-07 06:00:00,9668.47,9680.42,9648.96,9663.64,108.89761826,DOJI,Neutral
2020-06-07 07:00:00,9664.31,9679.03,9631.67,9654.75,84.12339388000001,NO_PATTERN,NO_PATTERN
2020-06-07 08:00:00,9654.74,9677.4,9550.0,9657.82,548.65324563,DOJI,Neutral
2020-06-07 09:00:00,9657.82,9667.26,9618.12,9622.53,86.10832925,NO_PATTERN,NO_PATTERN
2020-06-07 10:00:00,9622.53,9638.18,9600.01,9622.96,122.34262206,DOJI,Neutral
2020-06-07 11:00:00,9622.95,9630.92,9560.44,9572.48,317.44131932,NO_PATTERN,NO_PATTERN
2020-06-07 12:00:00,9572.48,9600.0,9476.0,9510.85,1062.62177877,NO_PATTERN,NO_PATTERN
2020-06-07 13:00:00,9510.31,9534.64,9420.0,9448.05,1153.5838086200001,NO_PATTERN,NO_PATTERN
2020-06-07 14:00:00,9448.05,9502.4,9370.0,9454.98,1059.6391505899999,NO_PATTERN,NO_PATTERN
2020-06-07 15:00:00,9454.97,9499.56,9454.0,9498.25,355.38683795,NO_PATTERN,NO_PATTERN
2020-06-07 16:00:00,9498.25,9498.25,9455.32,9489.43,316.94070742,NO_PATTERN,NO_PATTERN
2020-06-07 17:00:00,9489.43,9507.69,9462.04,9503.0,296.26956868,NO_PATTERN,NO_PATTERN
2020-06-07 18:00:00,9503.01,9544.8,9492.38,9537.66,562.81202453,NO_PATTERN,NO_PATTERN
2020-06-07 19:00:00,9537.66,9822.0,9525.01,9780.15,2618.75627423,NO_PATTERN,NO_PATTERN
2020-06-07 20:00:00,9780.14,9818.68,9689.07,9736.21,1046.27611942,HARAMI,Bearish
2020-06-07 21:00:00,9736.21,9738.34,9698.56,9709.99,255.65522999,NO_PATTERN,NO_PATTERN
2020-06-07 22:00:00,9709.99,9779.01,9709.99,9761.5,337.41614208,NO_PATTERN,NO_PATTERN
2020-06-07 23:00:00,9761.51,9789.7,9735.15,9750.12,340.39550071,NO_PATTERN,NO_PATTERN
2020-06-08 00:00:00,9750.12,9783.42,9739.89,9773.05,375.83662458,NO_PATTERN,NO_PATTERN
2020-06-08 01:00:00,9773.05,9780.75,9742.45,9749.77,255.51691051,NO_PATTERN,NO_PATTERN
2020-06-08 02:00:00,9749.77,9757.22,9706.86,9720.0,339.108567,NO_PATTERN,NO_PATTERN
2020-06-08 03:00:00,9719.99,9731.01,9712.57,9724.57,196.092144,DOJI,Neutral
2020-06-08 04:00:00,9724.59,9762.92,9716.08,9738.01,355.24542317,NO_PATTERN,NO_PATTERN
2020-06-08 05:00:00,9738.01,9756.86,9726.92,9753.23,200.39406699,NO_PATTERN,NO_PATTERN
2020-06-08 06:00:00,9753.23,9763.25,9718.62,9731.71,125.69137699,NO_PATTERN,NO_PATTERN
2020-06-08 07:00:00,9731.71,9743.34,9717.52,9729.98,132.16437134,DOJI,Neutral
2020-06-08 08:00:00,9728.06,9739.91,9632.79,9691.6,601.388468,NO_PATTERN,NO_PATTERN
2020-06-08 09:00:00,9691.6,9815.0,9690.01,9753.84,895.43046834,NO_PATTERN,NO_PATTERN
2020-06-08 10:00:00,9753.84,9758.65,9732.37,9734.99,184.40537118,NO_PATTERN,NO_PATTERN
2020-06-08 11:00:00,9734.99,9745.81,9730.0,9745.0,188.78798329,NO_PATTERN,NO_PATTERN
2020-06-08 12:00:00,9745.29,9752.0,9715.57,9719.51,263.43119593,ENGULFING,Bearish
2020-06-08 13:00:00,9719.51,9737.4,9667.78,9690.0,522.88358657,NO_PATTERN,NO_PATTERN
2020-06-08 14:00:00,9689.99,9706.71,9656.5,9669.74,505.64441729,NO_PATTERN,NO_PATTERN
2020-06-08 15:00:00,9669.73,9706.38,9658.42,9706.38,453.13994528,MORNINGSTAR,Neutral
2020-06-08 16:00:00,9706.39,9727.05,9663.44,9718.94,437.82143239,NO_PATTERN,NO_PATTERN
2020-06-08 17:00:00,9717.19,9753.26,9711.0,9723.88,388.46496594,NO_PATTERN,NO_PATTERN
2020-06-08 18:00:00,9723.43,9738.06,9701.35,9704.28,244.44129942,NO_PATTERN,NO_PATTERN
2020-06-08 19:00:00,9704.29,9716.3,9685.7,9695.01,316.65305398,NO_PATTERN,NO_PATTERN
2020-06-08 20:00:00,9695.01,9721.99,9695.0,9701.99,257.97352477,NO_PATTERN,NO_PATTERN
2020-06-08 21:00:00,9702.0,9722.0,9680.0,9719.62,397.17636409,HAMMER,Neutral
2020-06-08 22:00:00,9719.64,9726.0,9691.0,9697.5,240.20288396,ENGULFING,Bearish
2020-06-08 23:00:00,9697.49,9804.49,9697.09,9781.51,643.269623,ENGULFING,Bullish
2020-06-09 00:00:00,9781.51,9886.0,9567.33,9710.0,2680.52002346,NO_PATTERN,NO_PATTERN
2020-06-09 01:00:00,9712.33,9718.16,9685.76,9704.99,149.96533422,DRAGONFLYDOJI,Neutral
2020-06-09 02:00:00,9705.0,9715.95,9691.56,9702.13,364.30990723,DOJI,Neutral
2020-06-09 03:00:00,9702.12,9705.09,9670.29,9682.75,384.26835271,NO_PATTERN,NO_PATTERN
2020-06-09 04:00:00,9682.96,9691.91,9665.85,9679.36,225.44023194,DOJI,Neutral
2020-06-09 05:00:00,9679.3,9700.35,9670.28,9695.87,196.45699468,ENGULFING,Bullish
2020-06-09 06:00:00,9695.87,9695.89,9686.01,9690.62,112.64129848,DOJI,Neutral
2020-06-09 07:00:00,9690.62,9711.03,9677.19,9682.65,169.95704671000001,NO_PATTERN,NO_PATTERN
2020-06-09 08:00:00,9682.65,9691.68,9668.0,9685.03,242.28072819,DOJI,Neutral
2020-06-09 09:00:00,9685.65,9689.28,9645.0,9669.64,190.18033099,HAMMER,Neutral
2020-06-09 10:00:00,9670.75,9679.11,9620.36,9677.03,224.3546548,NO_PATTERN,NO_PATTERN
2020-06-09 11:00:00,9677.02,9728.0,9670.58,9726.71,293.6235736,NO_PATTERN,NO_PATTERN
2020-06-09 12:00:00,9726.71,9751.51,9713.67,9730.02,350.37005202,DOJI,Neutral
2020-06-09 13:00:00,9730.01,9738.88,9675.77,9711.86,400.68733664,NO_PATTERN,NO_PATTERN
2020-06-09 14:00:00,9711.86,9736.47,9685.09,9719.1,364.47481797,NO_PATTERN,NO_PATTERN
2020-06-09 15:00:00,9719.1,9731.95,9712.19,9726.42,313.61584481,NO_PATTERN,NO_PATTERN
2020-06-09 16:00:00,9726.42,9729.0,9691.86,9711.04,481.29850454,NO_PATTERN,NO_PATTERN
2020-06-09 17:00:00,9711.04,9724.67,9700.0,9712.78,306.04214872,DOJI,Neutral
2020-06-09 18:00:00,9712.79,9722.82,9700.0,9710.04,325.31719122,ENGULFING,Bear
2020-06-09 19:00:00,9710.04,9749.09,9689.21,9730.62,350.35272024,NO_PATTERN,NO_PATTERN
2020-06-09 20:00:00,9730.62,9768.45,9719.86,9750.01,380.03019626,NO_PATTERN,NO_PATTERN
2020-06-09 21:00:00,9750.01,9835.68,9747.86,9821.96,639.48459841,NO_PATTERN,NO_PATTERN
2020-06-09 22:00:00,9821.96,9845.0,9708.49,9779.13,774.69003148,NO_PATTERN,NO_PATTERN
2020-06-09 23:00:00,9779.13,9807.0,9749.34,9779.41,398.23707942,DOJI,Neutral
2020-06-10 00:00:00,9779.7,9803.08,9766.0,9785.37,360.98482528,NO_PATTERN,NO_PATTERN
2020-06-10 01:00:00,9785.37,9821.21,9784.29,9793.58,347.26178881,NO_PATTERN,NO_PATTERN
2020-06-10 02:00:00,9793.59,9793.59,9764.95,9778.86,297.84721848,3LINESTRIKE,Bull
2020-06-10 03:00:00,9778.86,9778.86,9748.0,9759.3,401.63526592,NO_PATTERN,NO_PATTERN
2020-06-10 04:00:00,9759.31,9762.86,9734.96,9750.25,169.19616338,HAMMER,Neutral
2020-06-10 05:00:00,9750.43,9784.32,9750.32,9773.6,191.0767336,NO_PATTERN,NO_PATTERN
2020-06-10 06:00:00,9774.31,9784.85,9763.58,9783.32,110.80921063,NO_PATTERN,NO_PATTERN
2020-06-10 07:00:00,9783.32,9785.38,9721.0,9751.0,279.05266827,EVENINGSTAR,Neutral
2020-06-10 08:00:00,9751.28,9770.0,9735.55,9741.95,108.02243986,NO_PATTERN,NO_PATTERN
2020-06-10 09:00:00,9741.95,9741.95,9705.02,9725.47,281.83442305,NO_PATTERN,NO_PATTERN
2020-06-10 10:00:00,9725.48,9747.68,9719.69,9742.77,167.29284066,NO_PATTERN,NO_PATTERN
2020-06-10 11:00:00,9741.6,9747.57,9728.07,9729.72,178.6087546,HARAMI,Bearish
2020-06-10 12:00:00,9728.78,9775.76,9722.15,9770.44,320.80831316,ENGULFING,Bullish
2020-06-10 13:00:00,9770.44,9783.08,9740.01,9753.5,248.87795695,NO_PATTERN,NO_PATTERN
2020-06-10 14:00:00,9753.5,9764.27,9733.7,9755.96,446.89260636,DOJI,Neutral
2020-06-10 15:00:00,9755.3,9765.0,9740.0,9762.67,332.80960951,NO_PATTERN,NO_PATTERN
2020-06-10 16:00:00,9762.67,9777.0,9756.17,9768.21,406.23378363,NO_PATTERN,NO_PATTERN
2020-06-10 17:00:00,9768.21,9779.45,9751.34,9776.0,339.75043605,NO_PATTERN,NO_PATTERN
2020-06-10 18:00:00,9776.01,10018.67,9690.0,9829.46,4559.98085464,NO_PATTERN,NO_PATTERN
2020-06-10 19:00:00,9829.43,9937.36,9808.19,9854.27,1469.10413104,NO_PATTERN,NO_PATTERN
2020-06-10 20:00:00,9854.93,9904.72,9853.93,9865.95,533.60878638,SHOOTINGSTAR,Neutral
2020-06-10 21:00:00,9865.95,9878.5,9827.49,9856.11,343.96996792,NO_PATTERN,NO_PATTERN
2020-06-10 22:00:00,9856.1,9917.77,9847.8,9899.15,519.26942166,ENGULFING,Bullish
2020-06-10 23:00:00,9899.0,9909.88,9865.25,9894.04,448.04818054000003,HARAMI,Bear
2020-06-11 00:00:00,9894.35,9910.0,9880.24,9901.06,566.84075448,DOJI,Neutral
2020-06-11 01:00:00,9901.06,9973.25,9885.0,9938.79,812.49999009,NO_PATTERN,NO_PATTERN
2020-06-11 02:00:00,9938.78,9958.56,9890.7,9922.06,896.46339382,HARAMI,Bearish
2020-06-11 03:00:00,9922.08,9936.52,9856.4,9892.03,617.49068686,NO_PATTERN,NO_PATTERN
2020-06-11 04:00:00,9887.71,9909.41,9870.32,9897.91,237.56341217,NO_PATTERN,NO_PATTERN
2020-06-11 05:00:00,9898.0,9898.01,9866.99,9888.66,256.44909908,NO_PATTERN,NO_PATTERN
2020-06-11 06:00:00,9889.99,9894.51,9710.0,9832.4,1485.74052226,NO_PATTERN,NO_PATTERN
2020-06-11 07:00:00,9831.02,9832.01,9790.01,9792.52,318.35721062,NO_PATTERN,NO_PATTERN
2020-06-11 08:00:00,9792.49,9823.45,9778.08,9805.26,180.97418897,NO_PATTERN,NO_PATTERN
2020-06-11 09:00:00,9805.26,9816.77,9760.78,9794.44,176.50570073,NO_PATTERN,NO_PATTERN
2020-06-11 10:00:00,9790.22,9798.74,9600.0,9792.36,1365.0242738,DRAGONFLYDOJI,Neutral
2020-06-11 11:00:00,9792.01,9796.38,9748.88,9779.32,396.70828235,NO_PATTERN,NO_PATTERN
2020-06-11 12:00:00,9779.29,9789.64,9667.56,9711.08,826.86496664,NO_PATTERN,NO_PATTERN
2020-06-11 13:00:00,9708.95,9729.66,9570.71,9625.0,1873.96350344,NO_PATTERN,NO_PATTERN
2020-06-11 14:00:00,9624.24,9656.09,9580.0,9602.5,848.51667971,NO_PATTERN,NO_PATTERN
2020-06-11 15:00:00,9602.5,9602.5,9480.51,9510.05,1773.49269613,NO_PATTERN,NO_PATTERN
2020-06-11 16:00:00,9510.05,9545.81,9051.25,9067.23,4326.41676954,NO_PATTERN,NO_PATTERN
2020-06-11 17:00:00,9067.69,9395.72,9050.0,9374.77,4203.27863571,NO_PATTERN,NO_PATTERN
2020-06-11 18:00:00,9376.75,9385.74,9278.23,9306.42,1402.0830809,NO_PATTERN,NO_PATTERN
2020-06-11 19:00:00,9306.42,9322.0,9251.42,9275.21,926.17008508,NO_PATTERN,NO_PATTERN
2020-06-11 20:00:00,9275.85,9340.27,9213.0,9338.43,1288.98840926,HAMMER,Neutral
2020-06-11 21:00:00,9338.43,9379.72,9308.4,9341.95,815.96804518,DOJI,Neutral
2020-06-11 22:00:00,9341.94,9346.16,9285.22,9317.7,431.28600359999996,HAMMER,Neutral
2020-06-11 23:00:00,9317.69,9322.4,9241.91,9268.16,732.00749666,NO_PATTERN,NO_PATTERN
2020-06-12 00:00:00,9268.16,9324.0,9227.0,9306.35,603.06537981,NO_PATTERN,NO_PATTERN
2020-06-12 01:00:00,9305.17,9342.9,9290.7,9327.1,399.79944029,NO_PATTERN,NO_PATTERN
2020-06-12 02:00:00,9327.71,9347.95,9315.13,9344.69,328.86231762,NO_PATTERN,NO_PATTERN
2020-06-12 03:00:00,9344.92,9391.36,9326.83,9353.04,478.81486715,DOJI,Neutral
2020-06-12 04:00:00,9353.04,9376.01,9340.01,9347.3,333.77909811,GRAVESTONEDOJI,Neutral
2020-06-12 05:00:00,9347.3,9382.5,9331.21,9373.26,406.42115229,NO_PATTERN,NO_PATTERN
2020-06-12 06:00:00,9373.26,9384.74,9353.32,9356.19,301.30289151,NO_PATTERN,NO_PATTERN
2020-06-12 07:00:00,9356.2,9456.07,9356.19,9430.27,489.2781763,NO_PATTERN,NO_PATTERN
2020-06-12 08:00:00,9430.27,9482.0,9422.95,9464.6,421.75865454,NO_PATTERN,NO_PATTERN
2020-06-12 09:00:00,9467.6,9475.3,9441.55,9454.2,174.15323716999998,NO_PATTERN,NO_PATTERN
2020-06-12 10:00:00,9454.2,9481.0,9449.11,9461.5,207.04561999999999,NO_PATTERN,NO_PATTERN
2020-06-12 11:00:00,9461.5,9509.0,9459.52,9493.21,297.39977073,NO_PATTERN,NO_PATTERN
2020-06-12 12:00:00,9493.21,9504.12,9420.01,9458.53,318.8541924,NO_PATTERN,NO_PATTERN
2020-06-12 13:00:00,9459.04,9542.0,9444.06,9538.12,665.53192479,NO_PATTERN,NO_PATTERN
2020-06-12 14:00:00,9539.2,9552.87,9411.55,9415.93,572.93645598,ENGULFING,Bearish
2020-06-12 15:00:00,9413.19,9446.69,9373.43,9414.03,1531.40418505,DOJI,Neutral
2020-06-12 16:00:00,9414.04,9454.52,9393.42,9418.06,568.03492381,DOJI,Neutral
2020-06-12 17:00:00,9418.06,9418.07,9300.0,9330.59,643.55440089,NO_PATTERN,NO_PATTERN
2020-06-12 18:00:00,9330.88,9407.62,9321.0,9395.36,392.15575107,NO_PATTERN,NO_PATTERN
2020-06-12 19:00:00,9394.97,9444.91,9375.0,9427.4,595.72311644,NO_PATTERN,NO_PATTERN
2020-06-12 20:00:00,9427.39,9488.99,9409.64,9463.41,441.95629786,NO_PATTERN,NO_PATTERN
2020-06-12 21:00:00,9463.41,9472.03,9431.72,9437.03,300.12785191,NO_PATTERN,NO_PATTERN
2020-06-12 22:00:00,9437.03,9484.53,9435.5,9476.04,232.39253543,NO_PATTERN,NO_PATTERN
2020-06-12 23:00:00,9475.98,9487.4,9435.64,9464.17,264.41011572,NO_PATTERN,NO_PATTERN
2020-06-13 00:00:00,9464.71,9475.0,9425.38,9446.62,262.52916997,NO_PATTERN,NO_PATTERN
2020-06-13 01:00:00,9446.62,9448.23,9419.0,9442.06,196.24363562,DRAGONFLYDOJI,Neutral
2020-06-13 02:00:00,9442.07,9442.07,9409.44,9427.0,144.50284535,HAMMER,Neutral
2020-06-13 03:00:00,9427.0,9429.5,9400.0,9408.57,190.15045695,NO_PATTERN,NO_PATTERN
2020-06-13 04:00:00,9404.78,9408.31,9361.75,9404.4,258.32597282,HAMMER,Neutral
2020-06-13 05:00:00,9404.4,9409.18,9378.0,9409.06,103.29189025,DRAGONFLYDOJI,Neutral
2020-06-13 06:00:00,9408.13,9432.65,9390.24,9426.5,111.0375385,NO_PATTERN,NO_PATTERN
2020-06-13 07:00:00,9426.97,9450.57,9417.58,9438.26,106.09859608,NO_PATTERN,NO_PATTERN
2020-06-13 08:00:00,9437.86,9443.12,9418.83,9441.98,84.48246938999999,NO_PATTERN,NO_PATTERN
2020-06-13 09:00:00,9442.06,9469.0,9430.85,9442.96,129.25908546,DOJI,Neutral
2020-06-13 10:00:00,9443.09,9445.67,9394.29,9416.07,168.27825405,3LINESTRIKE,Bull
2020-06-13 11:00:00,9416.06,9426.01,9381.68,9405.0,226.86484965,NO_PATTERN,NO_PATTERN
2020-06-13 12:00:00,9405.0,9447.67,9389.16,9429.45,167.11995622,NO_PATTERN,NO_PATTERN
2020-06-13 13:00:00,9430.0,9432.47,9405.01,9426.98,199.66651305,DRAGONFLYDOJI,Neutral
2020-06-13 14:00:00,9426.98,9463.4,9425.68,9451.01,169.52619963,NO_PATTERN,NO_PATTERN
2020-06-13 15:00:00,9451.35,9465.72,9428.25,9438.43,167.12093034,NO_PATTERN,NO_PATTERN
2020-06-13 16:00:00,9438.43,9452.17,9415.66,9434.0,211.54455024,NO_PATTERN,NO_PATTERN
2020-06-13 17:00:00,9434.45,9452.45,9423.8,9432.02,129.09948284,DOJI,Neutral
2020-06-13 18:00:00,9432.04,9454.46,9432.04,9445.43,128.86633111,NO_PATTERN,NO_PATTERN
2020-06-13 19:00:00,9446.3,9494.45,9380.67,9405.71,430.09913369000003,ENGULFING,Bearish
2020-06-13 20:00:00,9405.71,9424.72,9346.0,9403.75,357.93447157,DOJI,Neutral
2020-06-13 21:00:00,9403.75,9427.13,9403.75,9427.06,181.70913498,NO_PATTERN,NO_PATTERN
2020-06-13 22:00:00,9424.97,9449.0,9411.6,9437.41,164.89959398,NO_PATTERN,NO_PATTERN
2020-06-13 23:00:00,9437.42,9484.26,9429.72,9475.0,282.45978461,NO_PATTERN,NO_PATTERN
2020-06-14 00:00:00,9475.0,9481.0,9440.02,9454.23,178.67972380999998,NO_PATTERN,NO_PATTERN
2020-06-14 01:00:00,9454.58,9457.7,9435.05,9446.11,98.48054847,HAMMER,Neutral
2020-06-14 02:00:00,9446.1,9460.0,9436.32,9441.25,106.64103429,NO_PATTERN,NO_PATTERN
2020-06-14 03:00:00,9442.55,9447.78,9427.0,9436.3,111.60335179,NO_PATTERN,NO_PATTERN
2020-06-14 04:00:00,9436.3,9442.53,9420.8,9427.01,92.26983966,NO_PATTERN,NO_PATTERN
2020-06-14 05:00:00,9427.01,9440.0,9413.46,9427.98,149.78479545,DOJI,Neutral
2020-06-14 06:00:00,9429.27,9435.0,9379.05,9396.39,176.11518739,ENGULFING,Bearish
2020-06-14 07:00:00,9396.39,9416.84,9375.34,9408.27,164.15094708,NO_PATTERN,NO_PATTERN
2020-06-14 08:00:00,9408.64,9435.0,9389.2,9427.69,108.77350929,NO_PATTERN,NO_PATTERN
2020-06-14 09:00:00,9428.91,9431.13,9408.77,9411.95,42.01333397,NO_PATTERN,NO_PATTERN
2020-06-14 10:00:00,9411.95,9424.61,9410.82,9420.32,26.50324109,NO_PATTERN,NO_PATTERN
2020-06-14 11:00:00,9420.32,9438.69,9418.25,9428.03,46.71153065,NO_PATTERN,NO_PATTERN
2020-06-14 12:00:00,9426.34,9433.33,9390.0,9408.72,82.15604788,NO_PATTERN,NO_PATTERN
2020-06-14 13:00:00,9406.81,9418.36,9368.0,9404.37,209.91853455999998,DOJI,Neutral
2020-06-14 14:00:00,9404.36,9411.13,9305.0,9347.0,404.73435143,NO_PATTERN,NO_PATTERN
2020-06-14 15:00:00,9347.0,9432.5,9329.01,9415.0,391.1784636,NO_PATTERN,NO_PATTERN
2020-06-14 16:00:00,9415.0,9426.62,9380.82,9391.66,183.41677516,NO_PATTERN,NO_PATTERN
2020-06-14 17:00:00,9391.66,9406.36,9380.0,9396.32,154.68379382999998,DOJI,Neutral
2020-06-14 18:00:00,9396.31,9396.31,9365.53,9384.85,135.60045423,HAMMER,Neutral
2020-06-14 19:00:00,9384.85,9400.0,9381.04,9394.87,134.78201225,NO_PATTERN,NO_PATTERN
2020-06-14 20:00:00,9394.88,9408.93,9381.01,9383.1,121.66256622,ENGULFING,Bearish
2020-06-14 21:00:00,9381.32,9385.05,9312.05,9339.81,290.39428558,NO_PATTERN,NO_PATTERN
2020-06-14 22:00:00,9339.34,9405.04,9240.0,9382.49,1035.87466327,ENGULFING,Bullish
2020-06-14 23:00:00,9382.78,9383.38,9322.58,9325.0,377.12018079,ENGULFING,Bearish
2020-06-15 00:00:00,9328.63,9359.85,9308.14,9327.88,362.50919125,HARAMI,Bull
2020-06-15 01:00:00,9327.89,9330.0,9210.0,9238.15,1073.86335427,NO_PATTERN,NO_PATTERN
2020-06-15 02:00:00,9237.1,9275.85,9217.69,9252.75,546.48773298,NO_PATTERN,NO_PATTERN
2020-06-15 03:00:00,9252.64,9258.29,9124.89,9150.07,1037.19293451,NO_PATTERN,NO_PATTERN
2020-06-15 04:00:00,9150.05,9214.8,9114.0,9179.64,477.18424837000003,NO_PATTERN,NO_PATTERN
2020-06-15 05:00:00,9179.65,9179.65,8964.33,9025.78,2229.42657888,ENGULFING,Bearish
2020-06-15 06:00:00,9025.78,9066.02,8895.01,9037.67,1987.00418887,NO_PATTERN,NO_PATTERN
2020-06-15 07:00:00,9037.67,9112.96,8999.95,9106.15,970.9574111300001,NO_PATTERN,NO_PATTERN
2020-06-15 08:00:00,9110.39,9146.26,9071.92,9129.98,381.74075895,NO_PATTERN,NO_PATTERN
2020-06-15 09:00:00,9129.97,9134.14,9097.88,9133.34,232.65780749,DRAGONFLYDOJI,Neutral
2020-06-15 10:00:00,9134.63,9136.46,9068.06,9080.24,389.82885625,ENGULFING,Bearish
2020-06-15 11:00:00,9080.23,9131.07,9061.1,9101.15,411.6190938,NO_PATTERN,NO_PATTERN
2020-06-15 12:00:00,9103.29,9123.86,9069.75,9084.52,469.79551064000003,NO_PATTERN,NO_PATTERN
2020-06-15 13:00:00,9084.8,9189.96,9029.97,9179.55,983.8989245,NO_PATTERN,NO_PATTERN
2020-06-15 14:00:00,9179.55,9229.81,9179.55,9195.06,946.72282563,NO_PATTERN,NO_PATTERN
2020-06-15 15:00:00,9195.06,9314.68,9195.05,9300.95,1512.04419856,NO_PATTERN,NO_PATTERN
2020-06-15 16:00:00,9300.95,9409.0,9281.99,9362.27,1005.8760065,NO_PATTERN,NO_PATTERN
2020-06-15 17:00:00,9362.36,9389.42,9329.2,9337.53,406.76561354,NO_PATTERN,NO_PATTERN
2020-06-15 18:00:00,9337.55,9448.61,9337.53,9420.46,841.39494602,NO_PATTERN,NO_PATTERN
2020-06-15 19:00:00,9421.04,9458.8,9399.34,9420.56,619.12526078,DOJI,Neutral
2020-06-15 20:00:00,9420.59,9487.0,9401.66,9481.07,532.37950047,NO_PATTERN,NO_PATTERN
2020-06-15 21:00:00,9481.06,9499.0,9420.0,9438.77,490.52792082,HARAMI,Bearish
2020-06-15 22:00:00,9441.09,9462.0,9396.18,9425.96,386.89706237,NO_PATTERN,NO_PATTERN
2020-06-15 23:00:00,9425.64,9469.93,9423.85,9432.53,252.91205818,GRAVESTONEDOJI,Neutral
2020-06-16 00:00:00,9432.57,9438.25,9381.0,9393.92,310.55260954,ENGULFING,Bearish
2020-06-16 01:00:00,9393.89,9430.77,9390.0,9412.45,330.54904394,NO_PATTERN,NO_PATTERN
2020-06-16 02:00:00,9411.72,9470.01,9387.37,9459.07,525.44283877,NO_PATTERN,NO_PATTERN
2020-06-16 03:00:00,9459.07,9590.74,9450.07,9572.01,1625.22126269,NO_PATTERN,NO_PATTERN
2020-06-16 04:00:00,9572.0,9583.67,9525.01,9549.3,287.16865724,HARAMI,Bearish
2020-06-16 05:00:00,9547.03,9565.48,9521.53,9542.54,268.20076793,DOJI,Neutral
2020-06-16 06:00:00,9542.54,9553.02,9453.0,9470.33,517.68535234,NO_PATTERN,NO_PATTERN
2020-06-16 07:00:00,9470.22,9514.99,9455.18,9499.44,250.60472663,NO_PATTERN,NO_PATTERN
2020-06-16 08:00:00,9499.45,9502.89,9463.03,9492.01,143.98114434,NO_PATTERN,NO_PATTERN
2020-06-16 09:00:00,9492.0,9541.26,9485.01,9500.0,199.14721473,ENGULFING,Bullish
2020-06-16 10:00:00,9500.0,9542.69,9499.99,9525.34,224.22742966,NO_PATTERN,NO_PATTERN
2020-06-16 11:00:00,9525.35,9531.76,9484.56,9507.34,429.68967279,HAMMER,Neutral
2020-06-16 12:00:00,9507.34,9580.0,9472.45,9564.51,711.36556585,NO_PATTERN,NO_PATTERN
2020-06-16 13:00:00,9564.51,9592.04,9495.92,9536.56,743.00660037,NO_PATTERN,NO_PATTERN
2020-06-16 14:00:00,9535.66,9542.92,9415.0,9433.24,713.03635487,NO_PATTERN,NO_PATTERN
2020-06-16 15:00:00,9433.24,9467.98,9393.55,9444.5,561.78277495,NO_PATTERN,NO_PATTERN
2020-06-16 16:00:00,9444.52,9505.44,9430.0,9491.87,544.23407101,NO_PATTERN,NO_PATTERN
2020-06-16 17:00:00,9491.87,9503.35,9455.34,9466.99,236.72237102,NO_PATTERN,NO_PATTERN
2020-06-16 18:00:00,9468.74,9511.41,9450.94,9496.73,352.70976951,NO_PATTERN,NO_PATTERN
2020-06-16 19:00:00,9497.46,9510.0,9472.45,9509.23,330.82218373,NO_PATTERN,NO_PATTERN
2020-06-16 20:00:00,9509.22,9509.43,9481.07,9495.04,283.66334837,NO_PATTERN,NO_PATTERN
2020-06-16 21:00:00,9495.04,9533.62,9493.79,9501.08,290.40018189,GRAVESTONEDOJI,Neutral
2020-06-16 22:00:00,9505.18,9527.68,9492.23,9525.45,179.12779125,NO_PATTERN,NO_PATTERN
2020-06-16 23:00:00,9525.45,9539.05,9504.94,9526.25,267.56532906,DOJI,Neutral
2020-06-17 00:00:00,9526.25,9536.61,9475.0,9478.7,273.65155388,NO_PATTERN,NO_PATTERN
2020-06-17 01:00:00,9478.7,9484.99,9451.0,9451.49,320.78526173,NO_PATTERN,NO_PATTERN
2020-06-17 02:00:00,9451.49,9483.24,9425.0,9435.36,464.50803701,NO_PATTERN,NO_PATTERN
2020-06-17 03:00:00,9437.31,9460.0,9415.0,9450.05,359.70223193,NO_PATTERN,NO_PATTERN
2020-06-17 04:00:00,9450.02,9473.99,9437.18,9457.28,186.40850418,NO_PATTERN,NO_PATTERN
2020-06-17 05:00:00,9457.28,9472.0,9426.32,9439.55,272.20196626,NO_PATTERN,NO_PATTERN
2020-06-17 06:00:00,9439.55,9491.21,9425.46,9471.21,211.45415326,NO_PATTERN,NO_PATTERN
2020-06-17 07:00:00,9471.22,9523.72,9469.13,9506.49,337.65189529,NO_PATTERN,NO_PATTERN
2020-06-17 08:00:00,9506.48,9512.55,9480.64,9487.47,141.81799222,HARAMI,Bearish
2020-06-17 09:00:00,9487.47,9495.56,9470.0,9470.02,89.2198543,NO_PATTERN,NO_PATTERN
2020-06-17 10:00:00,9470.02,9490.18,9470.01,9476.02,119.67231185,NO_PATTERN,NO_PATTERN
2020-06-17 11:00:00,9476.02,9502.36,9459.61,9469.32,151.28310115,NO_PATTERN,NO_PATTERN
2020-06-17 12:00:00,9470.1,9503.38,9467.51,9495.2,168.76502205,NO_PATTERN,NO_PATTERN
2020-06-17 13:00:00,9495.2,9558.48,9421.84,9436.82,650.80855737,NO_PATTERN,NO_PATTERN
2020-06-17 14:00:00,9436.82,9454.87,9358.62,9403.29,757.68077481,NO_PATTERN,NO_PATTERN
2020-06-17 15:00:00,9403.28,9425.48,9377.2,9385.0,360.97251189,NO_PATTERN,NO_PATTERN
2020-06-17 16:00:00,9385.0,9408.68,9352.6,9359.95,466.85865857,NO_PATTERN,NO_PATTERN
2020-06-17 17:00:00,9359.95,9419.45,9354.09,9395.0,382.14643061,NO_PATTERN,NO_PATTERN
2020-06-17 18:00:00,9395.0,9416.31,9380.42,9395.95,218.67525573,DOJI,Neutral
2020-06-17 19:00:00,9395.95,9400.25,9285.0,9289.0,524.56700399,NO_PATTERN,NO_PATTERN
2020-06-17 20:00:00,9290.57,9378.76,9227.03,9370.8,1428.36220441,NO_PATTERN,NO_PATTERN
2020-06-17 21:00:00,9370.8,9438.8,9370.79,9407.29,445.96548897,NO_PATTERN,NO_PATTERN
2020-06-17 22:00:00,9407.28,9449.99,9391.09,9433.26,299.80177198,NO_PATTERN,NO_PATTERN
2020-06-17 23:00:00,9433.33,9465.25,9424.64,9457.51,244.85177034,NO_PATTERN,NO_PATTERN
2020-06-18 00:00:00,9457.51,9463.0,9400.3,9429.1,242.79593618,HAMMER,Neutral
2020-06-18 01:00:00,9427.87,9442.45,9404.27,9413.83,210.23327312,NO_PATTERN,NO_PATTERN
2020-06-18 02:00:00,9413.83,9418.95,9391.75,9399.96,224.86061571,NO_PATTERN,NO_PATTERN
2020-06-18 03:00:00,9399.68,9430.81,9397.23,9418.7,183.62785742,ENGULFING,Bullish
2020-06-18 04:00:00,9418.69,9422.33,9400.74,9401.93,131.75401622,NO_PATTERN,NO_PATTERN
2020-06-18 05:00:00,9401.93,9426.43,9396.99,9415.92,181.06927381,NO_PATTERN,NO_PATTERN
2020-06-18 06:00:00,9416.16,9445.38,9410.0,9425.01,108.11317086,NO_PATTERN,NO_PATTERN
2020-06-18 07:00:00,9425.01,9443.47,9421.83,9430.29,104.01378562,NO_PATTERN,NO_PATTERN
2020-06-18 08:00:00,9431.87,9445.01,9423.53,9424.9,187.19614225,ENGULFING,Bearish
2020-06-18 09:00:00,9424.89,9482.66,9397.82,9406.53,530.20953289,NO_PATTERN,NO_PATTERN
2020-06-18 10:00:00,9405.81,9448.23,9369.81,9442.55,271.33562094,ENGULFING,Bullish
2020-06-18 11:00:00,9442.55,9452.83,9418.22,9424.51,178.00143382,NO_PATTERN,NO_PATTERN
2020-06-18 12:00:00,9425.04,9439.05,9412.08,9421.3,114.96412831,DOJI,Neutral
2020-06-18 13:00:00,9421.3,9421.32,9382.13,9396.79,290.62160475,NO_PATTERN,NO_PATTERN
2020-06-18 14:00:00,9397.96,9427.08,9383.25,9425.27,194.03998225,NO_PATTERN,NO_PATTERN
2020-06-18 15:00:00,9425.28,9431.05,9366.24,9374.8,356.38298399,ENGULFING,Bearish
2020-06-18 16:00:00,9375.97,9400.0,9365.15,9393.11,362.73119114,HARAMI,Bullish
2020-06-18 17:00:00,9393.22,9412.04,9384.07,9396.33,178.17930043,DOJI,Neutral
2020-06-18 18:00:00,9396.17,9402.75,9378.05,9387.56,249.8729874,NO_PATTERN,NO_PATTERN
2020-06-18 19:00:00,9387.56,9405.8,9325.0,9391.47,406.38568511,DOJI,Neutral
2020-06-18 20:00:00,9391.47,9396.92,9300.01,9335.47,610.68599624,NO_PATTERN,NO_PATTERN
2020-06-18 21:00:00,9335.47,9379.25,9267.18,9366.12,602.25930738,NO_PATTERN,NO_PATTERN
2020-06-18 22:00:00,9366.18,9383.85,9354.06,9371.32,207.47950024,DOJI,Neutral
2020-06-18 23:00:00,9371.69,9407.98,9362.0,9376.14,165.67680763,DOJI,Neutral
2020-06-19 00:00:00,9376.14,9376.14,9315.28,9361.22,494.80597223,HAMMER,Neutral
2020-06-19 01:00:00,9361.22,9370.88,9310.58,9311.03,344.21072656,NO_PATTERN,NO_PATTERN
2020-06-19 02:00:00,9311.0,9325.65,9250.05,9265.24,519.57752214,NO_PATTERN,NO_PATTERN
2020-06-19 03:00:00,9265.23,9297.95,9229.0,9263.46,412.30087804,DOJI,Neutral
2020-06-19 04:00:00,9263.46,9318.24,9252.0,9294.53,229.26655144,MORNINGSTAR,Neutral
2020-06-19 05:00:00,9294.53,9309.79,9287.54,9309.79,105.68323747,NO_PATTERN,NO_PATTERN
2020-06-19 06:00:00,9309.8,9318.63,9292.89,9294.59,152.78730511,NO_PATTERN,NO_PATTERN
2020-06-19 07:00:00,9294.59,9294.6,9251.0,9285.11,126.20433951999999,HAMMER,Neutral
2020-06-19 08:00:00,9285.11,9311.61,9262.62,9304.65,241.3609962,NO_PATTERN,NO_PATTERN
2020-06-19 09:00:00,9304.64,9430.0,9304.64,9355.75,627.49586967,NO_PATTERN,NO_PATTERN
2020-06-19 10:00:00,9355.9,9385.87,9348.23,9383.2,251.48274677999999,NO_PATTERN,NO_PATTERN
2020-06-19 11:00:00,9383.19,9396.22,9363.93,9379.74,178.34675219,HARAMI,Bear
2020-06-19 12:00:00,9379.75,9417.18,9363.21,9377.93,357.21456259,DOJI,Neutral
2020-06-19 13:00:00,9377.93,9397.14,9359.98,9378.45,251.92241614,DOJI,Neutral
2020-06-19 14:00:00,9378.45,9391.81,9353.88,9358.81,318.52950469,NO_PATTERN,NO_PATTERN
2020-06-19 15:00:00,9358.8,9377.79,9350.99,9377.79,284.75067801,NO_PATTERN,NO_PATTERN
2020-06-19 16:00:00,9377.79,9380.0,9310.0,9333.96,403.01541468,NO_PATTERN,NO_PATTERN
2020-06-19 17:00:00,9330.01,9343.0,9281.9,9305.09,401.48212059,NO_PATTERN,NO_PATTERN
2020-06-19 18:00:00,9305.11,9329.98,9255.0,9316.82,504.57770003,HARAMI,Bullish
2020-06-19 19:00:00,9316.82,9333.0,9296.07,9300.31,389.13441974,NO_PATTERN,NO_PATTERN
2020-06-19 20:00:00,9300.32,9317.76,9242.0,9315.58,462.51841531,HAMMER,Neutral
2020-06-19 21:00:00,9315.83,9333.0,9277.35,9322.99,237.7813993,NO_PATTERN,NO_PATTERN
2020-06-19 22:00:00,9323.0,9346.43,9280.0,9289.91,273.74819307,ENGULFING,Bearish
2020-06-19 23:00:00,9288.5,9308.94,9260.0,9301.91,264.12173555,NO_PATTERN,NO_PATTERN
2020-06-20 00:00:00,9300.42,9325.0,9284.07,9291.86,227.05868273000002,NO_PATTERN,NO_PATTERN
2020-06-20 01:00:00,9291.86,9322.0,9275.61,9308.44,280.55912604,NO_PATTERN,NO_PATTERN
2020-06-20 02:00:00,9308.44,9319.46,9302.77,9317.3,204.82025638,NO_PATTERN,NO_PATTERN
2020-06-20 03:00:00,9317.32,9343.0,9311.09,9324.93,416.37724317000004,NO_PATTERN,NO_PATTERN
2020-06-20 04:00:00,9324.93,9324.94,9284.53,9309.69,113.30798698,NO_PATTERN,NO_PATTERN
2020-06-20 05:00:00,9309.69,9320.57,9293.42,9301.48,93.57361226,NO_PATTERN,NO_PATTERN
2020-06-20 06:00:00,9298.17,9322.26,9296.71,9313.95,171.99335680000002,ENGULFING,Bullish
2020-06-20 07:00:00,9313.95,9318.2,9284.95,9291.52,108.89281225,NO_PATTERN,NO_PATTERN
2020-06-20 08:00:00,9291.51,9301.44,9271.85,9274.76,126.67136897,NO_PATTERN,NO_PATTERN
2020-06-20 09:00:00,9274.76,9293.65,9265.0,9281.63,120.13762865,NO_PATTERN,NO_PATTERN
2020-06-20 10:00:00,9280.56,9288.12,9272.7,9286.01,96.13046003,NO_PATTERN,NO_PATTERN
2020-06-20 11:00:00,9286.01,9380.49,9161.0,9322.57,1764.7144742799999,NO_PATTERN,NO_PATTERN
2020-06-20 12:00:00,9323.74,9326.5,9293.87,9297.19,253.18937953,NO_PATTERN,NO_PATTERN
2020-06-20 13:00:00,9297.19,9306.61,9275.54,9283.35,182.50695485,NO_PATTERN,NO_PATTERN
2020-06-20 14:00:00,9283.35,9292.42,9266.49,9279.53,173.09612836,DOJI,Neutral
2020-06-20 15:00:00,9279.53,9279.53,9226.72,9250.57,375.0565367,NO_PATTERN,NO_PATTERN
2020-06-20 16:00:00,9251.13,9279.45,9233.58,9261.36,186.88502084,HARAMI,Bullish
2020-06-20 17:00:00,9261.37,9270.0,9257.43,9267.53,398.97326764,NO_PATTERN,NO_PATTERN
2020-06-20 18:00:00,9267.53,9311.0,9267.51,9311.0,343.33567073,NO_PATTERN,NO_PATTERN
2020-06-20 19:00:00,9311.0,9315.1,9284.67,9287.08,199.21816556000002,NO_PATTERN,NO_PATTERN
2020-06-20 20:00:00,9286.02,9329.26,9286.02,9319.58,167.05883149,ENGULFING,Bullish
2020-06-20 21:00:00,9319.58,9347.74,9314.89,9333.51,241.85725738,NO_PATTERN,NO_PATTERN
2020-06-20 22:00:00,9333.01,9391.71,9333.01,9370.39,458.29397975,NO_PATTERN,NO_PATTERN
2020-06-20 23:00:00,9370.39,9375.42,9346.0,9355.74,187.75974685,NO_PATTERN,NO_PATTERN
2020-06-21 00:00:00,9355.74,9381.0,9343.0,9358.33,129.37726194,DOJI,Neutral
2020-06-21 01:00:00,9358.33,9377.99,9356.0,9365.87,123.05284496,NO_PATTERN,NO_PATTERN
2020-06-21 02:00:00,9365.87,9399.0,9360.0,9369.93,186.05054909,NO_PATTERN,NO_PATTERN
2020-06-21 03:00:00,9368.72,9375.52,9356.1,9368.55,91.23599229,DOJI,Neutral
2020-06-21 04:00:00,9367.01,9376.95,9367.01,9370.01,101.05680465,GRAVESTONEDOJI,Neutral
2020-06-21 05:00:00,9370.01,9392.49,9370.0,9386.8,70.66544873,NO_PATTERN,NO_PATTERN
2020-06-21 06:00:00,9386.79,9419.35,9372.04,9372.06,200.16622027,NO_PATTERN,NO_PATTERN
2020-06-21 07:00:00,9372.06,9381.87,9358.43,9362.55,93.53787159000001,NO_PATTERN,NO_PATTERN
2020-06-21 08:00:00,9364.5,9370.19,9351.99,9357.96,50.59591169,NO_PATTERN,NO_PATTERN
2020-06-21 09:00:00,9356.97,9373.0,9355.25,9362.43,41.80778482,NO_PATTERN,NO_PATTERN
2020-06-21 10:00:00,9362.42,9362.42,9328.45,9349.65,100.07983587,NO_PATTERN,NO_PATTERN
2020-06-21 11:00:00,9349.65,9357.87,9336.34,9353.11,36.78946992,NO_PATTERN,NO_PATTERN
2020-06-21 12:00:00,9352.57,9354.76,9340.0,9340.23,49.57371907,NO_PATTERN,NO_PATTERN
2020-06-21 13:00:00,9340.22,9348.46,9322.73,9345.39,224.54342141,NO_PATTERN,NO_PATTERN
2020-06-21 14:00:00,9345.38,9354.07,9331.01,9347.42,82.5482546,DOJI,Neutral
2020-06-21 15:00:00,9347.25,9383.26,9340.01,9367.69,162.05470158,NO_PATTERN,NO_PATTERN
2020-06-21 16:00:00,9368.58,9373.13,9337.01,9356.39,179.93077669,NO_PATTERN,NO_PATTERN
2020-06-21 17:00:00,9356.39,9358.0,9334.05,9336.99,121.28429862,NO_PATTERN,NO_PATTERN
2020-06-21 18:00:00,9336.47,9339.17,9300.02,9305.34,199.76120963,NO_PATTERN,NO_PATTERN
2020-06-21 19:00:00,9302.66,9347.12,9291.01,9340.01,176.47471252,ENGULFING,Bullish
2020-06-21 20:00:00,9340.01,9343.07,9293.52,9311.46,111.43319468,NO_PATTERN,NO_PATTERN
2020-06-21 21:00:00,9311.57,9330.95,9307.01,9324.8,130.05706841,HARAMI,Bullish
2020-06-21 22:00:00,9325.12,9325.12,9276.0,9295.05,180.21757232,ENGULFING,Bearish
2020-06-21 23:00:00,9295.05,9300.0,9273.0,9286.14,235.60271655,NO_PATTERN,NO_PATTERN
2020-06-22 00:00:00,9286.14,9325.0,9267.58,9311.67,255.49367696,NO_PATTERN,NO_PATTERN
2020-06-22 01:00:00,9311.67,9379.77,9310.06,9379.77,348.14360646,NO_PATTERN,NO_PATTERN
2020-06-22 02:00:00,9379.77,9388.0,9356.02,9376.92,249.22662607,DOJI,Neutral
2020-06-22 03:00:00,9376.94,9382.08,9360.95,9379.46,182.4277301,DRAGONFLYDOJI,Neutral
2020-06-22 04:00:00,9377.59,9413.46,9366.81,9399.61,374.99632124,NO_PATTERN,NO_PATTERN
2020-06-22 05:00:00,9401.86,9442.2,9400.25,9409.51,350.40055251,SHOOTINGSTAR,Neutral
2020-06-22 06:00:00,9409.51,9428.39,9400.0,9410.33,135.49159685,DOJI,Neutral
2020-06-22 07:00:00,9409.31,9435.0,9402.19,9414.91,159.08839028,NO_PATTERN,NO_PATTERN
2020-06-22 08:00:00,9414.91,9431.31,9401.24,9428.14,143.15544631,NO_PATTERN,NO_PATTERN
2020-06-22 09:00:00,9429.96,9433.17,9407.19,9407.25,120.64470509,3LINESTRIKE,Bull
2020-06-22 10:00:00,9407.26,9438.61,9406.54,9430.82,149.5606007,NO_PATTERN,NO_PATTERN
2020-06-22 11:00:00,9430.81,9470.25,9419.3,9455.69,419.68670772,NO_PATTERN,NO_PATTERN
2020-06-22 12:00:00,9455.68,9499.99,9445.0,9493.86,507.55868623,NO_PATTERN,NO_PATTERN
2020-06-22 13:00:00,9493.92,9508.96,9450.4,9466.87,505.24655481,NO_PATTERN,NO_PATTERN
2020-06-22 14:00:00,9466.88,9479.0,9456.56,9461.45,309.75545036,NO_PATTERN,NO_PATTERN
2020-06-22 15:00:00,9461.44,9499.98,9461.38,9489.99,587.60711023,ENGULFING,Bullish
2020-06-22 16:00:00,9490.0,9633.46,9474.47,9586.78,1327.54461216,NO_PATTERN,NO_PATTERN
2020-06-22 17:00:00,9586.79,9620.1,9550.0,9595.95,898.87444475,NO_PATTERN,NO_PATTERN
2020-06-22 18:00:00,9595.95,9604.91,9572.81,9583.0,517.11775149,NO_PATTERN,NO_PATTERN
2020-06-22 19:00:00,9583.0,9589.94,9542.44,9563.14,554.47526582,NO_PATTERN,NO_PATTERN
2020-06-22 20:00:00,9564.6,9668.92,9564.59,9641.48,573.8592332000001,NO_PATTERN,NO_PATTERN
2020-06-22 21:00:00,9641.48,9792.0,9641.48,9689.56,2229.48030007,NO_PATTERN,NO_PATTERN
2020-06-22 22:00:00,9690.0,9690.0,9633.11,9680.95,423.27309076,NO_PATTERN,NO_PATTERN
2020-06-22 23:00:00,9680.55,9699.98,9662.05,9690.74,418.84543003,ENGULFING,Bullish
2020-06-23 00:00:00,9690.67,9724.53,9659.0,9661.54,381.2794681,NO_PATTERN,NO_PATTERN
2020-06-23 01:00:00,9660.48,9669.69,9606.0,9641.47,584.55431466,NO_PATTERN,NO_PATTERN
2020-06-23 02:00:00,9643.52,9652.27,9618.79,9640.0,215.36785841,DOJI,Neutral
2020-06-23 03:00:00,9640.0,9654.26,9621.0,9651.03,216.52189865,NO_PATTERN,NO_PATTERN
2020-06-23 04:00:00,9651.04,9651.04,9621.41,9623.34,165.8634054,ENGULFING,Bearish
2020-06-23 05:00:00,9623.33,9641.23,9617.29,9617.78,185.23956121999998,INVERTEDHAMMER,Neutral
2020-06-23 06:00:00,9620.0,9630.26,9613.0,9626.02,100.71712772000001,HAMMER,Neutral
2020-06-23 07:00:00,9626.02,9665.02,9616.01,9660.96,639.34208833,NO_PATTERN,NO_PATTERN
2020-06-23 08:00:00,9660.99,9661.09,9572.22,9608.17,496.85387806999995,ENGULFING,Bearish
2020-06-23 09:00:00,9607.05,9612.21,9578.22,9603.36,172.79685536,DOJI,Neutral
2020-06-23 10:00:00,9603.35,9612.6,9575.16,9586.43,197.32368243,NO_PATTERN,NO_PATTERN
2020-06-23 11:00:00,9586.41,9643.44,9584.32,9632.31,231.47314465,ENGULFING,Bullish
2020-06-23 12:00:00,9632.63,9646.08,9613.98,9632.37,279.44651388,DOJI,Neutral
2020-06-23 13:00:00,9632.36,9646.77,9614.08,9637.06,335.07953124,ENGULFING,Bullish
2020-06-23 14:00:00,9638.81,9669.75,9625.0,9643.0,322.02519745,NO_PATTERN,NO_PATTERN
2020-06-23 15:00:00,9643.01,9692.1,9630.93,9692.09,460.50114176,NO_PATTERN,NO_PATTERN
2020-06-23 16:00:00,9692.1,9694.81,9655.0,9658.99,472.56168253,NO_PATTERN,NO_PATTERN
2020-06-23 17:00:00,9658.99,9668.0,9636.18,9665.0,448.31879172,HAMMER,Neutral
2020-06-23 18:00:00,9665.01,9683.92,9644.79,9655.6,421.854698,ENGULFING,Bearish
2020-06-23 19:00:00,9655.6,9670.0,9643.33,9643.5,315.61028026,NO_PATTERN,NO_PATTERN
2020-06-23 20:00:00,9643.49,9662.83,9628.14,9629.02,278.36306664,INVERTEDHAMMER,Neutral
2020-06-23 21:00:00,9628.98,9648.0,9588.52,9645.14,393.90217492,HAMMER,Neutral
2020-06-23 22:00:00,9645.14,9655.0,9586.0,9611.22,371.21842881000003,NO_PATTERN,NO_PATTERN
2020-06-23 23:00:00,9605.98,9623.56,9584.93,9623.56,247.25586239,NO_PATTERN,NO_PATTERN
2020-06-24 00:00:00,9623.56,9645.6,9617.44,9624.86,191.4264945,DOJI,Neutral
2020-06-24 01:00:00,9624.87,9646.77,9614.44,9645.06,212.49175533,NO_PATTERN,NO_PATTERN
2020-06-24 02:00:00,9645.06,9662.84,9635.67,9655.0,189.64060982,NO_PATTERN,NO_PATTERN
2020-06-24 03:00:00,9655.01,9657.52,9634.96,9642.33,235.60581217,ENGULFING,Bearish
2020-06-24 04:00:00,9642.34,9659.85,9635.54,9650.01,237.4994104,NO_PATTERN,NO_PATTERN
2020-06-24 05:00:00,9650.01,9654.5,9630.99,9638.06,176.82225264,NO_PATTERN,NO_PATTERN
2020-06-24 06:00:00,9638.06,9663.38,9638.05,9651.33,220.47402853,NO_PATTERN,NO_PATTERN
2020-06-24 07:00:00,9651.33,9655.48,9488.45,9498.43,610.2666149300001,NO_PATTERN,NO_PATTERN
2020-06-24 08:00:00,9496.02,9537.18,9472.8,9509.57,211.9436146,NO_PATTERN,NO_PATTERN
2020-06-24 09:00:00,9509.56,9523.2,9480.0,9516.59,221.10199137,NO_PATTERN,NO_PATTERN
2020-06-24 10:00:00,9516.59,9517.19,9275.0,9361.97,1410.24196731,NO_PATTERN,NO_PATTERN
2020-06-24 11:00:00,9361.9,9400.0,9310.0,9312.21,717.2066641,NO_PATTERN,NO_PATTERN
2020-06-24 12:00:00,9312.2,9385.0,9258.35,9379.05,662.85186723,ENGULFING,Bullish
2020-06-24 13:00:00,9377.82,9416.73,9333.33,9333.73,714.06597256,HARAMI,Bearish
2020-06-24 14:00:00,9333.34,9354.23,9280.57,9280.58,783.60045827,NO_PATTERN,NO_PATTERN
2020-06-24 15:00:00,9280.59,9322.77,9195.0,9238.97,2010.60225376,NO_PATTERN,NO_PATTERN
2020-06-24 16:00:00,9238.97,9310.2,9228.28,9291.55,1198.3119499299999,NO_PATTERN,NO_PATTERN
2020-06-24 17:00:00,9291.55,9314.55,9271.37,9296.51,731.02678798,DOJI,Neutral
2020-06-24 18:00:00,9296.5,9324.42,9282.84,9304.41,344.93740227,DOJI,Neutral
2020-06-24 19:00:00,9304.42,9333.3,9279.01,9290.99,502.81573638,ENGULFING,Bearish
2020-06-24 20:00:00,9291.0,9314.78,9276.51,9287.41,397.66668754,DOJI,Neutral
2020-06-24 21:00:00,9287.41,9293.79,9222.01,9261.09,499.62962497,HAMMER,Neutral
2020-06-24 22:00:00,9262.0,9291.74,9256.47,9291.11,232.56874695,NO_PATTERN,NO_PATTERN
2020-06-24 23:00:00,9291.13,9314.78,9266.39,9285.91,678.57005787,DOJI,Neutral
2020-06-25 00:00:00,9285.94,9286.42,9229.06,9256.22,432.19585345,NO_PATTERN,NO_PATTERN
2020-06-25 01:00:00,9256.21,9295.61,9256.21,9262.84,299.53078676,NO_PATTERN,NO_PATTERN
2020-06-25 02:00:00,9262.83,9272.81,9210.99,9240.55,302.91571035,NO_PATTERN,NO_PATTERN
2020-06-25 03:00:00,9240.27,9242.95,8979.07,9083.71,4020.8267666799998,NO_PATTERN,NO_PATTERN
2020-06-25 04:00:00,9083.71,9151.0,9072.02,9103.69,1370.66122401,NO_PATTERN,NO_PATTERN
2020-06-25 05:00:00,9105.0,9187.33,9086.37,9167.31,500.04834781,NO_PATTERN,NO_PATTERN
2020-06-25 06:00:00,9167.31,9187.8,9134.71,9177.51,378.75513023999997,NO_PATTERN,NO_PATTERN
2020-06-25 07:00:00,9177.4,9181.66,9134.23,9162.92,206.01435936000001,NO_PATTERN,NO_PATTERN
2020-06-25 08:00:00,9162.92,9325.0,9162.92,9291.99,637.74852465,NO_PATTERN,NO_PATTERN
2020-06-25 09:00:00,9294.52,9305.87,9241.13,9243.9,177.99990213,NO_PATTERN,NO_PATTERN
2020-06-25 10:00:00,9243.9,9275.0,9242.0,9263.39,156.94160854,NO_PATTERN,NO_PATTERN
2020-06-25 11:00:00,9263.17,9286.69,9249.89,9250.01,170.23772546,NO_PATTERN,NO_PATTERN
2020-06-25 12:00:00,9250.18,9257.25,9152.53,9176.86,477.41770059,NO_PATTERN,NO_PATTERN
2020-06-25 13:00:00,9176.85,9231.64,9164.4,9187.09,380.66502761,NO_PATTERN,NO_PATTERN
2020-06-25 14:00:00,9186.84,9260.72,9186.84,9245.02,369.84728796,NO_PATTERN,NO_PATTERN
2020-06-25 15:00:00,9245.03,9246.48,9208.04,9227.98,290.36478469,NO_PATTERN,NO_PATTERN
2020-06-25 16:00:00,9227.98,9288.27,9207.0,9286.07,543.78775109,NO_PATTERN,NO_PATTERN
2020-06-25 17:00:00,9286.08,9292.1,9262.0,9276.09,286.92574824,NO_PATTERN,NO_PATTERN
2020-06-25 18:00:00,9277.09,9283.42,9243.74,9248.01,442.63245448,NO_PATTERN,NO_PATTERN
2020-06-25 19:00:00,9248.01,9292.1,9229.95,9282.09,453.07168349,NO_PATTERN,NO_PATTERN
2020-06-25 20:00:00,9282.08,9299.98,9272.02,9274.0,373.95155477000003,HARAMI,Bearish
2020-06-25 21:00:00,9274.0,9335.0,9273.99,9302.23,478.47362388,NO_PATTERN,NO_PATTERN
2020-06-25 22:00:00,9302.25,9310.0,9209.0,9254.51,579.91968488,ENGULFING,Bearish
2020-06-25 23:00:00,9254.51,9258.48,9229.85,9243.51,172.6007674,NO_PATTERN,NO_PATTERN
2020-06-26 00:00:00,9242.98,9284.61,9176.01,9277.65,448.85096447,ENGULFING,Bullish
2020-06-26 01:00:00,9277.96,9291.73,9241.03,9242.17,486.79416224,ENGULFING,Bearish
2020-06-26 02:00:00,9242.17,9255.79,9225.42,9250.7,177.33841575,HAMMER,Neutral
2020-06-26 03:00:00,9250.7,9250.7,9221.86,9236.7,251.91135164,HAMMER,Neutral
2020-06-26 04:00:00,9236.39,9257.32,9220.74,9246.95,176.49966631,NO_PATTERN,NO_PATTERN
2020-06-26 05:00:00,9246.88,9262.32,9182.55,9204.18,395.51036072,NO_PATTERN,NO_PATTERN
2020-06-26 06:00:00,9204.65,9221.56,9178.01,9200.33,208.96447338000002,DOJI,Neutral
2020-06-26 07:00:00,9200.83,9200.83,9076.92,9124.95,1318.937464,NO_PATTERN,NO_PATTERN
2020-06-26 08:00:00,9125.04,9145.54,9093.92,9122.14,216.77063858,DOJI,Neutral
2020-06-26 09:00:00,9119.15,9224.9,9078.33,9202.8,343.52328464,ENGULFING,Bullish
2020-06-26 10:00:00,9201.08,9245.0,9189.18,9207.27,228.73760133,DOJI,Neutral
2020-06-26 11:00:00,9209.28,9212.48,9138.67,9173.07,411.63134427,ENGULFING,Bearish
2020-06-26 12:00:00,9173.07,9210.47,9173.07,9201.86,418.14913829,NO_PATTERN,NO_PATTERN
2020-06-26 13:00:00,9200.62,9226.0,9132.74,9138.18,537.49732346,NO_PATTERN,NO_PATTERN
2020-06-26 14:00:00,9138.17,9144.85,9027.62,9080.05,1194.17543975,NO_PATTERN,NO_PATTERN
2020-06-26 15:00:00,9080.05,9192.07,9072.14,9142.55,850.22605096,NO_PATTERN,NO_PATTERN
2020-06-26 16:00:00,9142.54,9148.69,9079.09,9144.73,615.00341742,DRAGONFLYDOJI,Neutral
2020-06-26 17:00:00,9142.42,9170.7,9137.86,9147.84,359.4663703,GRAVESTONEDOJI,Neutral
2020-06-26 18:00:00,9147.83,9175.0,9129.84,9131.4,379.50672964,NO_PATTERN,NO_PATTERN
2020-06-26 19:00:00,9131.42,9164.4,9113.34,9164.35,474.11509936,NO_PATTERN,NO_PATTERN
2020-06-26 20:00:00,9164.35,9208.79,9164.34,9188.26,433.72208255,NO_PATTERN,NO_PATTERN
2020-06-26 21:00:00,9190.46,9209.03,9163.77,9171.67,392.0944527,NO_PATTERN,NO_PATTERN
2020-06-26 22:00:00,9171.67,9198.46,9155.2,9167.07,217.3318765,DOJI,Neutral
2020-06-26 23:00:00,9167.07,9172.76,9144.77,9155.42,148.96052417,NO_PATTERN,NO_PATTERN
2020-06-27 00:00:00,9155.42,9163.63,9100.56,9135.37,398.55472263,NO_PATTERN,NO_PATTERN
2020-06-27 01:00:00,9135.17,9144.51,9095.0,9140.69,220.63816788,NO_PATTERN,NO_PATTERN
2020-06-27 02:00:00,9142.36,9148.43,9110.31,9133.0,121.07364345,ENGULFING,Bearish
2020-06-27 03:00:00,9132.99,9180.02,9123.9,9150.02,156.39554421,ENGULFING,Bullish
2020-06-27 04:00:00,9150.02,9169.44,9117.42,9149.05,103.00895025,DOJI,Neutral
2020-06-27 05:00:00,9149.0,9164.51,9134.0,9158.98,79.45615004,ENGULFING,Bullish
2020-06-27 06:00:00,9159.2,9183.85,9139.6,9172.12,126.97287556,NO_PATTERN,NO_PATTERN
2020-06-27 07:00:00,9172.12,9178.46,9152.68,9166.6,112.48923454,NO_PATTERN,NO_PATTERN
2020-06-27 08:00:00,9165.99,9188.14,9150.0,9151.38,128.79905609,NO_PATTERN,NO_PATTERN
2020-06-27 09:00:00,9152.68,9161.63,9130.01,9135.45,125.5399606,NO_PATTERN,NO_PATTERN
2020-06-27 10:00:00,9134.94,9159.48,9129.36,9134.18,79.17724628,DOJI,Neutral
2020-06-27 11:00:00,9134.18,9184.93,9125.0,9152.53,183.52901471,MORNINGSTAR,Neutral
2020-06-27 12:00:00,9152.54,9169.14,9137.84,9152.7,126.12157153,DOJI,Neutral
2020-06-27 13:00:00,9152.7,9170.0,9135.45,9147.5,154.68442589,NO_PATTERN,NO_PATTERN
2020-06-27 14:00:00,9147.5,9157.21,9119.08,9140.4,131.87641499,NO_PATTERN,NO_PATTERN
2020-06-27 15:00:00,9140.4,9160.0,9104.43,9123.16,250.88835678,NO_PATTERN,NO_PATTERN
2020-06-27 16:00:00,9123.16,9131.42,9058.6,9092.51,447.49491367999997,NO_PATTERN,NO_PATTERN
2020-06-27 17:00:00,9091.47,9137.5,9050.0,9072.18,391.70272528,NO_PATTERN,NO_PATTERN
2020-06-27 18:00:00,9071.34,9100.0,9060.0,9080.24,252.02035249,NO_PATTERN,NO_PATTERN
2020-06-27 19:00:00,9080.24,9094.78,8815.01,8927.78,2459.6408537800003,NO_PATTERN,NO_PATTERN
2020-06-27 20:00:00,8927.71,8985.28,8890.77,8944.47,1006.99798029,NO_PATTERN,NO_PATTERN
2020-06-27 21:00:00,8944.48,9091.62,8935.3,9050.0,499.08679007,NO_PATTERN,NO_PATTERN
2020-06-27 22:00:00,9053.0,9070.0,8957.52,8965.76,483.66493117,NO_PATTERN,NO_PATTERN
2020-06-27 23:00:00,8965.75,9040.41,8937.0,9002.46,457.43677701,NO_PATTERN,NO_PATTERN
2020-06-28 00:00:00,9002.38,9005.93,8950.0,8972.02,375.58545644,NO_PATTERN,NO_PATTERN
2020-06-28 01:00:00,8972.27,8985.51,8940.64,8965.26,217.80990017,DOJI,Neutral
2020-06-28 02:00:00,8964.47,8975.68,8945.53,8973.75,138.66523712,ENGULFING,Bull
2020-06-28 03:00:00,8974.15,8979.44,8931.77,8967.8,225.60186955,DRAGONFLYDOJI,Neutral
2020-06-28 04:00:00,8967.79,8970.97,8943.05,8960.4,166.88950077,DRAGONFLYDOJI,Neutral
2020-06-28 05:00:00,8959.82,8970.76,8953.4,8956.13,107.85964887,INVERTEDHAMMER,Neutral
2020-06-28 06:00:00,8955.92,9015.0,8955.92,9003.68,139.28953526,3LINESTRIKE,Bear
2020-06-28 07:00:00,9003.69,9026.99,8984.47,9017.57,126.56981913,NO_PATTERN,NO_PATTERN
2020-06-28 08:00:00,9016.55,9071.51,8996.66,9044.24,214.22411355,NO_PATTERN,NO_PATTERN
2020-06-28 09:00:00,9044.23,9068.14,9034.39,9064.73,158.82347307999999,NO_PATTERN,NO_PATTERN
2020-06-28 10:00:00,9064.73,9073.88,9045.78,9047.73,187.85046185,NO_PATTERN,NO_PATTERN
2020-06-28 11:00:00,9047.73,9073.76,9038.77,9046.11,184.8973729,DOJI,Neutral
2020-06-28 12:00:00,9046.11,9063.3,9015.19,9047.76,218.80663875,DOJI,Neutral
2020-06-28 13:00:00,9047.76,9056.53,9034.05,9049.99,236.91216627,DOJI,Neutral
2020-06-28 14:00:00,9049.99,9174.86,9049.99,9153.67,760.44870442,NO_PATTERN,NO_PATTERN
2020-06-28 15:00:00,9155.69,9161.33,9133.51,9157.0,282.35415661,DRAGONFLYDOJI,Neutral
2020-06-28 16:00:00,9157.0,9189.0,9137.0,9143.87,364.46301547,NO_PATTERN,NO_PATTERN
2020-06-28 17:00:00,9145.0,9154.0,9114.0,9152.4,219.48035055,HAMMER,Neutral
2020-06-28 18:00:00,9151.93,9164.5,9145.01,9150.3,135.39431984,DOJI,Neutral
2020-06-28 19:00:00,9150.3,9165.58,9092.25,9106.37,313.00618474,NO_PATTERN,NO_PATTERN
2020-06-28 20:00:00,9103.9,9137.34,9090.36,9110.3,163.23308069,NO_PATTERN,NO_PATTERN
2020-06-28 21:00:00,9110.3,9127.15,9086.74,9122.0,112.10117855,NO_PATTERN,NO_PATTERN
2020-06-28 22:00:00,9122.0,9122.0,9070.42,9099.08,254.19004443,NO_PATTERN,NO_PATTERN
2020-06-28 23:00:00,9099.08,9129.96,9086.48,9113.24,218.8184273,NO_PATTERN,NO_PATTERN
2020-06-29 00:00:00,9113.23,9129.33,9089.44,9117.16,148.88893248,DOJI,Neutral
2020-06-29 01:00:00,9117.82,9134.63,9109.0,9134.62,264.70500019,NO_PATTERN,NO_PATTERN
2020-06-29 02:00:00,9134.63,9140.52,9114.12,9119.98,252.7313851,NO_PATTERN,NO_PATTERN
2020-06-29 03:00:00,9119.98,9119.98,9077.53,9091.94,271.05678176,NO_PATTERN,NO_PATTERN
2020-06-29 04:00:00,9090.0,9113.63,9081.38,9105.02,164.48638091,NO_PATTERN,NO_PATTERN
2020-06-29 05:00:00,9105.01,9119.47,9095.68,9103.28,148.04259882,DOJI,Neutral
2020-06-29 06:00:00,9103.29,9103.29,9071.51,9071.83,213.68343252,NO_PATTERN,NO_PATTERN
2020-06-29 07:00:00,9071.83,9098.36,9054.12,9082.76,307.72155035,NO_PATTERN,NO_PATTERN
2020-06-29 08:00:00,9082.75,9082.76,9054.12,9081.91,222.59592365,DRAGONFLYDOJI,Neutral
2020-06-29 09:00:00,9080.91,9128.88,9075.22,9126.79,250.63247335,ENGULFING,Bullish
2020-06-29 10:00:00,9126.79,9129.21,9095.28,9104.1,198.42234277,NO_PATTERN,NO_PATTERN
2020-06-29 11:00:00,9103.97,9103.97,9060.01,9083.21,385.62997791,NO_PATTERN,NO_PATTERN
2020-06-29 12:00:00,9083.21,9112.0,9074.87,9097.05,380.77902231999997,NO_PATTERN,NO_PATTERN
2020-06-29 13:00:00,9097.04,9097.05,9014.0,9036.41,816.47119771,NO_PATTERN,NO_PATTERN
2020-06-29 14:00:00,9036.41,9084.71,9035.27,9058.0,500.44487347,NO_PATTERN,NO_PATTERN
2020-06-29 15:00:00,9058.12,9132.0,9057.2,9120.0,603.15767233,NO_PATTERN,NO_PATTERN
2020-06-29 16:00:00,9120.0,9149.99,9090.58,9114.92,603.80902582,NO_PATTERN,NO_PATTERN
2020-06-29 17:00:00,9115.09,9158.0,9101.0,9156.05,429.30998010999997,NO_PATTERN,NO_PATTERN
2020-06-29 18:00:00,9156.05,9174.36,9128.89,9138.61,455.67252525,NO_PATTERN,NO_PATTERN
2020-06-29 19:00:00,9138.61,9161.64,9126.55,9153.49,380.65042488,NO_PATTERN,NO_PATTERN
2020-06-29 20:00:00,9153.5,9194.96,9146.76,9179.48,539.1999789,NO_PATTERN,NO_PATTERN
2020-06-29 21:00:00,9179.49,9236.75,9179.49,9208.78,542.9863806,NO_PATTERN,NO_PATTERN
2020-06-29 22:00:00,9210.0,9234.3,9178.11,9183.95,317.12321912,NO_PATTERN,NO_PATTERN
2020-06-29 23:00:00,9183.94,9195.52,9164.41,9184.45,249.43610934,DOJI,Neutral
2020-06-30 00:00:00,9188.79,9199.88,9167.74,9171.9,196.75514307,ENGULFING,Bearish
2020-06-30 01:00:00,9172.27,9201.0,9153.4,9201.0,473.76221737000003,NO_PATTERN,NO_PATTERN
2020-06-30 02:00:00,9199.23,9199.99,9172.58,9180.17,139.23216324,HARAMI,Bearish
2020-06-30 03:00:00,9180.16,9181.93,9160.03,9160.55,134.06943088,NO_PATTERN,NO_PATTERN
2020-06-30 04:00:00,9160.54,9175.0,9154.16,9156.44,190.55826796,INVERTEDHAMMER,Neutral
2020-06-30 05:00:00,9156.44,9160.0,9112.0,9121.87,354.63752241,NO_PATTERN,NO_PATTERN
2020-06-30 06:00:00,9121.87,9148.3,9111.11,9142.73,232.53888525,NO_PATTERN,NO_PATTERN
2020-06-30 07:00:00,9142.73,9150.99,9123.25,9137.27,112.17731164,NO_PATTERN,NO_PATTERN
2020-06-30 08:00:00,9137.26,9139.0,9115.93,9128.87,153.20280807,HAMMER,Neutral
2020-06-30 09:00:00,9128.88,9165.69,9128.87,9150.09,163.73555461,NO_PATTERN,NO_PATTERN
2020-06-30 10:00:00,9150.28,9168.47,9143.27,9146.38,169.69408545000002,NO_PATTERN,NO_PATTERN
2020-06-30 11:00:00,9146.38,9155.0,9129.4,9146.29,115.16700554,DOJI,Neutral
2020-06-30 12:00:00,9146.29,9146.29,9108.32,9118.02,361.36419017000003,NO_PATTERN,NO_PATTERN
2020-06-30 13:00:00,9117.03,9154.0,9059.6,9128.75,771.39494044,NO_PATTERN,NO_PATTERN
2020-06-30 14:00:00,9128.74,9183.41,9125.54,9181.74,493.1538355,NO_PATTERN,NO_PATTERN
2020-06-30 15:00:00,9181.74,9191.28,9158.07,9164.28,493.2153886,NO_PATTERN,NO_PATTERN
2020-06-30 16:00:00,9164.28,9186.07,9153.13,9173.17,272.64739333,NO_PATTERN,NO_PATTERN
2020-06-30 17:00:00,9173.17,9176.71,9125.0,9143.13,436.72176419,NO_PATTERN,NO_PATTERN
2020-06-30 18:00:00,9143.12,9148.62,9125.02,9126.38,251.82349679,NO_PATTERN,NO_PATTERN
2020-06-30 19:00:00,9126.36,9150.0,9089.83,9134.09,307.96303310999997,NO_PATTERN,NO_PATTERN
2020-06-30 20:00:00,9131.01,9155.36,9128.06,9148.62,218.09344173,NO_PATTERN,NO_PATTERN
2020-06-30 21:00:00,9149.12,9172.0,9149.11,9162.11,286.63525504,NO_PATTERN,NO_PATTERN
2020-06-30 22:00:00,9162.11,9164.21,9121.56,9129.27,223.4062533,NO_PATTERN,NO_PATTERN
2020-06-30 23:00:00,9129.28,9155.34,9126.43,9136.2,218.3583096,HARAMI,Bullish
2020-07-01 00:00:00,9135.91,9137.38,9088.0,9122.84,298.5050793,HAMMER,Neutral
2020-07-01 01:00:00,9122.84,9129.06,9100.01,9124.32,266.82051494,DOJI,Neutral
2020-07-01 02:00:00,9124.32,9145.39,9113.46,9134.65,307.07707082,NO_PATTERN,NO_PATTERN
2020-07-01 03:00:00,9132.93,9138.97,9112.39,9136.13,211.99793099000001,DRAGONFLYDOJI,Neutral
2020-07-01 04:00:00,9136.13,9164.7,9136.13,9149.53,306.54830785,NO_PATTERN,NO_PATTERN
2020-07-01 05:00:00,9148.26,9152.5,9132.13,9143.01,121.73182032,HARAMI,Bearish
2020-07-01 06:00:00,9143.01,9146.42,9125.31,9135.11,154.84319582,NO_PATTERN,NO_PATTERN
2020-07-01 07:00:00,9135.11,9152.72,9132.96,9133.17,196.14292619,GRAVESTONEDOJI,Neutral
2020-07-01 08:00:00,9133.17,9189.99,9133.16,9171.09,620.4386517,NO_PATTERN,NO_PATTERN
2020-07-01 09:00:00,9171.1,9183.14,9151.99,9164.81,162.65509929,NO_PATTERN,NO_PATTERN
2020-07-01 10:00:00,9164.81,9175.56,9140.7,9149.49,218.38776449,NO_PATTERN,NO_PATTERN
2020-07-01 11:00:00,9149.49,9160.7,9132.27,9159.95,154.64644329,NO_PATTERN,NO_PATTERN
2020-07-01 12:00:00,9159.94,9164.0,9133.3,9164.0,145.09280585,NO_PATTERN,NO_PATTERN
2020-07-01 13:00:00,9163.99,9260.0,9153.87,9212.16,1104.47346507,NO_PATTERN,NO_PATTERN
2020-07-01 14:00:00,9214.73,9249.99,9209.64,9224.25,512.49564496,NO_PATTERN,NO_PATTERN
2020-07-01 15:00:00,9224.99,9269.99,9219.41,9269.99,480.81206993,NO_PATTERN,NO_PATTERN
2020-07-01 16:00:00,9269.99,9297.2,9242.52,9287.81,544.45962701,NO_PATTERN,NO_PATTERN
2020-07-01 17:00:00,9289.15,9291.93,9263.54,9287.28,328.43901425,DRAGONFLYDOJI,Neutral
2020-07-01 18:00:00,9287.27,9289.0,9251.01,9255.65,263.46609898,NO_PATTERN,NO_PATTERN
2020-07-01 19:00:00,9255.65,9276.09,9239.0,9242.42,271.62529689,NO_PATTERN,NO_PATTERN
2020-07-01 20:00:00,9242.42,9263.85,9235.0,9236.21,279.44546198,NO_PATTERN,NO_PATTERN
2020-07-01 21:00:00,9236.32,9249.07,9220.88,9241.76,227.46950217,NO_PATTERN,NO_PATTERN
2020-07-01 22:00:00,9241.75,9250.0,9214.65,9245.0,176.89508145,DOJI,Neutral
2020-07-01 23:00:00,9245.0,9255.0,9228.98,9239.97,182.83098237,NO_PATTERN,NO_PATTERN
2020-07-02 00:00:00,9239.41,9250.9,9221.79,9231.91,180.14648437,NO_PATTERN,NO_PATTERN
2020-07-02 01:00:00,9231.75,9252.54,9228.46,9252.54,162.40584734,ENGULFING,Bullish
2020-07-02 02:00:00,9251.49,9265.0,9244.0,9244.01,200.60664103,HARAMI,Bearish
2020-07-02 03:00:00,9244.01,9256.83,9237.63,9239.12,183.85090495,NO_PATTERN,NO_PATTERN
2020-07-02 04:00:00,9239.12,9246.07,9230.06,9239.43,190.49542831,DOJI,Neutral
2020-07-02 05:00:00,9239.43,9257.1,9205.0,9210.85,254.9127859,NO_PATTERN,NO_PATTERN
2020-07-02 06:00:00,9210.84,9213.52,9169.35,9201.69,443.38966837,NO_PATTERN,NO_PATTERN
2020-07-02 07:00:00,9201.69,9218.0,9198.64,9209.0,130.50423294,NO_PATTERN,NO_PATTERN
2020-07-02 08:00:00,9209.0,9218.23,9170.0,9210.71,190.96314062,DOJI,Neutral
2020-07-02 09:00:00,9211.04,9217.49,9200.15,9211.39,115.51815993,DOJI,Neutral
2020-07-02 10:00:00,9211.38,9212.0,9180.0,9204.35,224.94882864000002,HAMMER,Neutral
2020-07-02 11:00:00,9204.34,9204.35,9170.0,9197.79,205.69722315,NO_PATTERN,NO_PATTERN
2020-07-02 12:00:00,9196.15,9245.51,9181.82,9244.81,368.60048674,ENGULFING,Bullish
2020-07-02 13:00:00,9244.81,9256.0,9227.16,9250.33,417.75606813999997,NO_PATTERN,NO_PATTERN
2020-07-02 14:00:00,9249.75,9258.0,9188.31,9194.8,437.9180422,NO_PATTERN,NO_PATTERN
2020-07-02 15:00:00,9194.81,9194.81,9013.0,9044.06,2759.30302667,NO_PATTERN,NO_PATTERN
2020-07-02 16:00:00,9044.05,9068.37,8938.0,9036.3,1366.54733641,NO_PATTERN,NO_PATTERN
2020-07-02 17:00:00,9036.3,9075.28,9013.87,9067.95,567.87053818,NO_PATTERN,NO_PATTERN
2020-07-02 18:00:00,9067.96,9078.93,9026.59,9069.11,468.41893126,DOJI,Neutral
2020-07-02 19:00:00,9069.11,9077.57,9026.97,9052.75,414.87820072,NO_PATTERN,NO_PATTERN
2020-07-02 20:00:00,9052.75,9089.16,9032.2,9082.47,308.42113362,NO_PATTERN,NO_PATTERN
2020-07-02 21:00:00,9082.46,9159.0,9072.75,9132.07,601.5717068199999,NO_PATTERN,NO_PATTERN
2020-07-02 22:00:00,9133.65,9150.92,9087.61,9104.71,321.67537095,NO_PATTERN,NO_PATTERN
2020-07-02 23:00:00,9104.71,9104.71,9082.57,9091.53,243.60233415,NO_PATTERN,NO_PATTERN
2020-07-03 00:00:00,9091.98,9104.04,9067.88,9097.1,250.96849305,HAMMER,Neutral
2020-07-03 01:00:00,9097.61,9125.34,9088.38,9109.24,339.53135137,NO_PATTERN,NO_PATTERN
2020-07-03 02:00:00,9109.24,9118.17,9095.55,9097.04,439.20044208999997,NO_PATTERN,NO_PATTERN
2020-07-03 03:00:00,9097.05,9106.07,9087.05,9091.75,210.70311296,NO_PATTERN,NO_PATTERN
2020-07-03 04:00:00,9091.75,9094.81,9080.0,9093.86,224.63762739,HAMMER,Neutral
2020-07-03 05:00:00,9093.86,9114.03,9082.95,9109.51,308.02281711,NO_PATTERN,NO_PATTERN
2020-07-03 06:00:00,9109.51,9118.77,9093.12,9093.13,212.37814403000002,NO_PATTERN,NO_PATTERN
2020-07-03 07:00:00,9093.13,9111.24,9089.56,9103.82,489.94330505,NO_PATTERN,NO_PATTERN
2020-07-03 08:00:00,9104.44,9126.12,9092.35,9099.88,217.29851414,NO_PATTERN,NO_PATTERN
2020-07-03 09:00:00,9099.87,9111.84,9038.87,9078.78,448.33142427,NO_PATTERN,NO_PATTERN
2020-07-03 10:00:00,9078.7,9091.26,9052.16,9081.69,283.73892631,DOJI,Neutral
2020-07-03 11:00:00,9080.11,9098.71,9070.0,9098.7,215.56259603,NO_PATTERN,NO_PATTERN
2020-07-03 12:00:00,9098.71,9117.24,9092.71,9112.12,661.79790367,NO_PATTERN,NO_PATTERN
2020-07-03 13:00:00,9112.12,9125.01,9088.82,9090.32,419.55139237000003,NO_PATTERN,NO_PATTERN
2020-07-03 14:00:00,9090.32,9101.23,9073.12,9086.4,385.88936347,NO_PATTERN,NO_PATTERN
2020-07-03 15:00:00,9086.39,9104.16,9086.39,9102.52,247.11568773,ENGULFING,Bullish
2020-07-03 16:00:00,9102.55,9111.0,9083.87,9092.34,367.01422953,NO_PATTERN,NO_PATTERN
2020-07-03 17:00:00,9092.34,9106.3,9085.99,9089.01,197.00421489000001,NO_PATTERN,NO_PATTERN
2020-07-03 18:00:00,9089.0,9094.03,9072.42,9079.19,273.20008123,NO_PATTERN,NO_PATTERN
2020-07-03 19:00:00,9079.19,9090.0,9070.16,9089.57,273.34565279,NO_PATTERN,NO_PATTERN
2020-07-03 20:00:00,9089.01,9097.0,9071.24,9093.0,295.75269056,NO_PATTERN,NO_PATTERN
2020-07-03 21:00:00,9092.99,9100.95,9086.36,9100.23,312.05906821,NO_PATTERN,NO_PATTERN
2020-07-03 22:00:00,9099.38,9103.11,9083.43,9085.26,241.97886962,NO_PATTERN,NO_PATTERN
2020-07-03 23:00:00,9085.24,9085.24,9036.74,9063.87,392.3899192,NO_PATTERN,NO_PATTERN
2020-07-04 00:00:00,9059.73,9080.48,9043.14,9072.47,243.24861694999998,NO_PATTERN,NO_PATTERN
2020-07-04 01:00:00,9072.47,9078.85,9051.54,9073.64,175.72120132999999,DOJI,Neutral
2020-07-04 02:00:00,9073.64,9093.73,9066.33,9085.98,186.68281853,NO_PATTERN,NO_PATTERN
2020-07-04 03:00:00,9085.97,9098.28,9075.86,9083.29,107.78014743,HARAMI,Bearish
2020-07-04 04:00:00,9083.29,9093.75,9078.57,9085.52,107.52663158,DOJI,Neutral
2020-07-04 05:00:00,9084.59,9092.0,9072.68,9091.26,210.61902774,HAMMER,Neutral
2020-07-04 06:00:00,9091.26,9091.98,9066.68,9077.09,190.58233392,NO_PATTERN,NO_PATTERN
2020-07-04 07:00:00,9077.07,9085.01,9067.3,9073.77,88.25973448,NO_PATTERN,NO_PATTERN
2020-07-04 08:00:00,9073.01,9086.16,9072.83,9077.44,57.08569451,ENGULFING,Bullish
2020-07-04 09:00:00,9077.45,9079.7,9069.33,9075.16,53.92006597,HAMMER,Neutral
2020-07-04 10:00:00,9075.33,9075.57,9060.57,9064.16,61.09206742,NO_PATTERN,NO_PATTERN
2020-07-04 11:00:00,9063.52,9078.25,9056.44,9062.22,140.58202507,DOJI,Neutral
2020-07-04 12:00:00,9061.73,9078.24,9039.84,9072.4,154.94390343,MORNINGSTAR,Neutral
2020-07-04 13:00:00,9072.65,9087.03,9069.01,9080.67,106.88801344,NO_PATTERN,NO_PATTERN
2020-07-04 14:00:00,9080.67,9086.0,9070.85,9072.96,153.17112595,NO_PATTERN,NO_PATTERN
2020-07-04 15:00:00,9072.96,9074.89,9051.27,9067.15,187.11544099,HAMMER,Neutral
2020-07-04 16:00:00,9067.15,9076.29,9061.09,9075.97,156.23235472,NO_PATTERN,NO_PATTERN
2020-07-04 17:00:00,9076.15,9195.84,9070.87,9169.81,699.54527734,NO_PATTERN,NO_PATTERN
2020-07-04 18:00:00,9169.81,9195.74,9130.33,9143.96,1083.4389043,NO_PATTERN,NO_PATTERN
2020-07-04 19:00:00,9143.96,9143.96,9108.82,9128.59,319.80275604,HAMMER,Neutral
2020-07-04 20:00:00,9128.59,9148.19,9121.19,9130.99,137.53631729,DOJI,Neutral
2020-07-04 21:00:00,9130.27,9138.0,9118.74,9121.95,471.18420304,NO_PATTERN,NO_PATTERN
2020-07-04 22:00:00,9121.94,9133.15,9115.0,9131.67,108.12466657,ENGULFING,Bullish
2020-07-04 23:00:00,9131.58,9143.19,9115.0,9138.51,84.35523301,NO_PATTERN,NO_PATTERN
2020-07-05 00:00:00,9138.51,9145.0,9127.6,9136.13,84.84921317,DOJI,Neutral
2020-07-05 01:00:00,9135.52,9137.94,9122.07,9130.09,52.61822962,HAMMER,Neutral
2020-07-05 02:00:00,9130.27,9132.96,9117.56,9120.94,66.87373457,NO_PATTERN,NO_PATTERN
2020-07-05 03:00:00,9121.99,9129.62,9115.5,9129.03,130.53764892,NO_PATTERN,NO_PATTERN
2020-07-05 04:00:00,9129.02,9129.03,9116.76,9125.65,73.25648029,NO_PATTERN,NO_PATTERN
2020-07-05 05:00:00,9125.02,9126.31,9064.35,9075.04,178.45459712,NO_PATTERN,NO_PATTERN
2020-07-05 06:00:00,9075.03,9085.34,9055.01,9059.04,193.69933004,NO_PATTERN,NO_PATTERN
2020-07-05 07:00:00,9059.22,9071.38,9040.01,9066.13,182.61546933,HARAMI,Bullish
2020-07-05 08:00:00,9063.81,9076.29,9052.51,9070.45,88.82564077,NO_PATTERN,NO_PATTERN
2020-07-05 09:00:00,9070.45,9075.51,8992.0,9018.6,364.97650547,NO_PATTERN,NO_PATTERN
2020-07-05 10:00:00,9018.59,9045.51,8993.08,9028.74,220.41567134,NO_PATTERN,NO_PATTERN
2020-07-05 11:00:00,9028.74,9044.09,9028.73,9037.01,81.7088427,NO_PATTERN,NO_PATTERN
2020-07-05 12:00:00,9037.01,9047.82,9010.41,9043.62,298.92427534,NO_PATTERN,NO_PATTERN
2020-07-05 13:00:00,9043.62,9043.62,9009.8,9013.02,215.13949655,NO_PATTERN,NO_PATTERN
2020-07-05 14:00:00,9010.55,9038.91,9001.17,9034.07,189.05366672,NO_PATTERN,NO_PATTERN
2020-07-05 15:00:00,9037.71,9072.33,9018.94,9029.99,189.12583225999998,NO_PATTERN,NO_PATTERN
2020-07-05 16:00:00,9029.99,9050.5,9020.2,9034.45,171.59167824,NO_PATTERN,NO_PATTERN
2020-07-05 17:00:00,9034.61,9046.13,9026.06,9033.01,131.30190381,DOJI,Neutral
2020-07-05 18:00:00,9033.01,9045.2,9030.47,9043.5,135.23670867,NO_PATTERN,NO_PATTERN
2020-07-05 19:00:00,9043.5,9053.45,9027.59,9031.09,121.39763866,NO_PATTERN,NO_PATTERN
2020-07-05 20:00:00,9031.1,9034.77,9011.1,9014.57,153.91485762,NO_PATTERN,NO_PATTERN
2020-07-05 21:00:00,9014.56,9053.0,8905.84,9035.48,696.5394633,ENGULFING,Bullish
2020-07-05 22:00:00,9036.5,9100.0,9027.38,9078.2,291.97893496,NO_PATTERN,NO_PATTERN
2020-07-05 23:00:00,9078.2,9100.0,9063.87,9074.39,268.96181373,DOJI,Neutral
2020-07-06 00:00:00,9074.37,9090.7,9061.59,9067.96,226.91134729,NO_PATTERN,NO_PATTERN
2020-07-06 01:00:00,9067.97,9089.45,9067.96,9084.83,279.16727444,NO_PATTERN,NO_PATTERN
2020-07-06 02:00:00,9084.83,9120.0,9084.83,9094.97,296.39574711,NO_PATTERN,NO_PATTERN
2020-07-06 03:00:00,9094.96,9100.23,9080.68,9090.0,121.34304747,NO_PATTERN,NO_PATTERN
2020-07-06 04:00:00,9090.0,9100.17,9082.27,9093.54,157.84421186,DOJI,Neutral
2020-07-06 05:00:00,9094.59,9112.88,9084.4,9112.88,186.24866466,NO_PATTERN,NO_PATTERN
2020-07-06 06:00:00,9112.87,9238.36,9107.98,9224.68,1010.2287196499999,NO_PATTERN,NO_PATTERN
2020-07-06 07:00:00,9225.18,9239.77,9180.53,9202.07,257.35939024,NO_PATTERN,NO_PATTERN
2020-07-06 08:00:00,9201.89,9205.0,9183.12,9193.45,81.4066744,NO_PATTERN,NO_PATTERN
2020-07-06 09:00:00,9193.65,9204.69,9182.84,9204.38,93.65860637,NO_PATTERN,NO_PATTERN
2020-07-06 10:00:00,9203.86,9205.0,9177.0,9194.76,157.43792798,NO_PATTERN,NO_PATTERN
2020-07-06 11:00:00,9194.77,9229.87,9193.59,9226.0,371.03095523999997,NO_PATTERN,NO_PATTERN
2020-07-06 12:00:00,9226.01,9276.96,9195.29,9270.58,646.63952496,NO_PATTERN,NO_PATTERN
2020-07-06 13:00:00,9271.2,9275.0,9236.85,9253.31,531.48524889,NO_PATTERN,NO_PATTERN
2020-07-06 14:00:00,9255.04,9260.66,9230.02,9255.99,422.94032402,DOJI,Neutral
2020-07-06 15:00:00,9256.0,9321.0,9247.61,9305.01,1105.51646959,NO_PATTERN,NO_PATTERN
2020-07-06 16:00:00,9305.01,9352.15,9295.23,9315.67,887.42302032,NO_PATTERN,NO_PATTERN
2020-07-06 17:00:00,9315.67,9324.32,9307.04,9312.61,342.24654399,DOJI,Neutral
2020-07-06 18:00:00,9310.82,9319.09,9287.64,9296.9,315.30823683,NO_PATTERN,NO_PATTERN
2020-07-06 19:00:00,9296.89,9300.0,9259.05,9291.94,452.85359589,HAMMER,Neutral
2020-07-06 20:00:00,9291.41,9299.39,9258.0,9277.05,404.83612258,NO_PATTERN,NO_PATTERN
2020-07-06 21:00:00,9277.01,9300.0,9271.72,9271.72,480.67363993,INVERTEDHAMMER,Neutral
2020-07-06 22:00:00,9274.31,9297.43,9268.06,9290.36,409.53805576,NO_PATTERN,NO_PATTERN
2020-07-06 23:00:00,9290.76,9375.9,9277.24,9343.31,709.64031161,NO_PATTERN,NO_PATTERN
2020-07-07 00:00:00,9343.31,9379.34,9329.5,9329.5,392.23054853,NO_PATTERN,NO_PATTERN
2020-07-07 01:00:00,9329.3,9333.45,9304.39,9312.01,233.79906179,NO_PATTERN,NO_PATTERN
2020-07-07 02:00:00,9312.0,9312.01,9251.02,9279.49,572.78370743,NO_PATTERN,NO_PATTERN
2020-07-07 03:00:00,9277.25,9310.0,9273.24,9295.92,215.77592868,NO_PATTERN,NO_PATTERN
2020-07-07 04:00:00,9295.61,9298.34,9280.0,9280.01,171.92331088,HARAMI,Bearish
2020-07-07 05:00:00,9280.01,9291.86,9265.14,9284.32,165.61753687,DOJI,Neutral
2020-07-07 06:00:00,9285.43,9285.9,9242.8,9274.15,202.40483461,ENGULFING,Bearish
2020-07-07 07:00:00,9274.15,9274.15,9236.2,9260.02,160.70049824,NO_PATTERN,NO_PATTERN
2020-07-07 08:00:00,9260.01,9274.69,9245.22,9266.93,178.65567031,NO_PATTERN,NO_PATTERN
2020-07-07 09:00:00,9266.92,9266.93,9220.89,9223.13,256.4177802,NO_PATTERN,NO_PATTERN
2020-07-07 10:00:00,9223.12,9250.66,9217.51,9244.97,175.66896931,NO_PATTERN,NO_PATTERN
2020-07-07 11:00:00,9244.96,9273.91,9240.38,9270.0,90.98227772,NO_PATTERN,NO_PATTERN
2020-07-07 12:00:00,9269.99,9289.69,9254.95,9268.01,225.2520259,HARAMI,Bear
2020-07-07 13:00:00,9268.01,9271.04,9235.37,9261.55,233.04178988,HAMMER,Neutral
2020-07-07 14:00:00,9260.74,9285.05,9243.98,9254.68,208.80926976,NO_PATTERN,NO_PATTERN
2020-07-07 15:00:00,9255.53,9275.42,9242.95,9274.3,305.59597094,NO_PATTERN,NO_PATTERN
2020-07-07 16:00:00,9274.31,9279.73,9251.9,9262.24,246.94710679,NO_PATTERN,NO_PATTERN
2020-07-07 17:00:00,9262.23,9284.88,9258.99,9283.88,258.93100869,ENGULFING,Bullish
2020-07-07 18:00:00,9284.08,9288.23,9259.32,9271.91,262.31725342,NO_PATTERN,NO_PATTERN
2020-07-07 19:00:00,9271.93,9272.53,9229.74,9237.68,347.93741678,NO_PATTERN,NO_PATTERN
2020-07-07 20:00:00,9237.08,9256.98,9201.57,9254.27,512.41346728,NO_PATTERN,NO_PATTERN
2020-07-07 21:00:00,9254.52,9258.56,9227.99,9247.11,336.26669922,NO_PATTERN,NO_PATTERN
2020-07-07 22:00:00,9247.11,9260.0,9231.47,9247.39,278.4562027,DOJI,Neutral
2020-07-07 23:00:00,9247.4,9269.0,9241.5,9253.94,283.6774514,NO_PATTERN,NO_PATTERN
2020-07-08 00:00:00,9253.94,9264.61,9232.2,9243.02,242.77594023,NO_PATTERN,NO_PATTERN
2020-07-08 01:00:00,9243.56,9278.0,9241.35,9276.91,241.13443163,NO_PATTERN,NO_PATTERN
2020-07-08 02:00:00,9276.92,9310.0,9276.92,9299.55,602.04738347,NO_PATTERN,NO_PATTERN
2020-07-08 03:00:00,9299.55,9321.25,9281.43,9307.6,325.42990261,NO_PATTERN,NO_PATTERN
2020-07-08 04:00:00,9307.6,9318.47,9254.07,9264.66,306.06262830000003,NO_PATTERN,NO_PATTERN
2020-07-08 05:00:00,9264.66,9279.63,9251.88,9270.01,205.53772299,NO_PATTERN,NO_PATTERN
2020-07-08 06:00:00,9270.0,9280.0,9258.71,9260.84,179.86981209,NO_PATTERN,NO_PATTERN
2020-07-08 07:00:00,9260.83,9292.48,9260.0,9281.64,227.51886596,ENGULFING,Bullish
2020-07-08 08:00:00,9281.65,9301.71,9266.92,9281.41,269.34025653,DOJI,Neutral
2020-07-08 09:00:00,9281.41,9290.36,9265.38,9280.7,128.65265435,DOJI,Neutral
2020-07-08 10:00:00,9279.45,9300.0,9279.45,9297.01,155.34338941,ENGULFING,Bullish
2020-07-08 11:00:00,9297.01,9313.01,9280.84,9312.66,375.14784966,NO_PATTERN,NO_PATTERN
2020-07-08 12:00:00,9312.66,9337.99,9283.32,9292.71,402.53349020999997,NO_PATTERN,NO_PATTERN
2020-07-08 13:00:00,9292.71,9462.11,9292.71,9444.76,1138.96827975,NO_PATTERN,NO_PATTERN
2020-07-08 14:00:00,9445.36,9475.0,9415.14,9429.99,881.6303312599999,NO_PATTERN,NO_PATTERN
2020-07-08 15:00:00,9429.99,9443.33,9391.72,9412.81,655.06474316,NO_PATTERN,NO_PATTERN
2020-07-08 16:00:00,9412.52,9435.36,9381.26,9416.17,567.23013281,DOJI,Neutral
2020-07-08 17:00:00,9416.48,9433.46,9403.28,9424.85,413.08612316,NO_PATTERN,NO_PATTERN
2020-07-08 18:00:00,9424.9,9432.36,9408.92,9419.48,444.07239733,NO_PATTERN,NO_PATTERN
2020-07-08 19:00:00,9419.48,9449.0,9418.8,9437.98,408.70249,NO_PATTERN,NO_PATTERN
2020-07-08 20:00:00,9437.97,9450.0,9412.31,9429.99,775.22365241,NO_PATTERN,NO_PATTERN
2020-07-08 21:00:00,9430.0,9439.59,9417.75,9432.25,435.4784569,DOJI,Neutral
2020-07-08 22:00:00,9432.24,9469.93,9429.33,9453.25,346.42810239,NO_PATTERN,NO_PATTERN
2020-07-08 23:00:00,9452.99,9453.28,9422.0,9435.28,354.27582618,NO_PATTERN,NO_PATTERN
2020-07-09 00:00:00,9435.28,9446.62,9395.0,9414.7,293.63812264,NO_PATTERN,NO_PATTERN
2020-07-09 01:00:00,9414.71,9415.04,9380.13,9382.17,276.77232115,NO_PATTERN,NO_PATTERN
2020-07-09 02:00:00,9382.62,9405.0,9359.53,9380.24,357.92595534000003,DOJI,Neutral
2020-07-09 03:00:00,9381.32,9391.0,9369.84,9387.81,150.66932854,NO_PATTERN,NO_PATTERN
2020-07-09 04:00:00,9387.8,9404.35,9372.42,9385.63,144.88396335,DOJI,Neutral
2020-07-09 05:00:00,9386.24,9404.26,9376.57,9378.85,137.28132496,NO_PATTERN,NO_PATTERN
2020-07-09 06:00:00,9378.49,9417.32,9377.26,9409.43,108.24269957,ENGULFING,Bullish
2020-07-09 07:00:00,9409.44,9409.44,9394.7,9399.93,234.4180729,NO_PATTERN,NO_PATTERN
2020-07-09 08:00:00,9399.93,9399.93,9389.11,9395.71,140.73735615,HAMMER,Neutral
2020-07-09 09:00:00,9395.72,9395.72,9378.7,9384.07,189.3915546,NO_PATTERN,NO_PATTERN
2020-07-09 10:00:00,9384.06,9384.06,9357.14,9364.76,275.25036268,NO_PATTERN,NO_PATTERN
2020-07-09 11:00:00,9364.75,9399.93,9354.18,9399.93,331.70923475,ENGULFING,Bullish
2020-07-09 12:00:00,9399.92,9432.16,9394.29,9423.34,211.23427248,NO_PATTERN,NO_PATTERN
2020-07-09 13:00:00,9424.07,9424.92,9377.0,9395.03,295.74718169,ENGULFING,Bearish
2020-07-09 14:00:00,9395.03,9396.77,9266.79,9297.43,724.34630641,NO_PATTERN,NO_PATTERN
2020-07-09 15:00:00,9296.24,9296.25,9154.79,9209.19,1753.49960526,NO_PATTERN,NO_PATTERN
2020-07-09 16:00:00,9209.19,9231.27,9190.0,9221.44,728.84601854,NO_PATTERN,NO_PATTERN
2020-07-09 17:00:00,9221.43,9239.36,9203.52,9208.97,459.03252056,NO_PATTERN,NO_PATTERN
2020-07-09 18:00:00,9208.97,9232.92,9200.14,9228.27,283.3873481,NO_PATTERN,NO_PATTERN
2020-07-09 19:00:00,9228.01,9234.57,9189.97,9220.0,416.0100887,NO_PATTERN,NO_PATTERN
2020-07-09 20:00:00,9220.0,9245.34,9207.92,9237.04,238.12886766,NO_PATTERN,NO_PATTERN
2020-07-09 21:00:00,9237.03,9256.54,9234.05,9251.36,256.37500527000003,NO_PATTERN,NO_PATTERN
2020-07-09 22:00:00,9251.48,9254.58,9214.98,9246.2,184.9163209,DRAGONFLYDOJI,Neutral
2020-07-09 23:00:00,9246.2,9246.2,9220.93,9236.95,194.95622499,NO_PATTERN,NO_PATTERN
2020-07-10 00:00:00,9236.95,9237.63,9210.36,9212.66,304.50062685,NO_PATTERN,NO_PATTERN
2020-07-10 01:00:00,9212.66,9228.38,9210.35,9220.43,160.58314003,NO_PATTERN,NO_PATTERN
2020-07-10 02:00:00,9220.44,9224.0,9191.91,9210.72,171.65530319,ENGULFING,Bearish
2020-07-10 03:00:00,9212.05,9230.19,9204.41,9215.07,178.03317069,DOJI,Neutral
2020-07-10 04:00:00,9216.1,9224.75,9118.0,9139.26,643.0137396800001,ENGULFING,Bearish
2020-07-10 05:00:00,9139.25,9160.0,9120.0,9144.56,393.97526722,NO_PATTERN,NO_PATTERN
2020-07-10 06:00:00,9144.55,9164.23,9130.99,9135.42,239.44230955,NO_PATTERN,NO_PATTERN
2020-07-10 07:00:00,9135.42,9159.54,9125.25,9148.22,273.88481155,NO_PATTERN,NO_PATTERN
2020-07-10 08:00:00,9149.68,9191.37,9148.77,9167.55,121.2236206,NO_PATTERN,NO_PATTERN
2020-07-10 09:00:00,9167.55,9184.57,9160.4,9182.32,120.34105381,NO_PATTERN,NO_PATTERN
2020-07-10 10:00:00,9182.32,9184.78,9162.35,9180.57,194.24830218,DRAGONFLYDOJI,Neutral
2020-07-10 11:00:00,9180.18,9200.0,9150.0,9157.43,240.60284427,NO_PATTERN,NO_PATTERN
2020-07-10 12:00:00,9157.43,9191.3,9157.09,9185.38,257.99370562,NO_PATTERN,NO_PATTERN
2020-07-10 13:00:00,9185.38,9218.44,9159.6,9175.52,423.11352051,NO_PATTERN,NO_PATTERN
2020-07-10 14:00:00,9175.52,9189.99,9160.86,9185.99,243.54446016,NO_PATTERN,NO_PATTERN
2020-07-10 15:00:00,9185.64,9244.88,9180.23,9240.0,387.08560798,NO_PATTERN,NO_PATTERN
2020-07-10 16:00:00,9240.9,9245.0,9211.0,9221.68,754.0824003500001,NO_PATTERN,NO_PATTERN
2020-07-10 17:00:00,9220.66,9226.17,9205.0,9220.96,195.59798464,DOJI,Neutral
2020-07-10 18:00:00,9220.96,9223.0,9203.3,9217.65,307.42393933,DRAGONFLYDOJI,Neutral
2020-07-10 19:00:00,9217.21,9239.99,9214.31,9234.18,237.00633889,ENGULFING,Bullish
2020-07-10 20:00:00,9234.28,9250.0,9229.23,9229.38,287.56632481,NO_PATTERN,NO_PATTERN
2020-07-10 21:00:00,9229.37,9235.12,9208.25,9217.53,204.3062918,NO_PATTERN,NO_PATTERN
2020-07-10 22:00:00,9217.53,9244.73,9212.66,9230.68,178.85943082,NO_PATTERN,NO_PATTERN
2020-07-10 23:00:00,9230.67,9322.23,9226.71,9291.05,364.11338187999996,NO_PATTERN,NO_PATTERN
2020-07-11 00:00:00,9291.04,9303.04,9270.0,9277.42,146.94865337,HARAMI,Bearish
2020-07-11 01:00:00,9278.88,9286.33,9267.07,9283.58,196.70210787,NO_PATTERN,NO_PATTERN
2020-07-11 02:00:00,9283.58,9289.47,9267.99,9277.52,85.35184527,NO_PATTERN,NO_PATTERN
2020-07-11 03:00:00,9277.52,9285.58,9260.0,9264.31,94.54943604,NO_PATTERN,NO_PATTERN
2020-07-11 04:00:00,9264.31,9279.25,9252.0,9255.38,157.11567344,NO_PATTERN,NO_PATTERN
2020-07-11 05:00:00,9255.38,9273.74,9255.38,9258.47,150.69237252,GRAVESTONEDOJI,Neutral
2020-07-11 06:00:00,9258.46,9271.02,9255.0,9257.29,85.05675301000001,GRAVESTONEDOJI,Neutral
2020-07-11 07:00:00,9257.29,9278.0,9257.29,9270.8,75.38450889,NO_PATTERN,NO_PATTERN
2020-07-11 08:00:00,9269.75,9271.86,9260.0,9260.11,109.40076588,NO_PATTERN,NO_PATTERN
2020-07-11 09:00:00,9260.11,9260.11,9182.35,9208.85,333.79627151,NO_PATTERN,NO_PATTERN
2020-07-11 10:00:00,9208.84,9235.59,9203.0,9211.67,114.22641008000001,NO_PATTERN,NO_PATTERN
2020-07-11 11:00:00,9211.18,9224.02,9200.84,9202.53,131.78317371,NO_PATTERN,NO_PATTERN
2020-07-11 12:00:00,9202.02,9226.56,9196.11,9210.04,140.95060415,NO_PATTERN,NO_PATTERN
2020-07-11 13:00:00,9210.62,9229.29,9198.78,9225.01,131.11677893,NO_PATTERN,NO_PATTERN
2020-07-11 14:00:00,9225.0,9235.6,9207.23,9233.01,139.71357832,NO_PATTERN,NO_PATTERN
2020-07-11 15:00:00,9233.01,9234.09,9223.56,9226.97,108.45762532,NO_PATTERN,NO_PATTERN
2020-07-11 16:00:00,9226.97,9252.28,9207.4,9214.52,178.87859427,NO_PATTERN,NO_PATTERN
2020-07-11 17:00:00,9214.71,9225.28,9203.17,9222.69,172.34033809,HARAMI,Bullish
2020-07-11 18:00:00,9222.72,9229.87,9208.18,9226.74,119.45212326,NO_PATTERN,NO_PATTERN
2020-07-11 19:00:00,9226.74,9227.49,9203.61,9208.05,130.33548811,NO_PATTERN,NO_PATTERN
2020-07-11 20:00:00,9208.04,9215.0,9201.87,9215.0,130.73044027,NO_PATTERN,NO_PATTERN
2020-07-11 21:00:00,9215.0,9225.0,9208.29,9223.61,135.43685351,NO_PATTERN,NO_PATTERN
2020-07-11 22:00:00,9223.61,9237.72,9212.41,9217.55,155.08275219,NO_PATTERN,NO_PATTERN
2020-07-11 23:00:00,9217.56,9253.17,9216.99,9235.0,137.35406704,NO_PATTERN,NO_PATTERN
2020-07-12 00:00:00,9235.0,9266.27,9231.59,9252.82,174.19708278,NO_PATTERN,NO_PATTERN
2020-07-12 01:00:00,9252.81,9295.0,9242.45,9271.9,208.9102044,NO_PATTERN,NO_PATTERN
2020-07-12 02:00:00,9271.9,9280.0,9260.66,9271.05,117.21279678,DOJI,Neutral
2020-07-12 03:00:00,9271.04,9289.27,9269.9,9275.51,222.58038348,ENGULFING,Bullish
2020-07-12 04:00:00,9279.46,9290.08,9264.03,9268.4,114.00141821000001,ENGULFING,Bearish
2020-07-12 05:00:00,9268.39,9275.0,9257.17,9270.03,149.30527064,DOJI,Neutral
2020-07-12 06:00:00,9270.02,9271.78,9254.47,9255.62,49.16691564,NO_PATTERN,NO_PATTERN
2020-07-12 07:00:00,9255.62,9265.66,9246.0,9255.51,65.51239213,DOJI,Neutral
2020-07-12 08:00:00,9255.5,9275.0,9251.82,9252.51,32.40225211,INVERTEDHAMMER,Neutral
2020-07-12 09:00:00,9252.51,9263.4,9240.13,9260.28,127.85246932,NO_PATTERN,NO_PATTERN
2020-07-12 10:00:00,9260.28,9269.01,9256.7,9259.41,97.96334923,DOJI,Neutral
2020-07-12 11:00:00,9259.4,9262.18,9244.45,9248.13,86.63447568000001,NO_PATTERN,NO_PATTERN
2020-07-12 12:00:00,9247.89,9270.56,9244.25,9268.34,122.92447486,ENGULFING,Bullish
2020-07-12 13:00:00,9268.35,9347.53,9187.77,9211.29,1299.63897664,ENGULFING,Bearish
2020-07-12 14:00:00,9213.45,9226.33,9200.01,9218.93,169.43308405,HARAMI,Bullish
2020-07-12 15:00:00,9218.02,9225.4,9209.55,9214.39,162.86194597,NO_PATTERN,NO_PATTERN
2020-07-12 16:00:00,9214.36,9225.52,9206.0,9216.23,131.136853,DOJI,Neutral
2020-07-12 17:00:00,9216.07,9219.88,9207.23,9216.83,139.55043345,DRAGONFLYDOJI,Neutral
2020-07-12 18:00:00,9216.83,9223.35,9210.33,9219.56,197.65122033,DOJI,Neutral
2020-07-12 19:00:00,9219.56,9235.0,9159.33,9221.84,447.96542547,DOJI,Neutral
2020-07-12 20:00:00,9220.35,9232.98,9216.31,9232.98,154.19122758,NO_PATTERN,NO_PATTERN
2020-07-12 21:00:00,9232.66,9277.58,9221.81,9270.01,329.4523229,NO_PATTERN,NO_PATTERN
2020-07-12 22:00:00,9270.01,9331.01,9270.0,9296.95,544.46017039,NO_PATTERN,NO_PATTERN
2020-07-12 23:00:00,9296.95,9305.66,9275.0,9303.37,250.53701846,NO_PATTERN,NO_PATTERN
2020-07-13 00:00:00,9303.38,9323.99,9265.64,9272.62,379.52387788,ENGULFING,Bearish
2020-07-13 01:00:00,9272.61,9308.47,9270.81,9281.79,457.59220374,NO_PATTERN,NO_PATTERN
2020-07-13 02:00:00,9281.79,9287.22,9272.0,9277.89,241.25457601,NO_PATTERN,NO_PATTERN
2020-07-13 03:00:00,9277.89,9287.94,9270.0,9270.01,221.96984536,NO_PATTERN,NO_PATTERN
2020-07-13 04:00:00,9270.0,9280.87,9262.67,9266.26,312.1372243,INVERTEDHAMMER,Neutral
2020-07-13 05:00:00,9265.62,9284.12,9265.62,9279.63,163.1757968,ENGULFING,Bullish
2020-07-13 06:00:00,9279.64,9291.94,9243.63,9260.63,272.48219697,ENGULFING,Bearish
2020-07-13 07:00:00,9260.64,9279.22,9258.36,9265.97,242.91507421,HARAMI,Bullish
2020-07-13 08:00:00,9265.97,9286.81,9264.88,9278.44,138.99668541,NO_PATTERN,NO_PATTERN
2020-07-13 09:00:00,9278.45,9288.44,9271.28,9281.98,157.23450086,NO_PATTERN,NO_PATTERN
2020-07-13 10:00:00,9284.71,9299.99,9264.87,9286.41,227.40230325,DOJI,Neutral
2020-07-13 11:00:00,9287.54,9314.21,9285.16,9306.6,215.37041313,NO_PATTERN,NO_PATTERN
2020-07-13 12:00:00,9306.45,9339.61,9275.0,9315.01,403.01634619,NO_PATTERN,NO_PATTERN
2020-07-13 13:00:00,9315.01,9335.15,9290.98,9318.27,514.48649304,NO_PATTERN,NO_PATTERN
2020-07-13 14:00:00,9318.27,9329.59,9300.0,9300.05,383.33614879,NO_PATTERN,NO_PATTERN
2020-07-13 15:00:00,9300.05,9317.56,9278.0,9287.97,437.51614091,NO_PATTERN,NO_PATTERN
2020-07-13 16:00:00,9287.36,9300.81,9285.59,9300.0,310.01460743,NO_PATTERN,NO_PATTERN
2020-07-13 17:00:00,9300.0,9321.04,9299.99,9316.1,467.82584102,NO_PATTERN,NO_PATTERN
2020-07-13 18:00:00,9316.09,9316.1,9260.66,9285.43,545.79755219,NO_PATTERN,NO_PATTERN
2020-07-13 19:00:00,9285.68,9285.69,9193.52,9229.69,998.32276026,NO_PATTERN,NO_PATTERN
2020-07-13 20:00:00,9229.64,9262.95,9214.0,9248.5,555.17789108,NO_PATTERN,NO_PATTERN
2020-07-13 21:00:00,9248.5,9264.82,9231.82,9247.46,394.94147988,DOJI,Neutral
2020-07-13 22:00:00,9247.45,9247.46,9218.0,9236.94,345.31281342,HAMMER,Neutral
2020-07-13 23:00:00,9236.95,9245.43,9219.01,9236.92,299.9247326,DOJI,Neutral
2020-07-14 00:00:00,9236.91,9239.28,9205.31,9217.41,461.98937,NO_PATTERN,NO_PATTERN
2020-07-14 01:00:00,9217.41,9238.57,9200.53,9231.58,208.18656564,NO_PATTERN,NO_PATTERN
2020-07-14 02:00:00,9231.58,9239.68,9213.99,9220.28,373.70962342,NO_PATTERN,NO_PATTERN
2020-07-14 03:00:00,9220.27,9228.41,9211.5,9213.12,270.40262288,INVERTEDHAMMER,Neutral
2020-07-14 04:00:00,9213.13,9213.13,9141.45,9185.03,833.00710119,NO_PATTERN,NO_PATTERN
2020-07-14 05:00:00,9186.0,9189.44,9171.54,9180.29,218.70418968,NO_PATTERN,NO_PATTERN
2020-07-14 06:00:00,9180.28,9200.0,9179.58,9185.92,105.43705395,NO_PATTERN,NO_PATTERN
2020-07-14 07:00:00,9185.92,9189.99,9175.87,9180.11,124.21677693,NO_PATTERN,NO_PATTERN
2020-07-14 08:00:00,9178.25,9203.0,9175.01,9191.54,84.63097512,ENGULFING,Bullish
2020-07-14 09:00:00,9191.54,9199.7,9186.89,9194.12,90.00713642,DOJI,Neutral
2020-07-14 10:00:00,9196.51,9197.38,9171.01,9174.98,134.32636123,ENGULFING,Bearish
2020-07-14 11:00:00,9180.28,9230.01,9100.0,9228.7,595.44457055,NO_PATTERN,NO_PATTERN
2020-07-14 12:00:00,9229.91,9240.64,9201.47,9205.35,220.86353495999998,NO_PATTERN,NO_PATTERN
2020-07-14 13:00:00,9205.71,9222.49,9189.82,9201.64,274.3570146,NO_PATTERN,NO_PATTERN
2020-07-14 14:00:00,9202.09,9217.5,9182.39,9211.44,328.57639478,NO_PATTERN,NO_PATTERN
2020-07-14 15:00:00,9211.45,9238.58,9206.52,9217.19,459.62766675,NO_PATTERN,NO_PATTERN
2020-07-14 16:00:00,9224.8,9233.56,9208.58,9223.08,383.22144646,DOJI,Neutral
2020-07-14 17:00:00,9223.08,9269.99,9223.0,9250.01,584.80635863,NO_PATTERN,NO_PATTERN
2020-07-14 18:00:00,9250.01,9260.0,9240.45,9250.52,287.53293272,DOJI,Neutral
2020-07-14 19:00:00,9250.2,9270.0,9243.65,9270.0,312.51247201,NO_PATTERN,NO_PATTERN
2020-07-14 20:00:00,9268.61,9278.08,9260.99,9272.84,336.26658278,NO_PATTERN,NO_PATTERN
2020-07-14 21:00:00,9272.84,9280.0,9235.02,9241.97,400.63864519,NO_PATTERN,NO_PATTERN
2020-07-14 22:00:00,9241.97,9268.78,9241.93,9253.57,219.0259794,NO_PATTERN,NO_PATTERN
2020-07-14 23:00:00,9253.57,9270.33,9248.1,9256.94,177.92951502,NO_PATTERN,NO_PATTERN
2020-07-15 00:00:00,9256.94,9273.98,9256.93,9259.82,201.86745441,GRAVESTONEDOJI,Neutral
2020-07-15 01:00:00,9259.82,9261.96,9240.07,9247.14,271.85631112,NO_PATTERN,NO_PATTERN
2020-07-15 02:00:00,9247.15,9249.99,9238.14,9243.34,178.38808158,NO_PATTERN,NO_PATTERN
2020-07-15 03:00:00,9243.35,9251.49,9230.0,9231.93,175.92711232,NO_PATTERN,NO_PATTERN
2020-07-15 04:00:00,9231.94,9244.0,9223.0,9241.51,206.65142950999999,NO_PATTERN,NO_PATTERN
2020-07-15 05:00:00,9241.51,9242.32,9234.64,9239.68,201.90806887,DRAGONFLYDOJI,Neutral
2020-07-15 06:00:00,9239.66,9242.0,9227.79,9231.3,145.1931013,NO_PATTERN,NO_PATTERN
2020-07-15 07:00:00,9230.25,9231.61,9214.57,9229.92,219.01609711999998,HAMMER,Neutral
2020-07-15 08:00:00,9229.92,9229.92,9197.22,9213.66,366.26442834,NO_PATTERN,NO_PATTERN
2020-07-15 09:00:00,9213.67,9219.71,9186.0,9219.46,192.76490825000002,HARAMI,Bullish
2020-07-15 10:00:00,9219.45,9242.55,9214.59,9235.56,281.58618249,NO_PATTERN,NO_PATTERN
2020-07-15 11:00:00,9235.56,9242.24,9210.0,9211.79,256.38505713,NO_PATTERN,NO_PATTERN
2020-07-15 12:00:00,9211.25,9241.78,9210.0,9238.31,345.7944764,ENGULFING,Bullish
2020-07-15 13:00:00,9237.32,9238.28,9213.16,9220.66,263.87758671,NO_PATTERN,NO_PATTERN
2020-07-15 14:00:00,9220.67,9240.01,9214.43,9239.77,299.79862173,NO_PATTERN,NO_PATTERN
2020-07-15 15:00:00,9239.78,9243.17,9187.6,9194.61,618.66979427,ENGULFING,Bearish
2020-07-15 16:00:00,9194.64,9208.27,9177.91,9205.32,437.91568414,HARAMI,Bullish
2020-07-15 17:00:00,9205.32,9216.97,9200.0,9200.01,288.69105129,NO_PATTERN,NO_PATTERN
2020-07-15 18:00:00,9200.0,9207.22,9154.01,9179.69,439.17651761,NO_PATTERN,NO_PATTERN
2020-07-15 19:00:00,9179.37,9187.46,9160.0,9173.37,439.32303071,NO_PATTERN,NO_PATTERN
2020-07-15 20:00:00,9173.37,9215.9,9171.44,9212.58,367.09383058,MORNINGSTAR,Neutral
2020-07-15 21:00:00,9212.58,9230.0,9200.01,9225.71,327.1838669,NO_PATTERN,NO_PATTERN
2020-07-15 22:00:00,9224.93,9230.01,9201.65,9201.99,339.0288136,NO_PATTERN,NO_PATTERN
2020-07-15 23:00:00,9202.0,9207.58,9181.36,9190.16,285.73421835,NO_PATTERN,NO_PATTERN
2020-07-16 00:00:00,9190.8,9211.82,9171.0,9206.39,352.00702473,NO_PATTERN,NO_PATTERN
2020-07-16 01:00:00,9206.39,9215.57,9200.0,9211.7,245.93308433,NO_PATTERN,NO_PATTERN
2020-07-16 02:00:00,9211.69,9216.02,9191.37,9193.0,171.72510676,NO_PATTERN,NO_PATTERN
2020-07-16 03:00:00,9192.95,9198.0,9185.0,9194.78,169.89605368,DOJI,Neutral
2020-07-16 04:00:00,9194.19,9207.58,9192.05,9197.0,177.01314525,GRAVESTONEDOJI,Neutral
2020-07-16 05:00:00,9197.0,9199.64,9180.81,9191.01,257.35996769,HAMMER,Neutral
2020-07-16 06:00:00,9191.0,9197.99,9140.02,9168.86,314.95216318,NO_PATTERN,NO_PATTERN
2020-07-16 07:00:00,9167.92,9167.92,9076.01,9110.94,664.33589089,NO_PATTERN,NO_PATTERN
2020-07-16 08:00:00,9110.93,9124.51,9090.68,9110.66,276.80023306,DOJI,Neutral
2020-07-16 09:00:00,9110.66,9110.66,9033.33,9059.56,763.5212368900001,NO_PATTERN,NO_PATTERN
2020-07-16 10:00:00,9058.22,9088.96,9005.0,9086.4,444.2878748,NO_PATTERN,NO_PATTERN
2020-07-16 11:00:00,9084.93,9096.05,9067.04,9068.39,347.77387106,HARAMI,Bearish
2020-07-16 12:00:00,9068.23,9091.41,9067.18,9071.09,316.62689181,GRAVESTONEDOJI,Neutral
2020-07-16 13:00:00,9071.09,9089.29,9060.0,9074.95,390.64053561,DOJI,Neutral
2020-07-16 14:00:00,9075.92,9110.11,9061.33,9102.98,462.44680435,NO_PATTERN,NO_PATTERN
2020-07-16 15:00:00,9104.04,9125.51,9093.18,9114.35,531.5401354,NO_PATTERN,NO_PATTERN
2020-07-16 16:00:00,9114.36,9134.93,9110.0,9114.8,490.90579157999997,SHOOTINGSTAR,Neutral
2020-07-16 17:00:00,9114.8,9127.62,9113.69,9122.73,301.93075415,NO_PATTERN,NO_PATTERN
2020-07-16 18:00:00,9122.73,9152.26,9112.6,9114.93,484.75224626,NO_PATTERN,NO_PATTERN
2020-07-16 19:00:00,9115.38,9124.23,9107.59,9120.0,392.45262015,NO_PATTERN,NO_PATTERN
2020-07-16 20:00:00,9120.0,9120.99,9085.0,9101.21,351.84198506,NO_PATTERN,NO_PATTERN
2020-07-16 21:00:00,9101.21,9128.0,9086.57,9124.61,409.03004992,NO_PATTERN,NO_PATTERN
2020-07-16 22:00:00,9124.61,9142.14,9124.6,9133.25,196.57955221,NO_PATTERN,NO_PATTERN
2020-07-16 23:00:00,9133.24,9144.08,9124.6,9130.11,236.64618539,NO_PATTERN,NO_PATTERN
2020-07-17 00:00:00,9130.93,9138.35,9113.53,9115.08,214.22445581,NO_PATTERN,NO_PATTERN
2020-07-17 01:00:00,9114.98,9130.0,9113.49,9113.61,195.46070696,INVERTEDHAMMER,Neutral
2020-07-17 02:00:00,9113.6,9131.85,9111.78,9120.34,115.75327655,ENGULFING,Bullish
2020-07-17 03:00:00,9120.33,9120.42,9104.29,9111.96,138.34314104,NO_PATTERN,NO_PATTERN
2020-07-17 04:00:00,9111.99,9118.77,9100.0,9110.27,304.61480823,DOJI,Neutral
2020-07-17 05:00:00,9110.27,9113.28,9054.99,9092.63,1036.92349779,NO_PATTERN,NO_PATTERN
2020-07-17 06:00:00,9092.11,9126.25,9091.25,9112.32,101.39360337000001,ENGULFING,Bullish
2020-07-17 07:00:00,9112.32,9119.76,9096.11,9098.32,251.29167658,NO_PATTERN,NO_PATTERN
2020-07-17 08:00:00,9098.33,9104.24,9086.31,9099.8,112.53625119,HARAMI,Bull
2020-07-17 09:00:00,9099.64,9117.31,9091.87,9110.18,165.69278397,NO_PATTERN,NO_PATTERN
2020-07-17 10:00:00,9110.18,9119.43,9105.99,9112.44,196.81545882999998,DOJI,Neutral
2020-07-17 11:00:00,9112.25,9136.96,9099.0,9132.07,228.98592192,NO_PATTERN,NO_PATTERN
2020-07-17 12:00:00,9132.07,9182.99,9132.07,9158.16,425.71339208,NO_PATTERN,NO_PATTERN
2020-07-17 13:00:00,9158.16,9170.0,9141.68,9157.34,283.40075113,DOJI,Neutral
2020-07-17 14:00:00,9157.34,9158.41,9133.85,9146.76,263.10485151,HAMMER,Neutral
2020-07-17 15:00:00,9146.77,9160.4,9140.0,9144.28,265.32029904,DOJI,Neutral
2020-07-17 16:00:00,9144.27,9160.48,9142.01,9149.45,221.59745839,ENGULFING,Bullish
2020-07-17 17:00:00,9149.4,9155.01,9124.21,9150.51,416.23309932,DOJI,Neutral
2020-07-17 18:00:00,9150.5,9169.0,9150.05,9163.84,368.11385471,NO_PATTERN,NO_PATTERN
2020-07-17 19:00:00,9163.85,9167.98,9154.35,9164.99,376.38270116,DOJI,Neutral
2020-07-17 20:00:00,9164.99,9182.18,9153.36,9155.69,227.79201851,EVENINGSTAR,Neutral
2020-07-17 21:00:00,9155.7,9155.9,9150.0,9151.15,75.34339734,NO_PATTERN,NO_PATTERN
2020-07-17 22:00:00,9151.8,9164.09,9143.35,9163.59,174.05554724,NO_PATTERN,NO_PATTERN
2020-07-17 23:00:00,9163.59,9170.81,9148.49,9154.29,254.78115173,NO_PATTERN,NO_PATTERN
2020-07-18 00:00:00,9154.29,9167.78,9146.36,9151.79,288.62386167,NO_PATTERN,NO_PATTERN
2020-07-18 01:00:00,9151.79,9156.0,9141.01,9142.45,135.58735515,NO_PATTERN,NO_PATTERN
2020-07-18 02:00:00,9142.46,9146.46,9124.77,9143.77,200.14464161,HARAMI,Bull
2020-07-18 03:00:00,9143.76,9143.77,9122.65,9136.96,213.24341547,NO_PATTERN,NO_PATTERN
2020-07-18 04:00:00,9136.95,9148.06,9131.35,9145.63,208.99807287,ENGULFING,Bullish
2020-07-18 05:00:00,9145.62,9148.08,9130.93,9137.6,130.39045012,NO_PATTERN,NO_PATTERN
2020-07-18 06:00:00,9137.05,9142.21,9135.39,9137.78,85.68802852,GRAVESTONEDOJI,Neutral
2020-07-18 07:00:00,9137.51,9143.39,9136.48,9137.79,83.2948599,GRAVESTONEDOJI,Neutral
2020-07-18 08:00:00,9137.79,9160.0,9126.91,9156.06,205.73092036,NO_PATTERN,NO_PATTERN
2020-07-18 09:00:00,9156.53,9210.0,9156.53,9169.58,371.4750268,NO_PATTERN,NO_PATTERN
2020-07-18 10:00:00,9170.2,9181.65,9166.53,9169.48,52.26984556,DOJI,Neutral
2020-07-18 11:00:00,9169.47,9175.79,9161.95,9161.95,67.3710259,NO_PATTERN,NO_PATTERN
2020-07-18 12:00:00,9162.64,9175.0,9161.97,9168.94,94.9968645,HARAMI,Bullish
2020-07-18 13:00:00,9169.32,9178.27,9160.11,9167.65,145.07779396,DOJI,Neutral
2020-07-18 14:00:00,9167.64,9169.04,9156.73,9167.84,139.40929285,DRAGONFLYDOJI,Neutral
2020-07-18 15:00:00,9167.84,9174.43,9167.63,9173.1,161.89754741000002,NO_PATTERN,NO_PATTERN
2020-07-18 16:00:00,9173.09,9176.06,9163.43,9168.0,183.170803,NO_PATTERN,NO_PATTERN
2020-07-18 17:00:00,9168.0,9175.0,9166.51,9173.89,164.46738183,NO_PATTERN,NO_PATTERN
2020-07-18 18:00:00,9173.77,9205.33,9172.01,9188.96,425.65015315,NO_PATTERN,NO_PATTERN
2020-07-18 19:00:00,9188.95,9207.18,9152.35,9166.63,233.24057291,NO_PATTERN,NO_PATTERN
2020-07-18 20:00:00,9168.42,9186.21,9160.21,9179.09,134.38191047,NO_PATTERN,NO_PATTERN
2020-07-18 21:00:00,9179.08,9182.72,9167.84,9177.21,169.00016044,HARAMI,Bear
2020-07-18 22:00:00,9179.89,9185.77,9168.02,9173.34,99.41697865,NO_PATTERN,NO_PATTERN
2020-07-18 23:00:00,9172.49,9181.64,9171.12,9175.85,113.66145426,NO_PATTERN,NO_PATTERN
2020-07-19 00:00:00,9175.83,9186.77,9173.13,9179.26,101.05424559,NO_PATTERN,NO_PATTERN
2020-07-19 01:00:00,9179.25,9180.77,9163.0,9165.34,100.50543222,NO_PATTERN,NO_PATTERN
2020-07-19 02:00:00,9165.34,9175.48,9156.77,9162.19,137.76450702,NO_PATTERN,NO_PATTERN
2020-07-19 03:00:00,9162.19,9162.19,9141.63,9154.89,98.92362155000001,HAMMER,Neutral
2020-07-19 04:00:00,9154.48,9162.08,9148.2,9153.73,84.86885888,DOJI,Neutral
2020-07-19 05:00:00,9153.73,9159.27,9141.96,9143.86,110.79018062,NO_PATTERN,NO_PATTERN
2020-07-19 06:00:00,9143.85,9160.11,9140.12,9158.72,84.9767515,ENGULFING,Bullish
2020-07-19 07:00:00,9158.72,9159.02,9154.28,9156.17,43.7858096,NO_PATTERN,NO_PATTERN
2020-07-19 08:00:00,9156.17,9156.2,9147.21,9156.2,80.98738622,HAMMER,Neutral
2020-07-19 09:00:00,9156.2,9157.51,9149.04,9155.63,45.53939781,DRAGONFLYDOJI,Neutral
2020-07-19 10:00:00,9155.59,9155.75,9105.37,9125.44,323.43914978,NO_PATTERN,NO_PATTERN
2020-07-19 11:00:00,9125.44,9139.31,9110.87,9127.22,178.3966224,DOJI,Neutral
2020-07-19 12:00:00,9127.22,9139.8,9111.58,9135.89,143.0165025,NO_PATTERN,NO_PATTERN
2020-07-19 13:00:00,9135.89,9141.96,9123.11,9131.33,90.46073276999999,NO_PATTERN,NO_PATTERN
2020-07-19 14:00:00,9130.99,9141.35,9126.16,9136.67,88.38859271,ENGULFING,Bullish
2020-07-19 15:00:00,9136.55,9140.78,9120.59,9122.64,122.34387525,NO_PATTERN,NO_PATTERN
2020-07-19 16:00:00,9122.43,9176.32,9121.58,9155.0,200.12584007,ENGULFING,Bullish
2020-07-19 17:00:00,9155.01,9163.87,9141.64,9154.37,166.48535992,DOJI,Neutral
2020-07-19 18:00:00,9154.35,9167.67,9152.5,9163.92,110.95472578,ENGULFING,Bullish
2020-07-19 19:00:00,9163.92,9169.99,9153.99,9169.98,155.17345624,NO_PATTERN,NO_PATTERN
2020-07-19 20:00:00,9169.99,9174.96,9157.95,9173.28,123.4868367,NO_PATTERN,NO_PATTERN
2020-07-19 21:00:00,9173.29,9180.0,9164.55,9175.93,157.83849078,NO_PATTERN,NO_PATTERN
2020-07-19 22:00:00,9176.89,9199.99,9166.99,9193.0,322.98894792,NO_PATTERN,NO_PATTERN
2020-07-19 23:00:00,9194.55,9245.03,9194.54,9212.87,441.7804126,NO_PATTERN,NO_PATTERN
2020-07-20 00:00:00,9214.01,9223.51,9182.52,9191.0,152.50961184,ENGULFING,Bearish
2020-07-20 01:00:00,9191.0,9194.0,9177.08,9177.31,138.50497525,NO_PATTERN,NO_PATTERN
2020-07-20 02:00:00,9177.3,9191.96,9174.71,9190.02,123.75846929000001,NO_PATTERN,NO_PATTERN
2020-07-20 03:00:00,9190.02,9190.75,9184.17,9188.06,152.7269354,DRAGONFLYDOJI,Neutral
2020-07-20 04:00:00,9188.05,9188.79,9175.52,9179.3,95.5986758,NO_PATTERN,NO_PATTERN
2020-07-20 05:00:00,9179.29,9193.97,9178.64,9192.52,80.23223546,ENGULFING,Bullish
2020-07-20 06:00:00,9192.51,9192.85,9180.92,9180.93,79.77008919,NO_PATTERN,NO_PATTERN
2020-07-20 07:00:00,9180.92,9180.93,9171.19,9179.44,67.25887433,HAMMER,Neutral
2020-07-20 08:00:00,9179.44,9189.85,9177.36,9185.7,172.95986993,NO_PATTERN,NO_PATTERN
2020-07-20 09:00:00,9185.7,9190.54,9183.0,9184.47,122.22659197,GRAVESTONEDOJI,Neutral
2020-07-20 10:00:00,9184.47,9186.07,9131.0,9156.19,269.87786531,NO_PATTERN,NO_PATTERN
2020-07-20 11:00:00,9155.49,9166.31,9144.17,9150.1,168.41279312,NO_PATTERN,NO_PATTERN
2020-07-20 12:00:00,9150.04,9166.36,9143.28,9158.55,203.45813455,ENGULFING,Bullish
2020-07-20 13:00:00,9158.55,9161.01,9143.61,9145.07,360.29500151,NO_PATTERN,NO_PATTERN
2020-07-20 14:00:00,9145.06,9181.45,9145.06,9170.61,461.6591949,ENGULFING,Bullish
2020-07-20 15:00:00,9170.6,9181.12,9159.62,9177.16,502.53903568,NO_PATTERN,NO_PATTERN
2020-07-20 16:00:00,9177.16,9177.85,9165.66,9176.49,321.42284948,DRAGONFLYDOJI,Neutral
2020-07-20 17:00:00,9176.49,9209.66,9176.48,9196.04,379.79241508,NO_PATTERN,NO_PATTERN
2020-07-20 18:00:00,9196.04,9203.93,9181.0,9182.6,393.4854702,NO_PATTERN,NO_PATTERN
2020-07-20 19:00:00,9182.6,9187.16,9147.77,9156.16,458.99629631,NO_PATTERN,NO_PATTERN
2020-07-20 20:00:00,9156.15,9187.17,9152.01,9176.38,321.44410181,NO_PATTERN,NO_PATTERN
2020-07-20 21:00:00,9176.38,9176.72,9150.0,9172.06,233.96197595,NO_PATTERN,NO_PATTERN
2020-07-20 22:00:00,9172.06,9175.15,9156.12,9168.1,299.25817823,NO_PATTERN,NO_PATTERN
2020-07-20 23:00:00,9168.09,9177.71,9160.06,9161.05,219.88957734,INVERTEDHAMMER,Neutral
2020-07-21 00:00:00,9161.05,9173.42,9157.04,9172.44,216.91428624,NO_PATTERN,NO_PATTERN
2020-07-21 01:00:00,9172.44,9199.5,9172.44,9179.99,244.88066052,NO_PATTERN,NO_PATTERN
2020-07-21 02:00:00,9180.0,9186.35,9173.41,9179.86,143.14196435,DOJI,Neutral
2020-07-21 03:00:00,9179.86,9179.86,9164.56,9178.92,141.25682934,DRAGONFLYDOJI,Neutral
2020-07-21 04:00:00,9178.93,9185.09,9176.0,9177.04,115.66011238,GRAVESTONEDOJI,Neutral
2020-07-21 05:00:00,9177.04,9210.0,9177.03,9188.33,202.54004259,NO_PATTERN,NO_PATTERN
2020-07-21 06:00:00,9188.33,9198.98,9180.77,9194.38,188.59376344999998,NO_PATTERN,NO_PATTERN
2020-07-21 07:00:00,9194.38,9367.0,9194.37,9320.18,1394.38118385,NO_PATTERN,NO_PATTERN
2020-07-21 08:00:00,9320.42,9341.24,9306.92,9311.76,175.34497831000002,NO_PATTERN,NO_PATTERN
2020-07-21 09:00:00,9311.76,9339.9,9311.76,9315.71,236.40726573,NO_PATTERN,NO_PATTERN
2020-07-21 10:00:00,9315.72,9358.36,9315.71,9355.92,289.02723593,NO_PATTERN,NO_PATTERN
2020-07-21 11:00:00,9355.57,9358.53,9335.6,9351.97,384.34097479,HARAMI,Bear
2020-07-21 12:00:00,9351.96,9406.75,9349.48,9375.01,1204.02238811,ENGULFING,Bullish
2020-07-21 13:00:00,9375.02,9438.0,9375.01,9414.92,880.22169621,NO_PATTERN,NO_PATTERN
2020-07-21 14:00:00,9414.93,9425.0,9369.15,9382.0,607.17767025,NO_PATTERN,NO_PATTERN
2020-07-21 15:00:00,9382.0,9389.25,9335.58,9337.84,488.46640329,NO_PATTERN,NO_PATTERN
2020-07-21 16:00:00,9337.85,9365.07,9322.51,9363.32,363.76892664,HARAMI,Bullish
2020-07-21 17:00:00,9363.33,9374.99,9352.16,9369.75,288.84879136,NO_PATTERN,NO_PATTERN
2020-07-21 18:00:00,9369.74,9398.57,9368.84,9397.33,487.57478249,NO_PATTERN,NO_PATTERN
2020-07-21 19:00:00,9397.34,9402.99,9354.54,9361.48,479.71683747,ENGULFING,Bearish
2020-07-21 20:00:00,9361.48,9375.0,9361.47,9375.0,201.0716813,NO_PATTERN,NO_PATTERN
2020-07-21 21:00:00,9374.99,9390.79,9365.0,9388.18,245.21551912,NO_PATTERN,NO_PATTERN
2020-07-21 22:00:00,9388.17,9398.46,9372.83,9386.88,342.02566574,DOJI,Neutral
2020-07-21 23:00:00,9386.87,9396.26,9378.01,9394.14,254.17528768,ENGULFING,Bullish
2020-07-22 00:00:00,9394.14,9398.46,9362.29,9363.87,368.81278171,NO_PATTERN,NO_PATTERN
2020-07-22 01:00:00,9363.87,9394.0,9356.82,9371.71,257.68824596,NO_PATTERN,NO_PATTERN
2020-07-22 02:00:00,9371.71,9382.67,9364.46,9367.69,189.6139281,NO_PATTERN,NO_PATTERN
2020-07-22 03:00:00,9367.69,9371.18,9364.9,9365.02,140.80994677,GRAVESTONEDOJI,Neutral
2020-07-22 04:00:00,9365.01,9371.99,9350.8,9352.26,201.15788812,NO_PATTERN,NO_PATTERN
2020-07-22 05:00:00,9352.27,9356.54,9341.46,9349.49,251.83925248,NO_PATTERN,NO_PATTERN
2020-07-22 06:00:00,9349.48,9355.23,9340.0,9340.01,129.18912668,NO_PATTERN,NO_PATTERN
2020-07-22 07:00:00,9340.0,9362.46,9277.0,9305.88,555.16338352,NO_PATTERN,NO_PATTERN
2020-07-22 08:00:00,9305.88,9325.53,9299.15,9315.87,259.91977325,NO_PATTERN,NO_PATTERN
2020-07-22 09:00:00,9315.88,9331.52,9310.61,9317.17,159.27002706,DOJI,Neutral
2020-07-22 10:00:00,9317.17,9345.19,9317.16,9344.05,254.47237461,NO_PATTERN,NO_PATTERN
2020-07-22 11:00:00,9344.04,9360.0,9334.34,9351.71,233.06626404,NO_PATTERN,NO_PATTERN
2020-07-22 12:00:00,9351.7,9351.71,9321.27,9332.87,271.64996654,NO_PATTERN,NO_PATTERN
2020-07-22 13:00:00,9332.86,9341.81,9326.47,9334.36,270.80971172,DOJI,Neutral
2020-07-22 14:00:00,9334.36,9345.9,9320.0,9342.48,284.87588916,NO_PATTERN,NO_PATTERN
2020-07-22 15:00:00,9342.49,9357.13,9338.31,9342.94,316.60942803,DOJI,Neutral
2020-07-22 16:00:00,9342.95,9349.08,9340.0,9340.01,377.21586427,ENGULFING,Bearish
2020-07-22 17:00:00,9340.01,9377.0,9335.43,9369.54,538.71381027,NO_PATTERN,NO_PATTERN
2020-07-22 18:00:00,9369.02,9387.77,9360.85,9371.48,375.38407268,NO_PATTERN,NO_PATTERN
2020-07-22 19:00:00,9371.48,9389.0,9364.23,9377.95,344.00924527,NO_PATTERN,NO_PATTERN
2020-07-22 20:00:00,9378.25,9389.58,9370.17,9373.68,372.16267603,NO_PATTERN,NO_PATTERN
2020-07-22 21:00:00,9373.67,9384.31,9365.2,9384.31,308.77205643,ENGULFING,Bullish
2020-07-22 22:00:00,9384.3,9567.77,9378.51,9513.61,2537.4438477,NO_PATTERN,NO_PATTERN
2020-07-22 23:00:00,9513.62,9549.99,9400.0,9536.18,1343.69683855,NO_PATTERN,NO_PATTERN
2020-07-23 00:00:00,9536.2,9549.94,9523.3,9524.89,683.38564868,NO_PATTERN,NO_PATTERN
2020-07-23 01:00:00,9524.89,9543.83,9517.15,9540.25,487.0769063,NO_PATTERN,NO_PATTERN
2020-07-23 02:00:00,9539.26,9548.28,9512.0,9515.0,394.00673792,NO_PATTERN,NO_PATTERN
2020-07-23 03:00:00,9515.01,9515.52,9485.98,9508.13,444.13097335,HAMMER,Neutral
2020-07-23 04:00:00,9508.13,9513.98,9505.59,9513.87,257.30579401,NO_PATTERN,NO_PATTERN
2020-07-23 05:00:00,9513.88,9513.93,9480.01,9500.66,209.77795941,HAMMER,Neutral
2020-07-23 06:00:00,9500.66,9508.47,9496.42,9506.34,211.04408854,NO_PATTERN,NO_PATTERN
2020-07-23 07:00:00,9506.35,9515.15,9500.57,9503.05,163.17157627,GRAVESTONEDOJI,Neutral
2020-07-23 08:00:00,9503.05,9539.7,9491.48,9530.31,531.21190182,NO_PATTERN,NO_PATTERN
2020-07-23 09:00:00,9530.32,9530.44,9500.0,9512.56,247.91199043,NO_PATTERN,NO_PATTERN
2020-07-23 10:00:00,9512.56,9516.88,9499.99,9500.0,172.95845777,NO_PATTERN,NO_PATTERN
2020-07-23 11:00:00,9499.99,9522.19,9494.0,9512.1,288.23553144,NO_PATTERN,NO_PATTERN
2020-07-23 12:00:00,9512.11,9521.12,9491.01,9491.07,255.54017856,ENGULFING,Bearish
2020-07-23 13:00:00,9491.07,9504.1,9487.34,9504.1,335.74202659,NO_PATTERN,NO_PATTERN
2020-07-23 14:00:00,9504.09,9592.71,9450.04,9503.17,1441.93543856,HARAMI,Bear
2020-07-23 15:00:00,9503.18,9540.39,9486.93,9535.06,712.84302055,NO_PATTERN,NO_PATTERN
2020-07-23 16:00:00,9535.05,9640.99,9522.59,9638.55,1418.80693743,NO_PATTERN,NO_PATTERN
2020-07-23 17:00:00,9639.39,9686.0,9602.08,9624.05,1749.01594397,NO_PATTERN,NO_PATTERN
2020-07-23 18:00:00,9624.05,9636.01,9575.89,9592.86,917.58388382,NO_PATTERN,NO_PATTERN
2020-07-23 19:00:00,9592.85,9608.96,9582.2,9606.07,472.38976633,NO_PATTERN,NO_PATTERN
2020-07-23 20:00:00,9606.07,9608.02,9580.72,9593.44,434.73164517,HAMMER,Neutral
2020-07-23 21:00:00,9594.41,9624.39,9585.03,9621.01,410.77756028,NO_PATTERN,NO_PATTERN
2020-07-23 22:00:00,9621.0,9621.56,9600.0,9602.58,412.5696912,HARAMI,Bearish
2020-07-23 23:00:00,9602.57,9618.13,9595.73,9613.24,307.70163679,NO_PATTERN,NO_PATTERN
2020-07-24 00:00:00,9613.24,9617.96,9582.01,9594.65,422.73611332,NO_PATTERN,NO_PATTERN
2020-07-24 01:00:00,9594.65,9602.04,9563.5,9582.66,254.04714424,NO_PATTERN,NO_PATTERN
2020-07-24 02:00:00,9582.66,9590.93,9568.01,9578.26,218.03076203,DOJI,Neutral
2020-07-24 03:00:00,9578.26,9586.51,9549.21,9568.73,450.3029062,NO_PATTERN,NO_PATTERN
2020-07-24 04:00:00,9568.73,9573.6,9538.17,9544.02,362.49624492,NO_PATTERN,NO_PATTERN
2020-07-24 05:00:00,9544.02,9562.65,9512.25,9555.7,357.68420845,NO_PATTERN,NO_PATTERN
2020-07-24 06:00:00,9555.69,9555.7,9480.01,9482.74,450.52101215,NO_PATTERN,NO_PATTERN
2020-07-24 07:00:00,9482.73,9515.34,9475.7,9515.0,372.79186782,NO_PATTERN,NO_PATTERN
2020-07-24 08:00:00,9515.0,9517.33,9493.32,9514.58,236.77049496,DRAGONFLYDOJI,Neutral
2020-07-24 09:00:00,9514.59,9537.15,9514.59,9536.63,258.2037469,NO_PATTERN,NO_PATTERN
2020-07-24 10:00:00,9536.64,9567.77,9536.63,9548.99,298.68587499,SHOOTINGSTAR,Neutral
2020-07-24 11:00:00,9548.99,9549.9,9531.76,9535.84,80.56629276,NO_PATTERN,NO_PATTERN
2020-07-24 12:00:00,9531.73,9570.0,9515.27,9530.01,96.19128853,DOJI,Neutral
2020-07-24 13:00:00,9530.01,9550.9,9510.73,9517.04,408.25338938,NO_PATTERN,NO_PATTERN
2020-07-24 14:00:00,9517.04,9546.45,9517.03,9546.45,443.0544739,NO_PATTERN,NO_PATTERN
2020-07-24 15:00:00,9546.45,9575.05,9537.38,9558.88,554.69624803,NO_PATTERN,NO_PATTERN
2020-07-24 16:00:00,9558.88,9595.0,9534.91,9590.12,470.18625366000003,NO_PATTERN,NO_PATTERN
2020-07-24 17:00:00,9590.12,9590.12,9535.17,9570.99,483.63290478,NO_PATTERN,NO_PATTERN
2020-07-24 18:00:00,9570.57,9601.0,9570.57,9593.33,541.24930786,ENGULFING,Bullish
2020-07-24 19:00:00,9593.32,9594.39,9577.21,9593.49,358.51487321,DRAGONFLYDOJI,Neutral
2020-07-24 20:00:00,9593.49,9634.54,9579.19,9629.73,515.9205941,NO_PATTERN,NO_PATTERN
2020-07-24 21:00:00,9629.74,9645.55,9610.0,9610.25,791.66089973,NO_PATTERN,NO_PATTERN
2020-07-24 22:00:00,9610.26,9610.82,9542.48,9550.01,908.47762996,NO_PATTERN,NO_PATTERN
2020-07-24 23:00:00,9550.0,9564.52,9529.09,9551.21,450.52268471,DOJI,Neutral
2020-07-25 00:00:00,9551.21,9564.52,9542.21,9549.63,254.19612554,DOJI,Neutral
2020-07-25 01:00:00,9549.63,9583.87,9536.64,9577.24,244.67024068,NO_PATTERN,NO_PATTERN
2020-07-25 02:00:00,9577.24,9589.16,9568.1,9579.1,196.20219071,DOJI,Neutral
2020-07-25 03:00:00,9579.1,9625.0,9579.1,9589.76,261.95021937,NO_PATTERN,NO_PATTERN
2020-07-25 04:00:00,9589.77,9601.22,9574.43,9592.85,177.24867335,DOJI,Neutral
2020-07-25 05:00:00,9592.84,9636.08,9576.2,9598.27,263.86463056,NO_PATTERN,NO_PATTERN
2020-07-25 06:00:00,9598.27,9630.64,9590.86,9597.68,146.34617623,DOJI,Neutral
2020-07-25 07:00:00,9597.68,9604.55,9576.24,9581.11,161.80310645,NO_PATTERN,NO_PATTERN
2020-07-25 08:00:00,9581.11,9619.72,9575.0,9597.12,208.15573379,NO_PATTERN,NO_PATTERN
2020-07-25 09:00:00,9596.94,9612.34,9581.37,9582.82,112.78323724,NO_PATTERN,NO_PATTERN
2020-07-25 10:00:00,9582.82,9595.61,9576.64,9588.84,158.66660972,NO_PATTERN,NO_PATTERN
2020-07-25 11:00:00,9588.84,9601.73,9587.19,9587.19,152.30097981,GRAVESTONEDOJI,Neutral
2020-07-25 12:00:00,9587.19,9615.11,9581.02,9614.81,233.13751287,NO_PATTERN,NO_PATTERN
2020-07-25 13:00:00,9614.82,9623.04,9569.59,9593.0,307.84906765,NO_PATTERN,NO_PATTERN
2020-07-25 14:00:00,9593.01,9599.99,9580.56,9594.11,178.60625127,HARAMI,Bull
2020-07-25 15:00:00,9594.11,9607.46,9588.09,9603.47,169.49633912,NO_PATTERN,NO_PATTERN
2020-07-25 16:00:00,9603.47,9644.88,9585.08,9629.08,352.30999453,NO_PATTERN,NO_PATTERN
2020-07-25 17:00:00,9629.07,9721.31,9620.0,9708.0,1014.58296215,NO_PATTERN,NO_PATTERN
2020-07-25 18:00:00,9708.62,9726.77,9653.0,9679.4,378.14632188,NO_PATTERN,NO_PATTERN
2020-07-25 19:00:00,9679.4,9699.99,9665.0,9687.12,293.87577928,NO_PATTERN,NO_PATTERN
2020-07-25 20:00:00,9687.13,9747.76,9686.71,9731.0,603.4893614,NO_PATTERN,NO_PATTERN
2020-07-25 21:00:00,9731.0,9746.78,9690.0,9702.38,425.17874424,NO_PATTERN,NO_PATTERN
2020-07-25 22:00:00,9702.37,9720.0,9694.76,9715.97,273.76150674,NO_PATTERN,NO_PATTERN
2020-07-25 23:00:00,9715.97,9736.31,9682.0,9711.33,380.39667249,DOJI,Neutral
2020-07-26 00:00:00,9711.79,9713.25,9677.29,9697.84,276.17369215,NO_PATTERN,NO_PATTERN
2020-07-26 01:00:00,9697.84,9697.87,9661.35,9674.52,219.27392638,NO_PATTERN,NO_PATTERN
2020-07-26 02:00:00,9674.53,9693.6,9664.92,9681.51,190.27236805,NO_PATTERN,NO_PATTERN
2020-07-26 03:00:00,9681.51,9693.08,9676.46,9686.6,159.55510288,NO_PATTERN,NO_PATTERN
2020-07-26 04:00:00,9686.6,9686.6,9672.0,9677.84,134.22148016,NO_PATTERN,NO_PATTERN
2020-07-26 05:00:00,9677.84,9696.84,9675.74,9688.0,116.65665752,NO_PATTERN,NO_PATTERN
2020-07-26 06:00:00,9687.99,9709.13,9685.37,9708.04,137.82188292,NO_PATTERN,NO_PATTERN
2020-07-26 07:00:00,9708.04,9742.0,9693.91,9725.0,189.45864761,NO_PATTERN,NO_PATTERN
2020-07-26 08:00:00,9725.01,9800.0,9715.0,9785.7,485.57599515,NO_PATTERN,NO_PATTERN
2020-07-26 09:00:00,9785.19,9858.22,9756.82,9851.38,638.9347864,NO_PATTERN,NO_PATTERN
2020-07-26 10:00:00,9851.39,10150.0,9851.39,10016.92,2960.90233079,NO_PATTERN,NO_PATTERN
2020-07-26 11:00:00,10013.06,10014.17,9951.65,9973.74,576.80494986,NO_PATTERN,NO_PATTERN
2020-07-26 12:00:00,9973.74,9998.23,9802.0,9883.7,936.0973668400001,NO_PATTERN,NO_PATTERN
2020-07-26 13:00:00,9884.27,9930.78,9873.71,9893.01,349.19071196,HARAMI,Bullish
2020-07-26 14:00:00,9894.33,9966.31,9888.55,9955.35,518.82280227,NO_PATTERN,NO_PATTERN
2020-07-26 15:00:00,9957.57,9987.87,9914.0,9969.99,570.33644045,NO_PATTERN,NO_PATTERN
2020-07-26 16:00:00,9969.99,9989.64,9902.22,9902.58,558.55947372,EVENINGSTAR,Neutral
2020-07-26 17:00:00,9905.0,9930.0,9900.0,9914.95,398.17777978,HARAMI,Bull
2020-07-26 18:00:00,9914.95,9933.98,9882.75,9927.8,324.95488654,HAMMER,Neutral
2020-07-26 19:00:00,9927.79,9927.79,9852.78,9873.65,389.39455644,NO_PATTERN,NO_PATTERN
2020-07-26 20:00:00,9873.64,9900.0,9852.0,9898.01,382.4382488,NO_PATTERN,NO_PATTERN
2020-07-26 21:00:00,9897.39,9915.41,9877.84,9888.33,287.49202649,NO_PATTERN,NO_PATTERN
2020-07-26 22:00:00,9887.88,9950.0,9886.19,9928.25,453.77293093000003,ENGULFING,Bullish
2020-07-26 23:00:00,9928.25,9943.52,9911.18,9940.0,242.63568563,NO_PATTERN,NO_PATTERN
2020-07-27 00:00:00,9941.0,10055.0,9935.0,9985.0,845.66908527,NO_PATTERN,NO_PATTERN
2020-07-27 01:00:00,9984.99,10125.0,9984.99,10093.72,1360.3097195999999,NO_PATTERN,NO_PATTERN
2020-07-27 02:00:00,10093.06,10099.0,10037.54,10066.1,814.03235236,HARAMI,Bearish
2020-07-27 03:00:00,10066.1,10333.0,10064.65,10265.77,1900.17793732,NO_PATTERN,NO_PATTERN
2020-07-27 04:00:00,10265.78,10324.28,10180.52,10218.24,1531.40289428,NO_PATTERN,NO_PATTERN
2020-07-27 05:00:00,10221.76,10330.0,10202.81,10298.21,741.12841239,NO_PATTERN,NO_PATTERN
2020-07-27 06:00:00,10298.2,10310.0,10226.39,10286.37,744.06832013,HARAMI,Bearish
2020-07-27 07:00:00,10286.37,10286.37,10152.0,10165.42,777.1085223,NO_PATTERN,NO_PATTERN
2020-07-27 08:00:00,10165.92,10190.85,10129.7,10177.78,519.61963343,HARAMI,Bullish
2020-07-27 09:00:00,10177.79,10268.06,10163.74,10260.47,354.59778587,NO_PATTERN,NO_PATTERN
2020-07-27 10:00:00,10258.53,10300.0,10227.32,10270.34,480.32714112,DOJI,Neutral
2020-07-27 11:00:00,10270.34,10330.49,10210.15,10268.45,704.18897264,DOJI,Neutral
2020-07-27 12:00:00,10270.09,10325.0,10235.85,10305.0,632.38636959,NO_PATTERN,NO_PATTERN
2020-07-27 13:00:00,10304.99,10393.01,10257.3,10371.35,1353.08653489,NO_PATTERN,NO_PATTERN
2020-07-27 14:00:00,10370.16,10450.0,10313.67,10431.1,1815.71100506,NO_PATTERN,NO_PATTERN
2020-07-27 15:00:00,10429.63,10434.71,10278.15,10309.22,1479.25567505,NO_PATTERN,NO_PATTERN
2020-07-27 16:00:00,10309.21,10795.99,10309.21,10744.17,3774.1446409299997,ENGULFING,Bullish
2020-07-27 17:00:00,10736.24,10968.0,10640.0,10889.5,4554.64315793,NO_PATTERN,NO_PATTERN
2020-07-27 18:00:00,10892.19,10932.31,10761.05,10858.55,1931.69199867,NO_PATTERN,NO_PATTERN
2020-07-27 19:00:00,10858.17,10859.16,10740.0,10804.85,1429.6693489,HAMMER,Neutral
2020-07-27 20:00:00,10804.86,10900.0,10800.36,10894.61,1024.09367699,NO_PATTERN,NO_PATTERN
2020-07-27 21:00:00,10894.61,11174.41,10832.95,11116.17,1911.28413943,NO_PATTERN,NO_PATTERN
2020-07-27 22:00:00,11116.17,11420.0,11067.78,11242.71,5515.14761589,NO_PATTERN,NO_PATTERN
2020-07-27 23:00:00,11242.71,11242.71,10799.81,11048.91,5520.23492176,NO_PATTERN,NO_PATTERN
2020-07-28 00:00:00,11048.05,11259.0,11046.83,11177.74,1740.36494901,NO_PATTERN,NO_PATTERN
2020-07-28 01:00:00,11177.75,11259.0,11103.62,11215.22,1293.34526641,NO_PATTERN,NO_PATTERN
2020-07-28 02:00:00,11215.23,11215.23,10975.01,10987.84,1221.80846021,ENGULFING,Bearish
2020-07-28 03:00:00,10989.01,10999.99,10855.19,10987.26,1797.79811617,HAMMER,Neutral
2020-07-28 04:00:00,10987.27,11061.52,10951.54,11061.51,583.14927118,NO_PATTERN,NO_PATTERN
2020-07-28 05:00:00,11061.51,11063.37,10862.43,10893.34,628.78880837,NO_PATTERN,NO_PATTERN
2020-07-28 06:00:00,10893.34,11011.45,10855.19,10952.57,799.56960832,NO_PATTERN,NO_PATTERN
2020-07-28 07:00:00,10952.57,11005.71,10853.0,10889.19,688.79179292,NO_PATTERN,NO_PATTERN
2020-07-28 08:00:00,10889.65,10909.72,10715.81,10737.45,1571.69312211,NO_PATTERN,NO_PATTERN
2020-07-28 09:00:00,10737.45,10824.21,10622.0,10780.96,944.00284757,NO_PATTERN,NO_PATTERN
2020-07-28 10:00:00,10779.28,10822.25,10575.0,10821.08,1244.76619953,NO_PATTERN,NO_PATTERN
2020-07-28 11:00:00,10821.08,11033.0,10803.26,10991.14,1179.13972144,NO_PATTERN,NO_PATTERN
2020-07-28 12:00:00,10991.14,11070.0,10912.9,10998.12,1162.17681486,DOJI,Neutral
2020-07-28 13:00:00,10998.44,11045.09,10917.43,10996.0,969.98013791,DOJI,Neutral
2020-07-28 14:00:00,10996.0,11189.07,10968.95,11189.07,1789.7812370899999,NO_PATTERN,NO_PATTERN
2020-07-28 15:00:00,11189.1,11200.0,11101.3,11174.87,1201.61789615,DRAGONFLYDOJI,Neutral
2020-07-28 16:00:00,11177.32,11190.4,10878.78,10975.11,2556.64600998,NO_PATTERN,NO_PATTERN
2020-07-28 17:00:00,10975.1,11036.08,10918.46,10955.96,815.81460561,DOJI,Neutral
2020-07-28 18:00:00,10957.11,10976.51,10861.0,10933.14,953.35094892,NO_PATTERN,NO_PATTERN
2020-07-28 19:00:00,10933.13,11015.16,10875.76,11011.99,714.10690238,ENGULFING,Bullish
2020-07-28 20:00:00,11011.99,11027.31,10960.33,10980.37,530.33723643,NO_PATTERN,NO_PATTERN
2020-07-28 21:00:00,10980.37,11073.11,10980.37,11018.91,500.11751875,NO_PATTERN,NO_PATTERN
2020-07-28 22:00:00,11018.9,11044.91,10881.7,10966.74,704.36470015,NO_PATTERN,NO_PATTERN
2020-07-28 23:00:00,10966.74,10994.48,10917.07,10934.23,324.10647922,NO_PATTERN,NO_PATTERN
2020-07-29 00:00:00,10934.22,10995.0,10888.0,10888.0,587.84870641,INVERTEDHAMMER,Neutral
2020-07-29 01:00:00,10888.01,10925.14,10843.47,10909.97,833.98287871,NO_PATTERN,NO_PATTERN
2020-07-29 02:00:00,10909.98,10946.65,10892.07,10915.01,328.49218631,DOJI,Neutral
2020-07-29 03:00:00,10915.37,11010.0,10915.37,10985.74,576.71502522,NO_PATTERN,NO_PATTERN
2020-07-29 04:00:00,10984.18,11007.78,10940.89,10951.81,355.09021434,HARAMI,Bearish
2020-07-29 05:00:00,10951.76,11001.08,10931.14,10959.97,395.83554255,DOJI,Neutral
2020-07-29 06:00:00,10959.97,11080.0,10949.01,11079.98,703.50035565,NO_PATTERN,NO_PATTERN
2020-07-29 07:00:00,11079.98,11086.18,11013.47,11021.32,474.08012343999997,NO_PATTERN,NO_PATTERN
2020-07-29 08:00:00,11022.88,11140.0,11022.01,11134.07,684.73654432,NO_PATTERN,NO_PATTERN
2020-07-29 09:00:00,11134.08,11149.43,10920.01,11029.72,1051.58170987,NO_PATTERN,NO_PATTERN
2020-07-29 10:00:00,11028.28,11061.21,10985.75,11059.87,400.19285243,NO_PATTERN,NO_PATTERN
2020-07-29 11:00:00,11059.87,11110.0,11022.72,11103.96,274.38508243,NO_PATTERN,NO_PATTERN
2020-07-29 12:00:00,11103.95,11144.46,11073.87,11112.1,525.90123427,DOJI,Neutral
2020-07-29 13:00:00,11111.35,11142.07,11058.46,11096.68,757.14969285,NO_PATTERN,NO_PATTERN
2020-07-29 14:00:00,11096.68,11314.82,10980.0,11110.75,2089.44472137,NO_PATTERN,NO_PATTERN
2020-07-29 15:00:00,11110.75,11203.87,11101.31,11171.42,1015.85833378,NO_PATTERN,NO_PATTERN
2020-07-29 16:00:00,11171.42,11280.0,11167.29,11280.0,921.61127571,NO_PATTERN,NO_PATTERN
2020-07-29 17:00:00,11279.99,11294.02,11120.0,11181.87,1309.84643368,NO_PATTERN,NO_PATTERN
2020-07-29 18:00:00,11181.86,11286.0,11163.06,11222.24,905.2827081400001,NO_PATTERN,NO_PATTERN
2020-07-29 19:00:00,11219.76,11239.57,11174.06,11215.6,903.82451417,DOJI,Neutral
2020-07-29 20:00:00,11215.6,11262.89,11192.53,11219.9,541.8275780399999,DOJI,Neutral
2020-07-29 21:00:00,11219.9,11350.0,11214.46,11301.88,890.4782658400001,NO_PATTERN,NO_PATTERN
2020-07-29 22:00:00,11299.24,11326.26,11241.57,11260.55,649.2629273,HARAMI,Bearish
2020-07-29 23:00:00,11258.4,11260.21,11040.16,11110.12,1283.34045332,NO_PATTERN,NO_PATTERN
2020-07-30 00:00:00,11108.16,11127.51,10981.54,11127.49,825.51199678,NO_PATTERN,NO_PATTERN
2020-07-30 01:00:00,11125.51,11127.66,11053.85,11059.4,451.37519544,NO_PATTERN,NO_PATTERN
2020-07-30 02:00:00,11059.4,11102.0,10962.0,10985.15,718.36525677,NO_PATTERN,NO_PATTERN
2020-07-30 03:00:00,10985.15,11057.8,10967.54,11000.01,367.66646158,NO_PATTERN,NO_PATTERN
2020-07-30 04:00:00,11000.0,11060.0,10980.0,11033.01,352.1933038,NO_PATTERN,NO_PATTERN
2020-07-30 05:00:00,11033.01,11034.82,10972.87,11000.01,422.90006941,NO_PATTERN,NO_PATTERN
2020-07-30 06:00:00,11000.01,11027.8,10923.06,11002.4,653.38323634,DOJI,Neutral
2020-07-30 07:00:00,11002.4,11009.76,10908.45,10940.0,484.95885131,NO_PATTERN,NO_PATTERN
2020-07-30 08:00:00,10940.0,11014.04,10937.78,11014.04,258.81767292,NO_PATTERN,NO_PATTERN
2020-07-30 09:00:00,11013.27,11013.28,10950.88,10982.47,143.96167709,HARAMI,Bearish
2020-07-30 10:00:00,10982.47,10982.47,10912.86,10938.98,256.0891195,NO_PATTERN,NO_PATTERN
2020-07-30 11:00:00,10938.97,10943.53,10900.0,10926.1,501.30929242999997,HAMMER,Neutral
2020-07-30 12:00:00,10926.1,10984.9,10921.33,10940.19,322.90613204,NO_PATTERN,NO_PATTERN
2020-07-30 13:00:00,10940.18,11040.2,10811.0,11022.25,898.21326247,NO_PATTERN,NO_PATTERN
2020-07-30 14:00:00,11022.25,11022.25,10953.68,10968.9,598.52994003,NO_PATTERN,NO_PATTERN
2020-07-30 15:00:00,10968.9,11016.44,10968.9,11016.04,514.39183075,NO_PATTERN,NO_PATTERN
2020-07-30 16:00:00,11016.04,11033.77,10980.69,11020.2,589.51608098,DOJI,Neutral
2020-07-30 17:00:00,11020.2,11055.61,11001.01,11049.58,452.33406504,NO_PATTERN,NO_PATTERN
2020-07-30 18:00:00,11049.59,11100.0,11042.33,11100.0,614.09295709,NO_PATTERN,NO_PATTERN
2020-07-30 19:00:00,11100.0,11150.0,11099.99,11137.18,740.40473796,NO_PATTERN,NO_PATTERN
2020-07-30 20:00:00,11136.72,11188.65,11129.61,11150.3,843.47531798,NO_PATTERN,NO_PATTERN
2020-07-30 21:00:00,11150.3,11180.0,11087.7,11099.21,628.92025797,NO_PATTERN,NO_PATTERN
2020-07-30 22:00:00,11099.08,11186.72,11098.92,11186.71,405.66986457,ENGULFING,Bullish
2020-07-30 23:00:00,11186.96,11188.0,11104.75,11115.95,336.25566954,NO_PATTERN,NO_PATTERN
2020-07-31 00:00:00,11115.99,11148.28,11040.0,11059.27,433.84234323,NO_PATTERN,NO_PATTERN
2020-07-31 01:00:00,11058.73,11069.99,10975.0,11030.17,674.48450242,NO_PATTERN,NO_PATTERN
2020-07-31 02:00:00,11031.09,11039.0,11000.9,11005.0,264.88005626,NO_PATTERN,NO_PATTERN
2020-07-31 03:00:00,11005.0,11043.28,10981.55,10992.56,302.35941544,NO_PATTERN,NO_PATTERN
2020-07-31 04:00:00,10992.56,11069.99,10991.62,11067.62,268.31667194,NO_PATTERN,NO_PATTERN
2020-07-31 05:00:00,11067.63,11069.0,11044.49,11045.74,150.1066538,NO_PATTERN,NO_PATTERN
2020-07-31 06:00:00,11045.74,11160.0,11045.74,11154.57,297.07367354,NO_PATTERN,NO_PATTERN
2020-07-31 07:00:00,11155.23,11160.52,11110.6,11145.99,635.90343382,NO_PATTERN,NO_PATTERN
2020-07-31 08:00:00,11147.56,11204.75,11107.97,11135.02,476.58861093,NO_PATTERN,NO_PATTERN
2020-07-31 09:00:00,11135.02,11160.75,11115.67,11120.85,184.33091000000002,NO_PATTERN,NO_PATTERN
2020-07-31 10:00:00,11120.86,11192.81,11117.47,11179.66,380.10760941,NO_PATTERN,NO_PATTERN
2020-07-31 11:00:00,11179.66,11235.0,11146.91,11225.2,327.30051538,NO_PATTERN,NO_PATTERN
2020-07-31 12:00:00,11225.2,11243.97,11182.24,11243.97,457.08536736,NO_PATTERN,NO_PATTERN
2020-07-31 13:00:00,11243.97,11249.0,11126.01,11163.19,619.85426658,NO_PATTERN,NO_PATTERN
2020-07-31 14:00:00,11163.19,11269.99,11150.0,11269.99,2020.58753834,NO_PATTERN,NO_PATTERN
2020-07-31 15:00:00,11269.99,11386.08,11245.76,11365.66,1599.95480363,NO_PATTERN,NO_PATTERN
2020-07-31 16:00:00,11363.85,11460.0,11230.0,11367.76,1780.6855095600001,DOJI,Neutral
2020-07-31 17:00:00,11365.52,11371.49,11283.43,11292.46,733.3005111,NO_PATTERN,NO_PATTERN
2020-07-31 18:00:00,11292.25,11313.91,11237.07,11257.17,694.08041726,NO_PATTERN,NO_PATTERN
2020-07-31 19:00:00,11257.16,11337.04,11247.28,11333.64,605.45462632,MORNINGSTAR,Neutral
2020-07-31 20:00:00,11333.26,11426.18,11333.06,11345.76,780.4043540700001,NO_PATTERN,NO_PATTERN
2020-07-31 21:00:00,11345.61,11438.95,11319.45,11398.93,799.62570312,NO_PATTERN,NO_PATTERN
2020-07-31 22:00:00,11398.93,11417.15,11310.68,11318.93,708.54059721,NO_PATTERN,NO_PATTERN
2020-07-31 23:00:00,11318.92,11354.09,11301.24,11351.62,498.61743687,NO_PATTERN,NO_PATTERN
2020-08-01 00:00:00,11351.61,11400.96,11237.82,11263.81,879.25106479,NO_PATTERN,NO_PATTERN
2020-08-01 01:00:00,11263.81,11309.9,11245.13,11279.83,346.98154952,NO_PATTERN,NO_PATTERN
2020-08-01 02:00:00,11279.83,11350.0,11278.49,11342.55,552.52096528,NO_PATTERN,NO_PATTERN
2020-08-01 03:00:00,11342.47,11410.0,11332.66,11368.95,602.61430644,NO_PATTERN,NO_PATTERN
2020-08-01 04:00:00,11368.95,11430.0,11342.85,11394.52,516.88496911,NO_PATTERN,NO_PATTERN
2020-08-01 05:00:00,11394.48,11657.66,11379.7,11614.79,1392.1924216,NO_PATTERN,NO_PATTERN
2020-08-01 06:00:00,11614.78,11761.97,11575.61,11652.29,1140.89439856,NO_PATTERN,NO_PATTERN
2020-08-01 07:00:00,11652.29,11674.22,11580.58,11668.28,604.18929992,NO_PATTERN,NO_PATTERN
2020-08-01 08:00:00,11668.27,11727.39,11637.39,11683.68,362.52139123,NO_PATTERN,NO_PATTERN
2020-08-01 09:00:00,11683.68,11728.91,11643.29,11709.78,301.89826347,NO_PATTERN,NO_PATTERN
2020-08-01 10:00:00,11709.78,11738.0,11601.28,11634.7,327.12658962,NO_PATTERN,NO_PATTERN
2020-08-01 11:00:00,11634.38,11667.58,11561.56,11667.58,425.59912527,NO_PATTERN,NO_PATTERN
2020-08-01 12:00:00,11667.58,11701.0,11645.11,11681.0,675.3299035699999,NO_PATTERN,NO_PATTERN
2020-08-01 13:00:00,11681.0,11681.0,11490.63,11540.0,1194.91301935,NO_PATTERN,NO_PATTERN
2020-08-01 14:00:00,11540.0,11618.89,11518.01,11618.05,559.27807291,NO_PATTERN,NO_PATTERN
2020-08-01 15:00:00,11618.05,11653.64,11599.9,11653.64,488.19077353,NO_PATTERN,NO_PATTERN
2020-08-01 16:00:00,11653.28,11709.65,11625.0,11656.17,805.10981249,DOJI,Neutral
2020-08-01 17:00:00,11656.16,11756.9,11654.89,11756.89,879.20748523,NO_PATTERN,NO_PATTERN
2020-08-01 18:00:00,11754.95,11755.0,11590.0,11687.7,905.68191227,NO_PATTERN,NO_PATTERN
2020-08-01 19:00:00,11687.69,11888.0,11680.04,11795.41,1694.36123813,ENGULFING,Bullish
2020-08-01 20:00:00,11798.26,11875.0,11692.0,11849.43,1155.9606984,NO_PATTERN,NO_PATTERN
2020-08-01 21:00:00,11849.43,11884.5,11761.0,11776.39,724.46900558,NO_PATTERN,NO_PATTERN
2020-08-01 22:00:00,11776.43,11802.0,11720.14,11800.27,1113.2929039,HARAMI,Bull
2020-08-01 23:00:00,11800.27,11830.81,11755.0,11810.07,585.50288756,DOJI,Neutral
2020-08-02 00:00:00,11810.07,11867.44,11755.0,11797.75,694.61422333,NO_PATTERN,NO_PATTERN
2020-08-02 01:00:00,11797.75,11950.0,11790.06,11950.0,914.88451852,NO_PATTERN,NO_PATTERN
2020-08-02 02:00:00,11950.0,11971.11,11902.08,11937.84,1004.83293746,DOJI,Neutral
2020-08-02 03:00:00,11937.84,12000.0,11885.0,12000.0,1179.95888422,NO_PATTERN,NO_PATTERN
2020-08-02 04:00:00,12000.0,12134.29,10546.15,11181.02,9115.4746164,NO_PATTERN,NO_PATTERN
2020-08-02 05:00:00,11182.6,11426.55,11124.72,11268.65,2832.91477101,HARAMI,Bullish
2020-08-02 06:00:00,11268.65,11324.73,11210.39,11303.53,954.4251269700001,NO_PATTERN,NO_PATTERN
2020-08-02 07:00:00,11303.53,11381.47,11266.5,11329.5,611.3810713400001,DOJI,Neutral
2020-08-02 08:00:00,11328.78,11349.95,11270.02,11282.47,701.71479417,NO_PATTERN,NO_PATTERN
2020-08-02 09:00:00,11282.48,11314.1,11233.87,11309.37,454.23132025,HAMMER,Neutral
2020-08-02 10:00:00,11309.23,11321.95,11128.98,11256.79,652.28275809,HAMMER,Neutral
2020-08-02 11:00:00,11256.8,11271.93,10931.81,11109.52,1225.42325988,NO_PATTERN,NO_PATTERN
2020-08-02 12:00:00,11109.5,11186.74,10963.73,10998.52,850.35747258,NO_PATTERN,NO_PATTERN
2020-08-02 13:00:00,10996.64,11140.26,10986.18,11116.6,743.37401727,ENGULFING,Bullish
2020-08-02 14:00:00,11116.05,11186.32,11065.26,11139.67,602.64298278,DOJI,Neutral
2020-08-02 15:00:00,11139.67,11157.46,11083.4,11094.01,542.26451376,NO_PATTERN,NO_PATTERN
2020-08-02 16:00:00,11094.01,11220.08,11075.7,11209.62,578.32069761,NO_PATTERN,NO_PATTERN
2020-08-02 17:00:00,11211.17,11290.9,11181.68,11270.02,686.1103561,NO_PATTERN,NO_PATTERN
2020-08-02 18:00:00,11269.21,11274.72,11205.32,11231.97,472.20613382,NO_PATTERN,NO_PATTERN
2020-08-02 19:00:00,11231.14,11270.0,11121.99,11208.38,744.03010047,NO_PATTERN,NO_PATTERN
2020-08-02 20:00:00,11208.46,11232.59,11090.0,11094.72,555.19728614,NO_PATTERN,NO_PATTERN
2020-08-02 21:00:00,11094.9,11157.13,11001.0,11138.2,612.20555591,HARAMI,Bullish
2020-08-02 22:00:00,11137.65,11184.97,11112.72,11123.17,438.8427624,NO_PATTERN,NO_PATTERN
2020-08-02 23:00:00,11123.17,11141.73,11037.03,11068.54,905.4206349,NO_PATTERN,NO_PATTERN
2020-08-03 00:00:00,11067.46,11141.89,10911.74,11128.63,957.7988390300001,ENGULFING,Bullish
2020-08-03 01:00:00,11130.44,11174.15,11110.78,11114.88,377.12002622,NO_PATTERN,NO_PATTERN
2020-08-03 02:00:00,11115.03,11210.0,11115.03,11184.84,360.06479143999996,NO_PATTERN,NO_PATTERN
2020-08-03 03:00:00,11184.84,11195.0,11117.11,11138.01,284.36095425999997,NO_PATTERN,NO_PATTERN
2020-08-03 04:00:00,11139.15,11184.59,11135.25,11173.16,172.37479188,NO_PATTERN,NO_PATTERN
2020-08-03 05:00:00,11173.16,11197.25,11127.0,11197.24,254.31473437,NO_PATTERN,NO_PATTERN
2020-08-03 06:00:00,11197.25,11244.99,11171.67,11192.45,286.35216438,DOJI,Neutral
2020-08-03 07:00:00,11192.48,11236.98,11186.62,11204.43,168.80826001,NO_PATTERN,NO_PATTERN
2020-08-03 08:00:00,11204.43,11241.21,11181.3,11190.98,211.95581576,NO_PATTERN,NO_PATTERN
2020-08-03 09:00:00,11193.06,11217.2,11125.0,11127.85,218.35171795,NO_PATTERN,NO_PATTERN
2020-08-03 10:00:00,11127.86,11205.52,11124.51,11204.88,171.01482065,NO_PATTERN,NO_PATTERN
2020-08-03 11:00:00,11204.86,11244.67,11180.94,11234.62,300.81050091,NO_PATTERN,NO_PATTERN
2020-08-03 12:00:00,11234.67,11246.25,11194.69,11225.0,399.41825026000004,NO_PATTERN,NO_PATTERN
2020-08-03 13:00:00,11225.01,11308.5,11225.0,11288.06,1007.75840871,NO_PATTERN,NO_PATTERN
2020-08-03 14:00:00,11287.6,11345.0,11272.34,11311.53,1314.54355595,NO_PATTERN,NO_PATTERN
2020-08-03 15:00:00,11311.53,11416.97,11311.52,11393.33,1240.21220277,NO_PATTERN,NO_PATTERN
2020-08-03 16:00:00,11393.32,11486.6,11333.34,11356.42,1347.95679358,HARAMI,Bearish
2020-08-03 17:00:00,11356.42,11443.77,11344.29,11430.01,528.66485654,NO_PATTERN,NO_PATTERN
2020-08-03 18:00:00,11431.78,11442.85,11384.77,11427.9,546.3563954599999,DOJI,Neutral
2020-08-03 19:00:00,11427.89,11427.9,11361.94,11418.87,502.29757515,NO_PATTERN,NO_PATTERN
2020-08-03 20:00:00,11418.81,11426.04,11365.0,11389.62,484.77042561,NO_PATTERN,NO_PATTERN
2020-08-03 21:00:00,11388.37,11422.14,11160.0,11210.07,845.77193877,NO_PATTERN,NO_PATTERN
2020-08-03 22:00:00,11209.91,11302.59,11185.18,11225.72,857.49230519,NO_PATTERN,NO_PATTERN
2020-08-03 23:00:00,11225.72,11255.05,11145.09,11233.13,929.30659917,DOJI,Neutral
2020-08-04 00:00:00,11233.16,11417.11,11233.12,11363.91,706.28933637,NO_PATTERN,NO_PATTERN
2020-08-04 01:00:00,11363.91,11378.0,11324.91,11331.63,456.84666496,NO_PATTERN,NO_PATTERN
2020-08-04 02:00:00,11331.63,11362.03,11262.34,11281.6,583.74058144,NO_PATTERN,NO_PATTERN
2020-08-04 03:00:00,11281.94,11316.45,11222.0,11264.16,330.87311313,NO_PATTERN,NO_PATTERN
2020-08-04 04:00:00,11264.24,11320.21,11229.46,11319.07,254.11408171,NO_PATTERN,NO_PATTERN
2020-08-04 05:00:00,11318.33,11327.99,11257.44,11282.51,213.53019561,HARAMI,Bearish
2020-08-04 06:00:00,11282.52,11284.39,11200.0,11251.46,342.18490471,HAMMER,Neutral
2020-08-04 07:00:00,11251.46,11315.55,11245.06,11296.49,247.83073302,NO_PATTERN,NO_PATTERN
2020-08-04 08:00:00,11296.49,11321.21,11248.0,11248.0,184.32377157,NO_PATTERN,NO_PATTERN
2020-08-04 09:00:00,11248.0,11270.89,11233.38,11255.83,158.11813251,DOJI,Neutral
2020-08-04 10:00:00,11256.89,11304.78,11210.95,11222.95,348.87112462,ENGULFING,Bearish
2020-08-04 11:00:00,11223.26,11282.67,11061.0,11120.12,1485.67473656,NO_PATTERN,NO_PATTERN
2020-08-04 12:00:00,11123.41,11173.39,11100.38,11156.53,769.72614597,HARAMI,Bullish
2020-08-04 13:00:00,11156.52,11162.74,11006.16,11133.18,1162.96876085,NO_PATTERN,NO_PATTERN
2020-08-04 14:00:00,11133.77,11215.0,11130.25,11212.46,527.8396729899999,NO_PATTERN,NO_PATTERN
2020-08-04 15:00:00,11213.56,11238.42,11181.14,11215.4,643.42916903,DOJI,Neutral
2020-08-04 16:00:00,11215.39,11240.0,11138.77,11170.26,531.94046752,EVENINGSTAR,Neutral
2020-08-04 17:00:00,11170.24,11270.0,11161.8,11259.61,505.34706873,ENGULFING,Bullish
2020-08-04 18:00:00,11259.1,11278.81,11195.08,11224.73,553.81991639,HARAMI,Bearish
2020-08-04 19:00:00,11224.94,11252.98,11221.38,11235.0,347.6344037,GRAVESTONEDOJI,Neutral
2020-08-04 20:00:00,11235.01,11277.48,11202.7,11217.04,319.07940532000003,ENGULFING,Bearish
2020-08-04 21:00:00,11217.03,11252.74,11163.67,11236.08,439.3859858,ENGULFING,Bullish
2020-08-04 22:00:00,11237.8,11256.0,11197.15,11237.43,450.32578678,DOJI,Neutral
2020-08-04 23:00:00,11237.44,11245.91,11171.66,11197.04,489.17888941,NO_PATTERN,NO_PATTERN
2020-08-05 00:00:00,11197.05,11221.96,11145.0,11178.0,476.88453825,NO_PATTERN,NO_PATTERN
2020-08-05 01:00:00,11178.0,11190.96,11073.7,11190.51,598.13326688,NO_PATTERN,NO_PATTERN
2020-08-05 02:00:00,11190.51,11200.23,11150.05,11196.74,248.33345342,DRAGONFLYDOJI,Neutral
2020-08-05 03:00:00,11196.73,11244.38,11191.79,11243.54,391.99672543,NO_PATTERN,NO_PATTERN
2020-08-05 04:00:00,11244.03,11265.74,11232.21,11253.61,274.34388317,NO_PATTERN,NO_PATTERN
2020-08-05 05:00:00,11253.61,11299.06,11230.55,11297.34,240.89193857,NO_PATTERN,NO_PATTERN
2020-08-05 06:00:00,11296.24,11328.57,11277.08,11279.57,208.83790759000001,HARAMI,Bearish
2020-08-05 07:00:00,11279.57,11314.89,11273.61,11279.32,163.97180001,GRAVESTONEDOJI,Neutral
2020-08-05 08:00:00,11279.32,11322.95,11279.32,11299.61,212.82137778,NO_PATTERN,NO_PATTERN
2020-08-05 09:00:00,11299.6,11400.0,11299.6,11398.78,328.09237045,NO_PATTERN,NO_PATTERN
2020-08-05 10:00:00,11397.86,11443.24,11372.94,11400.64,427.65584705,DOJI,Neutral
2020-08-05 11:00:00,11400.64,11460.21,11392.38,11444.92,596.12897649,NO_PATTERN,NO_PATTERN
2020-08-05 12:00:00,11444.92,11601.04,11400.0,11576.28,1888.34406998,NO_PATTERN,NO_PATTERN
2020-08-05 13:00:00,11578.78,11646.7,11556.47,11630.0,1344.9952411,NO_PATTERN,NO_PATTERN
2020-08-05 14:00:00,11630.0,11657.72,11510.41,11634.15,1154.78878859,DOJI,Neutral
2020-08-05 15:00:00,11635.14,11712.04,11610.0,11682.43,1485.30645003,NO_PATTERN,NO_PATTERN
2020-08-05 16:00:00,11682.41,11729.56,11625.0,11649.07,1021.16618382,HARAMI,Bearish
2020-08-05 17:00:00,11648.84,11700.0,11643.09,11687.62,596.85000396,ENGULFING,Bullish
2020-08-05 18:00:00,11687.85,11700.88,11655.06,11676.45,531.23853487,NO_PATTERN,NO_PATTERN
2020-08-05 19:00:00,11675.83,11708.09,11656.25,11666.52,511.19640947,DOJI,Neutral
2020-08-05 20:00:00,11666.51,11700.0,11656.31,11697.0,401.02320061,ENGULFING,Bullish
2020-08-05 21:00:00,11697.0,11798.87,11694.86,11783.06,843.68522047,NO_PATTERN,NO_PATTERN
2020-08-05 22:00:00,11783.06,11783.07,11529.38,11633.03,1947.43948442,NO_PATTERN,NO_PATTERN
2020-08-05 23:00:00,11633.03,11761.0,11631.83,11756.75,686.09259727,NO_PATTERN,NO_PATTERN
2020-08-06 00:00:00,11756.75,11816.54,11664.0,11736.98,1047.47171566,NO_PATTERN,NO_PATTERN
2020-08-06 01:00:00,11736.98,11736.98,11641.85,11684.13,617.5067871,NO_PATTERN,NO_PATTERN
2020-08-06 02:00:00,11683.81,11703.28,11615.13,11702.27,1075.37012762,NO_PATTERN,NO_PATTERN
2020-08-06 03:00:00,11702.27,11703.0,11634.51,11661.6,526.57553981,NO_PATTERN,NO_PATTERN
2020-08-06 04:00:00,11659.35,11660.69,11580.19,11621.65,1127.30886034,HAMMER,Neutral
2020-08-06 05:00:00,11621.24,11648.46,11593.83,11643.72,406.97729069,NO_PATTERN,NO_PATTERN
2020-08-06 06:00:00,11643.72,11693.31,11634.32,11683.87,419.46886862,NO_PATTERN,NO_PATTERN
2020-08-06 07:00:00,11683.87,11683.87,11641.71,11643.64,270.04278465,NO_PATTERN,NO_PATTERN
2020-08-06 08:00:00,11643.04,11729.01,11641.66,11717.26,401.96531912,ENGULFING,Bullish
2020-08-06 09:00:00,11717.23,11764.13,11708.43,11746.45,376.36813855,NO_PATTERN,NO_PATTERN
2020-08-06 10:00:00,11746.45,11752.45,11679.12,11683.8,419.91537304999997,NO_PATTERN,NO_PATTERN
2020-08-06 11:00:00,11683.94,11742.69,11664.71,11704.3,305.2397792,HARAMI,Bullish
2020-08-06 12:00:00,11704.29,11785.0,11702.54,11775.0,898.4174227,NO_PATTERN,NO_PATTERN
2020-08-06 13:00:00,11775.0,11885.0,11748.64,11878.45,1155.81177072,NO_PATTERN,NO_PATTERN
2020-08-06 14:00:00,11878.45,11888.0,11738.31,11812.45,1268.10788454,NO_PATTERN,NO_PATTERN
2020-08-06 15:00:00,11812.45,11864.79,11804.51,11856.63,1050.47520612,NO_PATTERN,NO_PATTERN
2020-08-06 16:00:00,11856.62,11888.0,11814.41,11843.23,892.51017746,NO_PATTERN,NO_PATTERN
2020-08-06 17:00:00,11843.23,11880.0,11798.82,11875.0,652.53659921,NO_PATTERN,NO_PATTERN
2020-08-06 18:00:00,11875.0,11880.61,11814.39,11858.92,636.33712045,NO_PATTERN,NO_PATTERN
2020-08-06 19:00:00,11859.06,11916.68,11852.1,11880.0,858.23934426,NO_PATTERN,NO_PATTERN
2020-08-06 20:00:00,11879.99,11897.88,11806.29,11857.51,798.76692111,NO_PATTERN,NO_PATTERN
2020-08-06 21:00:00,11857.51,11894.43,11650.0,11754.1,1200.4508634000001,NO_PATTERN,NO_PATTERN
2020-08-06 22:00:00,11754.1,11800.0,11730.0,11796.01,687.85670327,NO_PATTERN,NO_PATTERN
2020-08-06 23:00:00,11796.56,11796.86,11721.16,11773.89,836.47280715,NO_PATTERN,NO_PATTERN
2020-08-07 00:00:00,11773.89,11831.27,11749.42,11796.25,570.21663003,NO_PATTERN,NO_PATTERN
2020-08-07 01:00:00,11796.26,11865.0,11796.25,11834.43,414.00550982,NO_PATTERN,NO_PATTERN
2020-08-07 02:00:00,11834.43,11920.0,11829.2,11863.95,689.11503456,NO_PATTERN,NO_PATTERN
2020-08-07 03:00:00,11863.95,11900.0,11830.76,11832.69,447.26139646,NO_PATTERN,NO_PATTERN
2020-08-07 04:00:00,11832.61,11845.48,11775.92,11823.86,566.31194778,DOJI,Neutral
2020-08-07 05:00:00,11823.85,11823.86,11735.0,11794.1,713.00628295,NO_PATTERN,NO_PATTERN
2020-08-07 06:00:00,11794.1,11830.0,11777.82,11820.15,228.02607587,NO_PATTERN,NO_PATTERN
2020-08-07 07:00:00,11820.14,11820.15,11763.27,11793.21,879.48741064,HAMMER,Neutral
2020-08-07 08:00:00,11793.2,11841.07,11743.68,11834.22,598.82932326,ENGULFING,Bullish
2020-08-07 09:00:00,11834.22,11852.37,11800.0,11820.84,355.52064919000003,NO_PATTERN,NO_PATTERN
2020-08-07 10:00:00,11820.83,11831.46,11763.42,11798.03,394.39108989,NO_PATTERN,NO_PATTERN
2020-08-07 11:00:00,11798.02,11800.48,11695.45,11763.57,848.99070361,NO_PATTERN,NO_PATTERN
2020-08-07 12:00:00,11764.38,11780.1,11690.71,11760.0,771.71884696,DOJI,Neutral
2020-08-07 13:00:00,11760.0,11780.13,11713.49,11745.78,669.49020735,NO_PATTERN,NO_PATTERN
2020-08-07 14:00:00,11745.78,11746.38,11510.01,11641.35,3082.3137760600002,NO_PATTERN,NO_PATTERN
2020-08-07 15:00:00,11639.3,11674.55,11626.19,11648.71,695.57030794,NO_PATTERN,NO_PATTERN
2020-08-07 16:00:00,11648.71,11676.32,11600.0,11601.88,1121.8768845499999,NO_PATTERN,NO_PATTERN
2020-08-07 17:00:00,11601.87,11635.28,11442.81,11551.96,3721.975805,NO_PATTERN,NO_PATTERN
2020-08-07 18:00:00,11550.54,11551.59,11350.0,11497.27,3216.75778883,NO_PATTERN,NO_PATTERN
2020-08-07 19:00:00,11497.27,11531.27,11472.89,11513.26,1390.03215052,NO_PATTERN,NO_PATTERN
2020-08-07 20:00:00,11513.26,11657.08,11500.28,11576.47,1096.17649931,NO_PATTERN,NO_PATTERN
2020-08-07 21:00:00,11576.47,11629.46,11567.91,11611.88,556.66225595,NO_PATTERN,NO_PATTERN
2020-08-07 22:00:00,11611.49,11652.71,11591.18,11595.83,308.9391928,NO_PATTERN,NO_PATTERN
2020-08-07 23:00:00,11595.54,11650.89,11570.12,11606.52,346.87785224,DOJI,Neutral
2020-08-08 00:00:00,11606.52,11632.4,11544.52,11612.59,397.99311111,DOJI,Neutral
2020-08-08 01:00:00,11612.52,11667.87,11611.08,11642.18,290.33006102,NO_PATTERN,NO_PATTERN
2020-08-08 02:00:00,11642.18,11655.08,11605.15,11625.68,241.63083128,NO_PATTERN,NO_PATTERN
2020-08-08 03:00:00,11625.68,11629.24,11548.69,11555.05,229.96342350999998,NO_PATTERN,NO_PATTERN
2020-08-08 04:00:00,11555.77,11593.63,11545.45,11549.0,179.44451501,GRAVESTONEDOJI,Neutral
2020-08-08 05:00:00,11548.99,11630.0,11529.45,11623.91,358.29742779,ENGULFING,Bullish
2020-08-08 06:00:00,11623.91,11630.01,11604.41,11616.5,90.84595537,DRAGONFLYDOJI,Neutral
2020-08-08 07:00:00,11616.5,11638.0,11600.0,11600.0,11.47030958,NO_PATTERN,NO_PATTERN
2020-08-08 08:00:00,11613.18,11623.17,11579.96,11592.58,75.100408,NO_PATTERN,NO_PATTERN
2020-08-08 09:00:00,11592.57,11761.22,11592.52,11757.49,378.94915723,3LINESTRIKE,Bear
2020-08-08 10:00:00,11758.0,11800.0,11736.17,11749.16,315.26663567,NO_PATTERN,NO_PATTERN
2020-08-08 11:00:00,11749.17,11800.0,11749.07,11786.99,173.13338731,NO_PATTERN,NO_PATTERN
2020-08-08 12:00:00,11789.04,11818.18,11764.66,11785.1,335.53915275,DOJI,Neutral
2020-08-08 13:00:00,11785.17,11791.79,11733.78,11762.25,210.49029232,HAMMER,Neutral
2020-08-08 14:00:00,11762.26,11777.0,11725.01,11751.46,289.2023137,NO_PATTERN,NO_PATTERN
2020-08-08 15:00:00,11751.47,11794.31,11750.0,11751.73,356.63308407,GRAVESTONEDOJI,Neutral
2020-08-08 16:00:00,11751.72,11773.1,11608.78,11700.0,920.88944136,NO_PATTERN,NO_PATTERN
2020-08-08 17:00:00,11700.0,11723.26,11640.57,11717.96,567.6039269,NO_PATTERN,NO_PATTERN
2020-08-08 18:00:00,11717.96,11717.96,11681.16,11681.16,19.89375527,NO_PATTERN,NO_PATTERN
2020-08-08 19:00:00,11681.16,11726.97,11670.55,11719.61,199.34646807,NO_PATTERN,NO_PATTERN
2020-08-08 20:00:00,11719.61,11721.53,11672.21,11720.01,425.47304127,DRAGONFLYDOJI,Neutral
2020-08-08 21:00:00,11720.01,11793.0,11719.69,11772.0,378.64860248,NO_PATTERN,NO_PATTERN
2020-08-08 22:00:00,11772.0,11779.99,11727.41,11750.0,354.62285781,NO_PATTERN,NO_PATTERN
2020-08-08 23:00:00,11750.0,11778.85,11685.01,11774.98,515.00376277,NO_PATTERN,NO_PATTERN
2020-08-09 00:00:00,11773.24,11810.24,11759.15,11768.9,533.92580741,DOJI,Neutral
2020-08-09 01:00:00,11768.9,11777.48,11600.0,11710.36,534.06640716,NO_PATTERN,NO_PATTERN
2020-08-09 02:00:00,11710.36,11749.94,11702.48,11728.53,196.02237276,NO_PATTERN,NO_PATTERN
2020-08-09 03:00:00,11728.24,11786.35,11718.04,11744.93,204.27928549,NO_PATTERN,NO_PATTERN
2020-08-09 04:00:00,11745.23,11751.87,11696.73,11700.03,203.86833354,ENGULFING,Bearish
2020-08-09 05:00:00,11700.03,11729.75,11642.14,11650.74,323.49183984,NO_PATTERN,NO_PATTERN
2020-08-09 06:00:00,11650.74,11702.33,11641.22,11670.31,203.79272916,NO_PATTERN,NO_PATTERN
2020-08-09 07:00:00,11670.31,11715.18,11670.0,11702.57,137.40125056,NO_PATTERN,NO_PATTERN
2020-08-09 08:00:00,11702.58,11720.97,11671.85,11689.88,226.31638686,NO_PATTERN,NO_PATTERN
2020-08-09 09:00:00,11689.89,11715.41,11609.0,11657.38,500.29328267,NO_PATTERN,NO_PATTERN
2020-08-09 10:00:00,11657.05,11680.19,11633.33,11678.04,196.18456658,NO_PATTERN,NO_PATTERN
2020-08-09 11:00:00,11678.0,11718.01,11675.1,11693.92,205.20811699,NO_PATTERN,NO_PATTERN
2020-08-09 12:00:00,11694.28,11694.92,11638.69,11658.46,434.84110676,ENGULFING,Bearish
2020-08-09 13:00:00,11658.45,11687.17,11608.88,11625.01,397.56285504,NO_PATTERN,NO_PATTERN
2020-08-09 14:00:00,11625.01,11643.0,11560.0,11582.2,401.6373235,NO_PATTERN,NO_PATTERN
2020-08-09 15:00:00,11582.32,11611.0,11550.69,11577.17,238.95681242,DOJI,Neutral
2020-08-09 16:00:00,11577.19,11642.63,11573.0,11595.01,364.31377616,NO_PATTERN,NO_PATTERN
2020-08-09 17:00:00,11595.0,11608.84,11533.3,11536.59,501.5770661,NO_PATTERN,NO_PATTERN
2020-08-09 18:00:00,11536.59,11652.11,11532.04,11644.14,327.30875987,NO_PATTERN,NO_PATTERN
2020-08-09 19:00:00,11644.14,11665.0,11630.06,11635.02,266.87622966,NO_PATTERN,NO_PATTERN
2020-08-09 20:00:00,11635.02,11689.45,11635.01,11681.87,247.55436906,NO_PATTERN,NO_PATTERN
2020-08-09 21:00:00,11681.4,11690.0,11631.69,11649.99,312.07855252,HARAMI,Bearish
2020-08-09 22:00:00,11650.0,11700.71,11649.99,11695.21,285.56648036,NO_PATTERN,NO_PATTERN
2020-08-09 23:00:00,11695.21,11704.52,11656.52,11688.48,322.86483806,DOJI,Neutral
2020-08-10 00:00:00,11688.25,11772.8,11688.25,11749.33,399.10346017,ENGULFING,Bullish
2020-08-10 01:00:00,11749.34,11871.17,11749.34,11862.6,768.86868815,NO_PATTERN,NO_PATTERN
2020-08-10 02:00:00,11864.71,12086.22,11864.71,12012.0,3192.41110348,NO_PATTERN,NO_PATTERN
2020-08-10 03:00:00,12012.0,12075.0,11987.51,12035.66,1258.1858331,NO_PATTERN,NO_PATTERN
2020-08-10 04:00:00,12036.03,12076.42,11981.27,12000.0,1088.10348839,ENGULFING,Bearish
2020-08-10 05:00:00,12000.01,12024.29,11946.37,11984.0,600.434405,NO_PATTERN,NO_PATTERN
2020-08-10 06:00:00,11983.99,12017.09,11958.26,12008.83,333.02214784,ENGULFING,Bullish
2020-08-10 07:00:00,12008.82,12024.48,11969.36,11985.97,425.69227318,NO_PATTERN,NO_PATTERN
2020-08-10 08:00:00,11985.97,12020.0,11970.37,11988.54,363.04748452,DOJI,Neutral
2020-08-10 09:00:00,11988.54,12003.29,11964.45,11980.85,360.61897951000003,DOJI,Neutral
2020-08-10 10:00:00,11980.85,12009.0,11470.01,11693.94,2967.36851354,NO_PATTERN,NO_PATTERN
2020-08-10 11:00:00,11695.94,11766.15,11695.68,11744.02,611.22715283,HARAMI,Bullish
2020-08-10 12:00:00,11743.81,11940.85,11717.44,11884.13,945.26597055,NO_PATTERN,NO_PATTERN
2020-08-10 13:00:00,11883.61,11956.55,11873.0,11945.08,865.31628392,NO_PATTERN,NO_PATTERN
2020-08-10 14:00:00,11944.45,11983.26,11900.66,11909.07,872.10633744,HARAMI,Bearish
2020-08-10 15:00:00,11906.57,11950.0,11811.26,11937.28,1254.08879939,HAMMER,Neutral
2020-08-10 16:00:00,11937.28,11967.02,11835.0,11889.79,1100.49831767,NO_PATTERN,NO_PATTERN
2020-08-10 17:00:00,11890.41,11904.83,11841.63,11899.01,729.73532539,DRAGONFLYDOJI,Neutral
2020-08-10 18:00:00,11899.01,11922.14,11877.32,11888.83,679.85690749,GRAVESTONEDOJI,Neutral
2020-08-10 19:00:00,11887.37,11902.32,11823.79,11872.08,674.28648483,NO_PATTERN,NO_PATTERN
2020-08-10 20:00:00,11872.08,11889.48,11778.27,11863.32,875.75360031,DOJI,Neutral
2020-08-10 21:00:00,11863.32,11869.26,11800.06,11850.51,656.44365481,NO_PATTERN,NO_PATTERN
2020-08-10 22:00:00,11847.13,11850.31,11770.0,11826.14,605.9106104699999,NO_PATTERN,NO_PATTERN
2020-08-10 23:00:00,11826.14,11899.73,11810.92,11899.73,481.95666522,NO_PATTERN,NO_PATTERN
2020-08-11 00:00:00,11899.87,11920.63,11862.34,11883.78,515.34280726,NO_PATTERN,NO_PATTERN
2020-08-11 01:00:00,11883.78,11943.0,11862.33,11933.28,487.07349464,NO_PATTERN,NO_PATTERN
2020-08-11 02:00:00,11933.28,11936.37,11863.82,11863.83,573.25250884,NO_PATTERN,NO_PATTERN
2020-08-11 03:00:00,11863.83,11882.76,11821.57,11836.52,470.54242724,NO_PATTERN,NO_PATTERN
2020-08-11 04:00:00,11836.52,11868.85,11808.76,11830.96,411.00509924,DOJI,Neutral
2020-08-11 05:00:00,11830.96,11863.0,11813.14,11859.45,231.87891213,NO_PATTERN,NO_PATTERN
2020-08-11 06:00:00,11859.45,11859.88,11720.0,11755.0,1031.2214892499999,NO_PATTERN,NO_PATTERN
2020-08-11 07:00:00,11755.0,11788.25,11712.39,11755.98,552.78004616,DOJI,Neutral
2020-08-11 08:00:00,11755.99,11774.4,11708.17,11718.61,393.27922395999997,ENGULFING,Bearish
2020-08-11 09:00:00,11718.68,11771.41,11695.97,11703.55,465.63294063,NO_PATTERN,NO_PATTERN
2020-08-11 10:00:00,11703.53,11756.01,11650.0,11740.08,839.98517528,ENGULFING,Bullish
2020-08-11 11:00:00,11740.08,11767.09,11722.34,11748.73,489.59492291,NO_PATTERN,NO_PATTERN
2020-08-11 12:00:00,11749.15,11749.15,11631.13,11671.35,847.37257546,ENGULFING,Bearish
2020-08-11 13:00:00,11671.34,11679.27,11570.0,11656.32,1392.65113628,NO_PATTERN,NO_PATTERN
2020-08-11 14:00:00,11655.96,11661.6,11530.0,11574.75,1708.5970135,NO_PATTERN,NO_PATTERN
2020-08-11 15:00:00,11574.75,11580.87,11355.0,11488.19,2139.82156462,NO_PATTERN,NO_PATTERN
2020-08-11 16:00:00,11487.78,11500.0,11300.0,11432.99,1703.03410605,NO_PATTERN,NO_PATTERN
2020-08-11 17:00:00,11432.02,11555.0,11369.87,11494.34,995.72915926,ENGULFING,Bullish
2020-08-11 18:00:00,11493.71,11494.2,11413.63,11449.81,487.22975734,HARAMI,Bearish
2020-08-11 19:00:00,11449.84,11489.18,11387.63,11388.94,937.20936985,NO_PATTERN,NO_PATTERN
2020-08-11 20:00:00,11388.94,11389.53,11130.0,11211.99,1717.25257251,NO_PATTERN,NO_PATTERN
2020-08-11 21:00:00,11211.99,11366.9,11120.0,11296.72,962.4869823199999,NO_PATTERN,NO_PATTERN
2020-08-11 22:00:00,11296.72,11373.83,11264.36,11348.74,583.48560007,NO_PATTERN,NO_PATTERN
2020-08-11 23:00:00,11348.74,11418.45,11333.5,11388.53,727.30588265,NO_PATTERN,NO_PATTERN
2020-08-12 00:00:00,11388.88,11413.67,11311.11,11331.51,572.73533629,ENGULFING,Bearish
2020-08-12 01:00:00,11331.5,11389.75,11326.5,11345.07,310.40028066,GRAVESTONEDOJI,Neutral
2020-08-12 02:00:00,11345.07,11346.57,11220.24,11248.79,622.80073953,NO_PATTERN,NO_PATTERN
2020-08-12 03:00:00,11248.79,11384.29,11240.09,11384.29,333.94906822999997,NO_PATTERN,NO_PATTERN
2020-08-12 04:00:00,11384.29,11396.36,11304.51,11307.77,332.60593406,NO_PATTERN,NO_PATTERN
2020-08-12 05:00:00,11307.77,11345.75,11260.0,11262.92,319.02276618999997,NO_PATTERN,NO_PATTERN
2020-08-12 06:00:00,11260.64,11360.52,11148.54,11330.22,986.3940237300001,ENGULFING,Bullish
2020-08-12 07:00:00,11330.23,11481.27,11315.29,11451.09,598.2711824200001,NO_PATTERN,NO_PATTERN
2020-08-12 08:00:00,11451.08,11494.8,11427.35,11434.82,442.08877221,HARAMI,Bearish
2020-08-12 09:00:00,11434.82,11510.0,11434.82,11478.51,300.33821377,NO_PATTERN,NO_PATTERN
2020-08-12 10:00:00,11484.07,11539.99,11462.02,11521.17,452.98376869000003,NO_PATTERN,NO_PATTERN
2020-08-12 11:00:00,11521.17,11539.24,11439.48,11467.91,465.67290953,NO_PATTERN,NO_PATTERN
2020-08-12 12:00:00,11467.91,11522.61,11433.18,11517.37,560.9097024499999,NO_PATTERN,NO_PATTERN
2020-08-12 13:00:00,11517.37,11580.0,11482.22,11570.54,690.09968895,NO_PATTERN,NO_PATTERN
2020-08-12 14:00:00,11569.3,11599.99,11540.8,11596.96,904.35787212,NO_PATTERN,NO_PATTERN
2020-08-12 15:00:00,11596.95,11625.0,11550.18,11582.73,640.52320363,NO_PATTERN,NO_PATTERN
2020-08-12 16:00:00,11582.74,11617.37,11545.01,11552.68,641.54372052,NO_PATTERN,NO_PATTERN
2020-08-12 17:00:00,11552.68,11554.56,11483.0,11542.3,693.88448233,HAMMER,Neutral
2020-08-12 18:00:00,11542.31,11559.43,11498.76,11527.54,544.81877254,NO_PATTERN,NO_PATTERN
2020-08-12 19:00:00,11528.17,11600.25,11527.49,11578.59,510.18600681,NO_PATTERN,NO_PATTERN
2020-08-12 20:00:00,11578.61,11598.0,11546.18,11567.71,327.21211072,NO_PATTERN,NO_PATTERN
2020-08-12 21:00:00,11567.71,11568.0,11490.52,11502.8,567.9950048000001,NO_PATTERN,NO_PATTERN
2020-08-12 22:00:00,11501.25,11584.86,11501.25,11551.16,545.84136932,NO_PATTERN,NO_PATTERN
2020-08-12 23:00:00,11550.92,11588.76,11545.61,11566.45,425.13230643,NO_PATTERN,NO_PATTERN
2020-08-13 00:00:00,11566.44,11662.72,11550.01,11636.09,722.88226473,NO_PATTERN,NO_PATTERN
2020-08-13 01:00:00,11636.09,11647.21,11602.94,11609.52,491.45265939,NO_PATTERN,NO_PATTERN
2020-08-13 02:00:00,11609.51,11635.48,11536.51,11571.26,654.82456925,NO_PATTERN,NO_PATTERN
2020-08-13 03:00:00,11576.41,11591.68,11540.99,11576.09,237.19834873,HARAMI,Bull
2020-08-13 04:00:00,11576.07,11595.96,11550.0,11555.83,253.73566575,NO_PATTERN,NO_PATTERN
2020-08-13 05:00:00,11555.83,11555.83,11521.38,11536.59,418.27424496,NO_PATTERN,NO_PATTERN
2020-08-13 06:00:00,11536.59,11571.18,11511.83,11558.01,270.82154546,NO_PATTERN,NO_PATTERN
2020-08-13 07:00:00,11558.0,11569.54,11505.0,11525.07,339.77780605,NO_PATTERN,NO_PATTERN
2020-08-13 08:00:00,11525.07,11525.08,11377.45,11422.82,764.81614758,NO_PATTERN,NO_PATTERN
2020-08-13 09:00:00,11422.82,11429.0,11274.14,11404.43,766.27105707,NO_PATTERN,NO_PATTERN
2020-08-13 10:00:00,11404.43,11482.43,11356.44,11482.41,484.77852526,NO_PATTERN,NO_PATTERN
2020-08-13 11:00:00,11482.41,11630.0,11450.35,11555.53,677.42360376,NO_PATTERN,NO_PATTERN
2020-08-13 12:00:00,11555.3,11592.38,11386.32,11470.88,912.51989028,NO_PATTERN,NO_PATTERN
2020-08-13 13:00:00,11470.88,11534.75,11427.39,11513.07,556.26685006,NO_PATTERN,NO_PATTERN
2020-08-13 14:00:00,11510.11,11555.0,11478.55,11531.76,479.48304447,NO_PATTERN,NO_PATTERN
2020-08-13 15:00:00,11534.83,11543.24,11467.72,11503.78,527.20442716,HAMMER,Neutral
2020-08-13 16:00:00,11503.78,11537.59,11451.1,11533.23,540.2046131,NO_PATTERN,NO_PATTERN
2020-08-13 17:00:00,11533.23,11537.23,11497.19,11529.54,554.24484202,DRAGONFLYDOJI,Neutral
2020-08-13 18:00:00,11529.53,11545.86,11484.45,11495.91,589.73397442,NO_PATTERN,NO_PATTERN
2020-08-13 19:00:00,11495.9,11542.17,11493.0,11518.35,404.04952344000003,NO_PATTERN,NO_PATTERN
2020-08-13 20:00:00,11518.22,11646.5,11518.1,11619.28,1127.25165687,NO_PATTERN,NO_PATTERN
2020-08-13 21:00:00,11615.13,11740.0,11602.08,11700.41,1626.55217709,NO_PATTERN,NO_PATTERN
2020-08-13 22:00:00,11701.98,11802.09,11701.97,11739.75,1304.64919595,SHOOTINGSTAR,Neutral
2020-08-13 23:00:00,11739.01,11795.95,11739.01,11795.95,631.43115842,NO_PATTERN,NO_PATTERN
2020-08-14 00:00:00,11795.95,11847.88,11739.92,11773.32,1079.30983753,NO_PATTERN,NO_PATTERN
2020-08-14 01:00:00,11774.06,11818.87,11735.23,11812.28,530.11442769,NO_PATTERN,NO_PATTERN
2020-08-14 02:00:00,11812.28,11823.18,11742.73,11747.2,482.43288335,NO_PATTERN,NO_PATTERN
2020-08-14 03:00:00,11746.42,11769.33,11685.0,11743.95,463.832604,DOJI,Neutral
2020-08-14 04:00:00,11743.95,11777.0,11720.01,11739.98,315.14807494,DOJI,Neutral
2020-08-14 05:00:00,11739.98,11763.33,11709.0,11740.95,276.51472689,DOJI,Neutral
2020-08-14 06:00:00,11740.95,11740.98,11696.41,11696.42,398.5826703,NO_PATTERN,NO_PATTERN
2020-08-14 07:00:00,11696.41,11725.41,11660.05,11719.55,971.5796015,HAMMER,Neutral
2020-08-14 08:00:00,11719.14,11756.2,11681.47,11698.28,394.23361409,NO_PATTERN,NO_PATTERN
2020-08-14 09:00:00,11698.29,11718.93,11677.72,11712.04,314.33700057,NO_PATTERN,NO_PATTERN
2020-08-14 10:00:00,11712.13,11775.02,11708.88,11743.33,174.95246738,NO_PATTERN,NO_PATTERN
2020-08-14 11:00:00,11740.92,11786.36,11715.9,11774.75,417.18543316,NO_PATTERN,NO_PATTERN
2020-08-14 12:00:00,11774.75,11774.76,11728.68,11750.09,464.53998726,NO_PATTERN,NO_PATTERN
2020-08-14 13:00:00,11750.08,11750.09,11682.73,11724.97,693.84200521,NO_PATTERN,NO_PATTERN
2020-08-14 14:00:00,11724.87,11730.47,11651.24,11716.43,668.19769708,NO_PATTERN,NO_PATTERN
2020-08-14 15:00:00,11716.43,11753.66,11658.63,11750.0,925.69356928,MORNINGSTAR,Neutral
2020-08-14 16:00:00,11749.99,11865.97,11720.63,11828.43,1179.94160479,NO_PATTERN,NO_PATTERN
2020-08-14 17:00:00,11828.29,11853.8,11779.58,11801.68,791.2221680499999,HARAMI,Bearish
2020-08-14 18:00:00,11800.38,11843.91,11794.0,11836.29,589.67575873,ENGULFING,Bullish
2020-08-14 19:00:00,11836.3,11839.12,11784.2,11815.28,544.69947214,NO_PATTERN,NO_PATTERN
2020-08-14 20:00:00,11815.28,11838.65,11751.54,11774.77,719.56495473,NO_PATTERN,NO_PATTERN
2020-08-14 21:00:00,11774.77,11794.63,11714.1,11777.33,674.78064461,DOJI,Neutral
2020-08-14 22:00:00,11775.64,11800.0,11734.83,11792.34,342.17616853,NO_PATTERN,NO_PATTERN
2020-08-14 23:00:00,11792.4,11799.31,11752.63,11779.0,326.46204895,NO_PATTERN,NO_PATTERN
2020-08-15 00:00:00,11777.5,11989.98,11774.28,11930.21,1320.85655407,ENGULFING,Bullish
2020-08-15 01:00:00,11931.41,11955.5,11875.32,11935.98,585.92397965,DOJI,Neutral
2020-08-15 02:00:00,11935.98,11953.71,11891.12,11903.27,368.54406492,NO_PATTERN,NO_PATTERN
2020-08-15 03:00:00,11903.19,11918.47,11870.56,11901.03,290.26450967,DOJI,Neutral
2020-08-15 04:00:00,11901.05,11910.07,11828.13,11874.62,730.22599301,NO_PATTERN,NO_PATTERN
2020-08-15 05:00:00,11874.62,11898.0,11850.0,11898.0,281.00105679,NO_PATTERN,NO_PATTERN
2020-08-15 06:00:00,11897.99,11930.41,11887.24,11894.55,250.65577389,GRAVESTONEDOJI,Neutral
2020-08-15 07:00:00,11894.65,11914.33,11861.36,11902.54,406.80300115,NO_PATTERN,NO_PATTERN
2020-08-15 08:00:00,11902.54,11945.59,11833.08,11878.41,359.51378416,NO_PATTERN,NO_PATTERN
2020-08-15 09:00:00,11878.42,11920.0,11860.83,11902.63,388.38735687,NO_PATTERN,NO_PATTERN
2020-08-15 10:00:00,11902.63,11924.91,11863.28,11869.31,325.64554561,NO_PATTERN,NO_PATTERN
2020-08-15 11:00:00,11869.31,11898.85,11845.57,11852.26,261.56275226,NO_PATTERN,NO_PATTERN
2020-08-15 12:00:00,11852.26,11874.51,11688.0,11753.06,722.20262614,NO_PATTERN,NO_PATTERN
2020-08-15 13:00:00,11751.86,11826.03,11731.69,11803.12,413.67515331,NO_PATTERN,NO_PATTERN
2020-08-15 14:00:00,11803.0,11842.85,11782.2,11815.0,506.60896248,NO_PATTERN,NO_PATTERN
2020-08-15 15:00:00,11815.01,11900.0,11801.18,11860.89,455.07222348,NO_PATTERN,NO_PATTERN
2020-08-15 16:00:00,11861.06,11910.06,11818.01,11860.65,472.98817914,DOJI,Neutral
2020-08-15 17:00:00,11860.64,11892.52,11860.64,11864.66,348.125229,GRAVESTONEDOJI,Neutral
2020-08-15 18:00:00,11864.66,11896.54,11861.37,11885.23,298.12286554,NO_PATTERN,NO_PATTERN
2020-08-15 19:00:00,11885.78,11896.77,11833.07,11842.93,444.23309915,ENGULFING,Bearish
2020-08-15 20:00:00,11842.85,11878.07,11838.9,11870.09,347.06073445,NO_PATTERN,NO_PATTERN
2020-08-15 21:00:00,11870.08,11988.0,11750.0,11902.64,1455.9715189199999,NO_PATTERN,NO_PATTERN
2020-08-15 22:00:00,11902.56,11980.0,11840.75,11864.07,873.36964345,NO_PATTERN,NO_PATTERN
2020-08-15 23:00:00,11864.47,11885.19,11809.09,11859.24,649.90012068,DOJI,Neutral
2020-08-16 00:00:00,11860.02,11876.77,11796.49,11815.6,410.09300514,NO_PATTERN,NO_PATTERN
2020-08-16 01:00:00,11815.59,11900.0,11782.29,11897.83,364.814923,ENGULFING,Bullish
2020-08-16 02:00:00,11897.95,11898.65,11847.67,11877.5,227.05586419,NO_PATTERN,NO_PATTERN
2020-08-16 03:00:00,11877.5,11933.98,11877.49,11933.97,383.68326588,NO_PATTERN,NO_PATTERN
2020-08-16 04:00:00,11933.97,11940.0,11881.96,11900.68,276.72003466,NO_PATTERN,NO_PATTERN
2020-08-16 05:00:00,11900.69,11929.96,11888.3,11902.83,339.48681734,DOJI,Neutral
2020-08-16 06:00:00,11902.94,11920.15,11869.33,11892.23,283.74473478,ENGULFING,Bearish
2020-08-16 07:00:00,11892.23,11895.33,11857.01,11863.04,158.19604397,NO_PATTERN,NO_PATTERN
2020-08-16 08:00:00,11863.05,11878.38,11815.8,11847.91,190.76861975,NO_PATTERN,NO_PATTERN
2020-08-16 09:00:00,11847.74,11885.47,11808.76,11874.0,331.18692500000003,ENGULFING,Bullish
2020-08-16 10:00:00,11874.0,11884.52,11760.0,11790.84,606.28541708,NO_PATTERN,NO_PATTERN
2020-08-16 11:00:00,11792.74,11796.11,11725.14,11753.94,604.52604041,NO_PATTERN,NO_PATTERN
2020-08-16 12:00:00,11753.41,11792.9,11686.53,11779.53,680.9631875599999,NO_PATTERN,NO_PATTERN
2020-08-16 13:00:00,11779.4,11821.91,11759.96,11817.31,392.10427588,NO_PATTERN,NO_PATTERN
2020-08-16 14:00:00,11818.29,11841.45,11790.74,11811.86,371.53377176,DOJI,Neutral
2020-08-16 15:00:00,11811.96,11887.0,11795.62,11866.01,446.17313154,NO_PATTERN,NO_PATTERN
2020-08-16 16:00:00,11866.01,11900.0,11856.43,11867.25,513.33453322,DOJI,Neutral
2020-08-16 17:00:00,11867.26,11877.04,11828.68,11837.92,298.35745286,ENGULFING,Bearish
2020-08-16 18:00:00,11837.93,11843.93,11809.7,11837.93,312.03719972,HAMMER,Neutral
2020-08-16 19:00:00,11835.08,11863.6,11820.0,11824.46,256.95709648999997,INVERTEDHAMMER,Neutral
2020-08-16 20:00:00,11824.45,11853.0,11799.33,11849.92,425.72570683,ENGULFING,Bullish
2020-08-16 21:00:00,11849.92,11898.43,11845.0,11861.61,291.72534236,NO_PATTERN,NO_PATTERN
2020-08-16 22:00:00,11861.6,11910.0,11835.01,11910.0,311.5521988,NO_PATTERN,NO_PATTERN
2020-08-16 23:00:00,11909.99,11923.86,11873.83,11918.84,390.00783972,NO_PATTERN,NO_PATTERN
2020-08-17 00:00:00,11918.84,11940.0,11811.71,11851.59,585.7664482600001,NO_PATTERN,NO_PATTERN
2020-08-17 01:00:00,11851.62,11856.04,11792.02,11849.18,397.17461475,DRAGONFLYDOJI,Neutral
2020-08-17 02:00:00,11847.24,11869.7,11775.0,11863.88,428.14755272,ENGULFING,Bullish
2020-08-17 03:00:00,11864.02,11873.23,11842.09,11847.43,240.90012149,NO_PATTERN,NO_PATTERN
2020-08-17 04:00:00,11847.43,11859.87,11807.07,11813.02,313.10559594,NO_PATTERN,NO_PATTERN
2020-08-17 05:00:00,11813.01,11838.13,11795.13,11800.0,210.81131006,INVERTEDHAMMER,Neutral
2020-08-17 06:00:00,11800.0,11839.67,11785.92,11804.07,290.76559858,DOJI,Neutral
2020-08-17 07:00:00,11804.07,11845.27,11797.3,11815.33,231.11527077,NO_PATTERN,NO_PATTERN
2020-08-17 08:00:00,11812.95,11889.13,11812.95,11875.33,258.09923943,NO_PATTERN,NO_PATTERN
2020-08-17 09:00:00,11875.33,11893.11,11852.75,11857.66,135.71879009,NO_PATTERN,NO_PATTERN
2020-08-17 10:00:00,11860.26,11903.52,11855.65,11866.56,243.97144749,GRAVESTONEDOJI,Neutral
2020-08-17 11:00:00,11864.89,11920.0,11862.25,11914.53,342.02095167,NO_PATTERN,NO_PATTERN
2020-08-17 12:00:00,11912.11,11920.26,11870.11,11888.57,528.24648644,NO_PATTERN,NO_PATTERN
2020-08-17 13:00:00,11888.56,12209.37,11807.44,12124.99,4581.48326966,ENGULFING,Bullish
2020-08-17 14:00:00,12125.0,12210.89,12099.16,12177.45,2136.27233007,NO_PATTERN,NO_PATTERN
2020-08-17 15:00:00,12177.84,12486.61,12143.48,12429.09,3456.71604267,NO_PATTERN,NO_PATTERN
2020-08-17 16:00:00,12429.09,12485.84,12340.0,12395.7,2232.79293831,NO_PATTERN,NO_PATTERN
2020-08-17 17:00:00,12398.93,12429.99,12353.93,12384.05,1355.18305631,NO_PATTERN,NO_PATTERN
2020-08-17 18:00:00,12384.05,12410.95,12287.01,12329.0,1179.32082393,NO_PATTERN,NO_PATTERN
2020-08-17 19:00:00,12326.01,12363.0,12286.64,12342.86,828.76968343,NO_PATTERN,NO_PATTERN
2020-08-17 20:00:00,12342.86,12372.86,12300.04,12326.02,753.30960681,NO_PATTERN,NO_PATTERN
2020-08-17 21:00:00,12326.75,12362.29,12300.0,12335.38,663.23037731,DOJI,Neutral
2020-08-17 22:00:00,12338.71,12400.0,12335.34,12388.51,483.58917442,NO_PATTERN,NO_PATTERN
2020-08-17 23:00:00,12386.87,12414.8,12225.65,12304.26,1903.3569938800001,NO_PATTERN,NO_PATTERN
2020-08-18 00:00:00,12303.98,12359.99,12303.29,12347.86,715.59704427,NO_PATTERN,NO_PATTERN
2020-08-18 01:00:00,12347.85,12400.0,12320.5,12340.82,660.06615086,DOJI,Neutral
2020-08-18 02:00:00,12340.81,12363.75,12311.3,12363.75,373.16711682,ENGULFING,Bullish
2020-08-18 03:00:00,12363.75,12371.24,12282.77,12314.02,567.65365609,NO_PATTERN,NO_PATTERN
2020-08-18 04:00:00,12314.02,12323.09,12227.13,12253.11,601.9626099,NO_PATTERN,NO_PATTERN
2020-08-18 05:00:00,12253.08,12290.75,12214.47,12234.02,450.50897897,NO_PATTERN,NO_PATTERN
2020-08-18 06:00:00,12234.02,12271.07,12200.0,12262.27,472.94119006,NO_PATTERN,NO_PATTERN
2020-08-18 07:00:00,12263.11,12270.32,12224.54,12264.94,285.41920966,DRAGONFLYDOJI,Neutral
2020-08-18 08:00:00,12264.95,12279.62,12250.88,12250.89,161.49414567,ENGULFING,Bearish
2020-08-18 09:00:00,12250.89,12260.73,12216.07,12222.75,265.61537847,NO_PATTERN,NO_PATTERN
2020-08-18 10:00:00,12222.77,12292.36,12187.33,12279.06,484.65437323,NO_PATTERN,NO_PATTERN
2020-08-18 11:00:00,12279.06,12279.87,12160.45,12179.0,662.65639823,NO_PATTERN,NO_PATTERN
2020-08-18 12:00:00,12178.44,12256.25,12170.98,12256.04,827.2042997,NO_PATTERN,NO_PATTERN
2020-08-18 13:00:00,12256.04,12268.8,12020.29,12173.91,1570.86040575,NO_PATTERN,NO_PATTERN
2020-08-18 14:00:00,12173.9,12197.0,11825.0,11944.44,3325.74435372,NO_PATTERN,NO_PATTERN
2020-08-18 15:00:00,11943.85,12039.34,11900.0,11937.72,1300.05314851,DOJI,Neutral
2020-08-18 16:00:00,11937.37,12027.52,11856.45,11988.2,1527.63085903,ENGULFING,Bullish
2020-08-18 17:00:00,11988.21,12043.23,11975.0,11989.91,731.66596041,SHOOTINGSTAR,Neutral
2020-08-18 18:00:00,11989.92,12019.48,11943.38,11986.01,671.12314167,ENGULFING,Bear
2020-08-18 19:00:00,11986.57,12038.2,11982.21,11989.35,605.9189879099999,GRAVESTONEDOJI,Neutral
2020-08-18 20:00:00,11989.34,12046.92,11989.34,12026.52,579.40308594,NO_PATTERN,NO_PATTERN
2020-08-18 21:00:00,12027.25,12099.99,12021.78,12075.0,515.7259860300001,NO_PATTERN,NO_PATTERN
2020-08-18 22:00:00,12074.99,12092.85,12040.0,12053.25,516.39020736,NO_PATTERN,NO_PATTERN
2020-08-18 23:00:00,12053.25,12053.25,11950.0,11950.0,719.71341666,NO_PATTERN,NO_PATTERN
2020-08-19 00:00:00,11954.22,11998.42,11918.54,11992.26,682.53478698,HARAMI,Bullish
2020-08-19 01:00:00,11992.26,12024.83,11958.66,11974.06,496.46095069,NO_PATTERN,NO_PATTERN
2020-08-19 02:00:00,11974.06,11976.45,11900.0,11921.15,717.77664409,NO_PATTERN,NO_PATTERN
2020-08-19 03:00:00,11921.67,11944.89,11834.77,11841.42,807.81401117,NO_PATTERN,NO_PATTERN
2020-08-19 04:00:00,11841.41,11875.38,11654.15,11763.71,1961.6599200800001,NO_PATTERN,NO_PATTERN
2020-08-19 05:00:00,11763.71,11794.68,11691.01,11718.27,597.57629808,NO_PATTERN,NO_PATTERN
2020-08-19 06:00:00,11718.27,11753.63,11611.75,11730.71,1073.86381872,NO_PATTERN,NO_PATTERN
2020-08-19 07:00:00,11730.71,11823.79,11721.38,11823.79,241.26153952,NO_PATTERN,NO_PATTERN
2020-08-19 08:00:00,11823.8,11841.29,11773.09,11791.78,337.21379445,NO_PATTERN,NO_PATTERN
2020-08-19 09:00:00,11792.24,11848.86,11790.0,11794.24,298.90540574,GRAVESTONEDOJI,Neutral
2020-08-19 10:00:00,11794.23,11806.91,11740.0,11806.91,295.80368205999997,HAMMER,Neutral
2020-08-19 11:00:00,11806.91,11865.0,11792.26,11848.25,281.08438477,NO_PATTERN,NO_PATTERN
2020-08-19 12:00:00,11848.81,11866.31,11806.9,11864.91,426.78838516999997,NO_PATTERN,NO_PATTERN
2020-08-19 13:00:00,11864.92,11915.41,11822.13,11874.22,765.64402024,DOJI,Neutral
2020-08-19 14:00:00,11874.21,11885.0,11736.12,11757.45,1005.74490256,NO_PATTERN,NO_PATTERN
2020-08-19 15:00:00,11756.81,11778.7,11702.69,11734.15,1222.00326394,NO_PATTERN,NO_PATTERN
2020-08-19 16:00:00,11734.13,11790.94,11662.81,11753.98,948.79967109,NO_PATTERN,NO_PATTERN
2020-08-19 17:00:00,11754.0,11782.24,11714.96,11782.24,611.95814409,NO_PATTERN,NO_PATTERN
2020-08-19 18:00:00,11782.24,11784.89,11657.26,11734.99,835.94535931,NO_PATTERN,NO_PATTERN
2020-08-19 19:00:00,11735.0,11750.0,11645.03,11653.64,736.70120468,NO_PATTERN,NO_PATTERN
2020-08-19 20:00:00,11653.64,11720.0,11569.0,11715.0,915.61752713,NO_PATTERN,NO_PATTERN
2020-08-19 21:00:00,11715.0,11765.3,11701.14,11712.72,461.63446903,DOJI,Neutral
2020-08-19 22:00:00,11712.72,11780.44,11696.84,11748.0,380.47804085,NO_PATTERN,NO_PATTERN
2020-08-19 23:00:00,11748.01,11759.53,11705.0,11758.87,505.38978747,NO_PATTERN,NO_PATTERN
2020-08-20 00:00:00,11758.87,11829.0,11754.02,11793.7,383.904145,NO_PATTERN,NO_PATTERN
2020-08-20 01:00:00,11793.7,11815.92,11750.13,11756.75,386.48486704,NO_PATTERN,NO_PATTERN
2020-08-20 02:00:00,11756.75,11769.97,11700.05,11743.44,273.80367978,NO_PATTERN,NO_PATTERN
2020-08-20 03:00:00,11743.43,11754.85,11700.0,11705.28,311.56280087,NO_PATTERN,NO_PATTERN
2020-08-20 04:00:00,11705.28,11741.84,11687.27,11718.74,296.53900684,NO_PATTERN,NO_PATTERN
2020-08-20 05:00:00,11719.53,11721.74,11686.16,11702.23,203.32541572,ENGULFING,Bearish
2020-08-20 06:00:00,11702.22,11788.0,11671.48,11768.56,272.63850569,ENGULFING,Bullish
2020-08-20 07:00:00,11768.56,11771.92,11702.62,11702.64,198.33120707,NO_PATTERN,NO_PATTERN
2020-08-20 08:00:00,11702.63,11776.3,11688.86,11764.03,234.77431347,NO_PATTERN,NO_PATTERN
2020-08-20 09:00:00,11764.55,11805.51,11747.64,11782.76,191.18467329,NO_PATTERN,NO_PATTERN
2020-08-20 10:00:00,11782.76,11803.25,11753.36,11778.23,191.14773601,DOJI,Neutral
2020-08-20 11:00:00,11778.23,11819.0,11740.52,11819.0,346.69593632,NO_PATTERN,NO_PATTERN
2020-08-20 12:00:00,11819.26,11849.4,11783.31,11783.64,352.38758322,NO_PATTERN,NO_PATTERN
2020-08-20 13:00:00,11783.64,11828.13,11745.04,11823.47,462.99512798,NO_PATTERN,NO_PATTERN
2020-08-20 14:00:00,11823.47,11869.99,11800.0,11851.0,450.117595,NO_PATTERN,NO_PATTERN
2020-08-20 15:00:00,11851.0,11869.99,11821.45,11867.24,452.54213287,NO_PATTERN,NO_PATTERN
2020-08-20 16:00:00,11867.31,11892.16,11835.07,11856.49,683.87190778,NO_PATTERN,NO_PATTERN
2020-08-20 17:00:00,11856.45,11870.39,11826.7,11829.5,591.6073182599999,NO_PATTERN,NO_PATTERN
2020-08-20 18:00:00,11829.5,11883.4,11829.32,11871.69,665.18323858,NO_PATTERN,NO_PATTERN
2020-08-20 19:00:00,11871.68,11887.83,11853.91,11856.61,561.76784333,HARAMI,Bearish
2020-08-20 20:00:00,11856.61,11890.99,11852.98,11860.56,441.64720524,GRAVESTONEDOJI,Neutral
2020-08-20 21:00:00,11860.55,11892.11,11830.43,11840.04,366.85182050000003,NO_PATTERN,NO_PATTERN
2020-08-20 22:00:00,11839.9,11850.84,11820.35,11832.45,241.32009182,NO_PATTERN,NO_PATTERN
2020-08-20 23:00:00,11831.02,11876.77,11828.02,11864.26,224.93421221,ENGULFING,Bullish
2020-08-21 00:00:00,11864.26,11884.99,11829.81,11838.54,430.66381376,NO_PATTERN,NO_PATTERN
2020-08-21 01:00:00,11837.24,11840.24,11800.0,11813.3,371.8025125,NO_PATTERN,NO_PATTERN
2020-08-21 02:00:00,11813.3,11833.87,11800.06,11804.32,434.20401898,NO_PATTERN,NO_PATTERN
2020-08-21 03:00:00,11802.27,11874.78,11788.01,11867.17,638.80059226,3LINESTRIKE,Bear
2020-08-21 04:00:00,11867.18,11872.95,11838.18,11871.94,390.70642955,DRAGONFLYDOJI,Neutral
2020-08-21 05:00:00,11871.95,11872.73,11841.22,11851.71,233.87034607,ENGULFING,Bearish
2020-08-21 06:00:00,11850.04,11850.84,11807.64,11829.95,249.59367121,HAMMER,Neutral
2020-08-21 07:00:00,11829.96,11861.26,11819.91,11838.03,603.74915537,NO_PATTERN,NO_PATTERN
2020-08-21 08:00:00,11838.03,11838.25,11800.06,11828.96,328.12075616,HAMMER,Neutral
2020-08-21 09:00:00,11828.95,11832.45,11777.0,11779.73,201.84336107000001,NO_PATTERN,NO_PATTERN
2020-08-21 10:00:00,11779.72,11792.1,11734.18,11763.4,474.74426188,NO_PATTERN,NO_PATTERN
2020-08-21 11:00:00,11762.58,11765.66,11691.11,11718.53,664.9305546,NO_PATTERN,NO_PATTERN
2020-08-21 12:00:00,11718.53,11773.4,11629.17,11765.28,1046.9666479,NO_PATTERN,NO_PATTERN
2020-08-21 13:00:00,11765.28,11770.96,11685.0,11693.06,519.44988855,NO_PATTERN,NO_PATTERN
2020-08-21 14:00:00,11693.05,11752.11,11678.0,11741.17,568.78572223,NO_PATTERN,NO_PATTERN
2020-08-21 15:00:00,11740.84,11762.93,11717.24,11726.68,473.68533712,HARAMI,Bearish
2020-08-21 16:00:00,11726.67,11753.7,11663.74,11669.71,928.33504181,NO_PATTERN,NO_PATTERN
2020-08-21 17:00:00,11667.79,11760.0,11605.11,11697.83,1617.37213288,NO_PATTERN,NO_PATTERN
2020-08-21 18:00:00,11697.2,11704.02,11609.01,11674.99,898.14122391,NO_PATTERN,NO_PATTERN
2020-08-21 19:00:00,11674.98,11725.56,11668.79,11673.97,758.99506454,INVERTEDHAMMER,Neutral
2020-08-21 20:00:00,11676.44,11710.19,11614.88,11615.15,543.23466337,NO_PATTERN,NO_PATTERN
2020-08-21 21:00:00,11615.14,11651.24,11480.0,11534.92,1403.4471105,NO_PATTERN,NO_PATTERN
2020-08-21 22:00:00,11534.64,11598.18,11514.41,11550.64,601.31310998,NO_PATTERN,NO_PATTERN
2020-08-21 23:00:00,11549.4,11575.63,11494.22,11529.22,448.53573858,NO_PATTERN,NO_PATTERN
2020-08-22 00:00:00,11529.99,11536.94,11400.13,11410.9,1302.73878213,NO_PATTERN,NO_PATTERN
2020-08-22 01:00:00,11411.83,11452.0,11370.0,11447.99,885.75815682,HARAMI,Bull
2020-08-22 02:00:00,11447.99,11482.28,11419.99,11454.84,501.31553862,DOJI,Neutral
2020-08-22 03:00:00,11454.84,11477.84,11435.08,11475.0,304.85854494,NO_PATTERN,NO_PATTERN
2020-08-22 04:00:00,11473.9,11473.9,11408.71,11420.62,255.57885488,NO_PATTERN,NO_PATTERN
2020-08-22 05:00:00,11420.24,11479.43,11420.24,11469.88,230.07626292,NO_PATTERN,NO_PATTERN
2020-08-22 06:00:00,11469.89,11586.38,11467.77,11563.76,424.75226433,NO_PATTERN,NO_PATTERN
2020-08-22 07:00:00,11564.46,11593.31,11531.98,11582.3,242.17248898,NO_PATTERN,NO_PATTERN
2020-08-22 08:00:00,11583.03,11619.21,11551.95,11576.98,306.50566696,DOJI,Neutral
2020-08-22 09:00:00,11576.16,11588.31,11548.87,11588.31,93.4475324,ENGULFING,Bullish
2020-08-22 10:00:00,11588.7,11599.16,11561.05,11571.35,174.09845649,ENGULFING,Bearish
2020-08-22 11:00:00,11571.84,11579.01,11548.83,11565.49,173.38722812,DOJI,Neutral
2020-08-22 12:00:00,11565.49,11610.55,11565.49,11591.32,236.6137963,NO_PATTERN,NO_PATTERN
2020-08-22 13:00:00,11593.4,11600.0,11565.21,11599.99,191.77151992,NO_PATTERN,NO_PATTERN
2020-08-22 14:00:00,11599.99,11646.51,11572.73,11623.67,319.67104932,NO_PATTERN,NO_PATTERN
2020-08-22 15:00:00,11623.67,11641.79,11585.15,11587.17,369.47436605,NO_PATTERN,NO_PATTERN
2020-08-22 16:00:00,11587.16,11597.97,11560.05,11586.55,325.86167609,DOJI,Neutral
2020-08-22 17:00:00,11586.55,11616.39,11564.45,11606.17,303.39342077,MORNINGSTAR,Neutral
2020-08-22 18:00:00,11606.17,11621.3,11600.0,11608.7,225.00906828,DOJI,Neutral
2020-08-22 19:00:00,11608.69,11611.0,11586.62,11594.62,169.95870451,NO_PATTERN,NO_PATTERN
2020-08-22 20:00:00,11594.09,11610.0,11580.0,11609.07,190.84733792,ENGULFING,Bullish
2020-08-22 21:00:00,11609.47,11680.0,11605.0,11676.98,297.19329663,NO_PATTERN,NO_PATTERN
2020-08-22 22:00:00,11675.8,11689.0,11651.21,11672.71,211.11797608,HARAMI,Bear
2020-08-22 23:00:00,11672.72,11693.16,11665.55,11672.93,189.18383147,DOJI,Neutral
2020-08-23 00:00:00,11672.92,11695.75,11629.29,11650.84,352.91465504,NO_PATTERN,NO_PATTERN
2020-08-23 01:00:00,11650.85,11654.54,11620.01,11652.06,217.7591593,HARAMI,Bull
2020-08-23 02:00:00,11650.91,11658.46,11611.01,11615.16,350.28702761,NO_PATTERN,NO_PATTERN
2020-08-23 03:00:00,11613.81,11636.33,11596.19,11608.43,194.91186062,NO_PATTERN,NO_PATTERN
2020-08-23 04:00:00,11605.1,11618.0,11593.69,11609.35,134.41991219,NO_PATTERN,NO_PATTERN
2020-08-23 05:00:00,11609.36,11609.36,11568.85,11580.97,116.8631859,ENGULFING,Bearish
2020-08-23 06:00:00,11580.96,11617.05,11574.77,11613.36,126.76927223,ENGULFING,Bullish
2020-08-23 07:00:00,11613.36,11629.6,11604.7,11620.34,121.0011126,NO_PATTERN,NO_PATTERN
2020-08-23 08:00:00,11620.34,11626.93,11572.48,11575.1,172.84194043,NO_PATTERN,NO_PATTERN
2020-08-23 09:00:00,11575.09,11602.79,11552.72,11590.95,137.34423009,NO_PATTERN,NO_PATTERN
2020-08-23 10:00:00,11590.94,11590.95,11528.01,11534.0,189.94029555,NO_PATTERN,NO_PATTERN
2020-08-23 11:00:00,11534.97,11558.86,11525.62,11531.97,99.3936476,DOJI,Neutral
2020-08-23 12:00:00,11533.04,11565.73,11532.35,11561.44,157.21201852000002,NO_PATTERN,NO_PATTERN
2020-08-23 13:00:00,11561.44,11672.55,11555.72,11596.65,415.64374288,NO_PATTERN,NO_PATTERN
2020-08-23 14:00:00,11596.47,11626.97,11588.64,11625.56,184.80219499,NO_PATTERN,NO_PATTERN
2020-08-23 15:00:00,11624.01,11662.91,11616.5,11650.76,217.80246684,NO_PATTERN,NO_PATTERN
2020-08-23 16:00:00,11650.77,11661.17,11624.39,11641.0,258.75202243,NO_PATTERN,NO_PATTERN
2020-08-23 17:00:00,11641.0,11658.69,11623.2,11636.67,203.22166576,DOJI,Neutral
2020-08-23 18:00:00,11636.68,11682.62,11634.76,11666.26,386.85489815,NO_PATTERN,NO_PATTERN
2020-08-23 19:00:00,11667.08,11699.99,11655.66,11689.2,331.74633548,NO_PATTERN,NO_PATTERN
2020-08-23 20:00:00,11689.2,11715.0,11667.95,11667.95,414.80776588000003,NO_PATTERN,NO_PATTERN
2020-08-23 21:00:00,11667.95,11679.92,11641.92,11675.82,275.47169844,HAMMER,Neutral
2020-08-23 22:00:00,11675.82,11692.15,11642.57,11651.77,262.95810303,NO_PATTERN,NO_PATTERN
2020-08-23 23:00:00,11651.43,11682.06,11650.0,11650.01,173.80998494,INVERTEDHAMMER,Neutral
2020-08-24 00:00:00,11650.01,11650.03,11592.91,11634.09,309.89225224,HAMMER,Neutral
2020-08-24 01:00:00,11634.08,11642.81,11606.05,11639.48,221.60650869,NO_PATTERN,NO_PATTERN
2020-08-24 02:00:00,11639.99,11670.0,11639.99,11653.55,150.47123276,SHOOTINGSTAR,Neutral
2020-08-24 03:00:00,11653.96,11690.0,11649.91,11684.69,147.92766554,NO_PATTERN,NO_PATTERN
2020-08-24 04:00:00,11684.68,11690.29,11658.7,11679.94,109.13485066,HARAMI,Bearish
2020-08-24 05:00:00,11679.98,11683.38,11654.29,11660.66,152.88080076,NO_PATTERN,NO_PATTERN
2020-08-24 06:00:00,11660.65,11756.0,11646.29,11755.59,376.59345509999997,ENGULFING,Bullish
2020-08-24 07:00:00,11755.6,11779.03,11743.93,11760.0,239.6980902,DOJI,Neutral
2020-08-24 08:00:00,11760.0,11815.76,11760.0,11784.82,218.95677661,NO_PATTERN,NO_PATTERN
2020-08-24 09:00:00,11784.84,11794.19,11762.49,11784.69,133.69803586,DOJI,Neutral
2020-08-24 10:00:00,11786.0,11806.22,11768.01,11781.9,250.80071719,DOJI,Neutral
2020-08-24 11:00:00,11782.19,11823.62,11779.22,11789.3,458.53119868,NO_PATTERN,NO_PATTERN
2020-08-24 12:00:00,11792.28,11823.0,11779.2,11780.24,245.74102939,ENGULFING,Bearish
2020-08-24 13:00:00,11780.24,11797.25,11757.98,11762.79,412.40324191,NO_PATTERN,NO_PATTERN
2020-08-24 14:00:00,11762.79,11794.15,11728.26,11730.82,533.17153995,NO_PATTERN,NO_PATTERN
2020-08-24 15:00:00,11730.81,11769.34,11726.4,11768.42,491.61762424,ENGULFING,Bullish
2020-08-24 16:00:00,11768.47,11785.71,11740.98,11761.94,422.48712148,NO_PATTERN,NO_PATTERN
2020-08-24 17:00:00,11761.94,11765.11,11737.24,11753.71,377.58351881,NO_PATTERN,NO_PATTERN
2020-08-24 18:00:00,11753.68,11757.83,11720.25,11739.46,386.48531684,HAMMER,Neutral
2020-08-24 19:00:00,11735.8,11749.99,11695.74,11746.64,371.10824432,NO_PATTERN,NO_PATTERN
2020-08-24 20:00:00,11746.63,11747.07,11702.0,11728.26,421.56087685,NO_PATTERN,NO_PATTERN
2020-08-24 21:00:00,11727.06,11769.99,11717.22,11760.11,356.39466813,ENGULFING,Bullish
2020-08-24 22:00:00,11760.39,11763.03,11735.4,11755.0,226.28853158,NO_PATTERN,NO_PATTERN
2020-08-24 23:00:00,11755.0,11787.0,11750.93,11753.85,210.55582143,GRAVESTONEDOJI,Neutral
2020-08-25 00:00:00,11753.26,11768.09,11736.3,11742.53,249.5770642,NO_PATTERN,NO_PATTERN
2020-08-25 01:00:00,11742.54,11769.76,11739.55,11764.03,230.69220524,NO_PATTERN,NO_PATTERN
2020-08-25 02:00:00,11764.02,11764.03,11680.0,11683.05,356.68450343,NO_PATTERN,NO_PATTERN
2020-08-25 03:00:00,11683.05,11698.69,11660.0,11672.19,360.55733542,NO_PATTERN,NO_PATTERN
2020-08-25 04:00:00,11672.18,11691.26,11651.85,11680.41,214.00740678,NO_PATTERN,NO_PATTERN
2020-08-25 05:00:00,11681.07,11700.0,11666.57,11667.38,104.70678027,ENGULFING,Bearish
2020-08-25 06:00:00,11668.31,11669.01,11590.81,11606.83,375.96985611,NO_PATTERN,NO_PATTERN
2020-08-25 07:00:00,11606.83,11606.83,11546.77,11585.31,325.61085466,HAMMER,Neutral
2020-08-25 08:00:00,11585.32,11585.32,11514.0,11580.33,209.58038071,NO_PATTERN,NO_PATTERN
2020-08-25 09:00:00,11580.33,11595.2,11566.36,11589.37,188.92027411,NO_PATTERN,NO_PATTERN
2020-08-25 10:00:00,11589.56,11650.0,11573.46,11634.26,168.31463577,NO_PATTERN,NO_PATTERN
2020-08-25 11:00:00,11636.49,11655.9,11612.42,11615.91,194.56207138,NO_PATTERN,NO_PATTERN
2020-08-25 12:00:00,11615.91,11615.91,11449.18,11493.79,1167.90466524,NO_PATTERN,NO_PATTERN
2020-08-25 13:00:00,11493.79,11536.44,11405.0,11444.96,845.45500884,NO_PATTERN,NO_PATTERN
2020-08-25 14:00:00,11444.44,11444.44,11324.99,11395.97,1523.03472541,NO_PATTERN,NO_PATTERN
2020-08-25 15:00:00,11395.98,11435.68,11347.69,11425.0,644.30668868,HARAMI,Bullish
2020-08-25 16:00:00,11425.01,11447.06,11300.0,11331.2,804.19314759,ENGULFING,Bearish
2020-08-25 17:00:00,11330.97,11357.81,11180.0,11230.01,1575.5390629,NO_PATTERN,NO_PATTERN
2020-08-25 18:00:00,11230.0,11308.5,11102.73,11303.23,1763.24023055,NO_PATTERN,NO_PATTERN
2020-08-25 19:00:00,11303.23,11332.33,11259.03,11298.96,815.81423404,DOJI,Neutral
2020-08-25 20:00:00,11299.11,11330.02,11231.41,11263.17,734.16542525,NO_PATTERN,NO_PATTERN
2020-08-25 21:00:00,11264.14,11325.15,11262.89,11303.28,515.08903286,NO_PATTERN,NO_PATTERN
2020-08-25 22:00:00,11302.65,11390.0,11302.65,11359.64,526.41452462,NO_PATTERN,NO_PATTERN
2020-08-25 23:00:00,11359.64,11382.85,11320.49,11324.92,441.2099264,NO_PATTERN,NO_PATTERN
2020-08-26 00:00:00,11324.92,11327.06,11254.95,11284.39,458.22319121,NO_PATTERN,NO_PATTERN
2020-08-26 01:00:00,11285.87,11350.0,11285.44,11340.66,286.93258671,NO_PATTERN,NO_PATTERN
2020-08-26 02:00:00,11340.7,11400.0,11340.7,11396.08,283.98454848,NO_PATTERN,NO_PATTERN
2020-08-26 03:00:00,11397.01,11407.03,11327.79,11369.68,249.84946158,NO_PATTERN,NO_PATTERN
2020-08-26 04:00:00,11370.14,11399.29,11348.26,11354.5,194.25351115,NO_PATTERN,NO_PATTERN
2020-08-26 05:00:00,11354.49,11395.59,11354.48,11363.54,155.57938972,NO_PATTERN,NO_PATTERN
2020-08-26 06:00:00,11364.25,11374.47,11307.22,11329.94,283.34139650000003,ENGULFING,Bearish
2020-08-26 07:00:00,11329.95,11364.13,11301.15,11347.42,129.56809328,NO_PATTERN,NO_PATTERN
2020-08-26 08:00:00,11349.51,11374.7,11332.87,11363.6,142.63491881,NO_PATTERN,NO_PATTERN
2020-08-26 09:00:00,11363.55,11379.21,11350.05,11374.49,71.62765166,NO_PATTERN,NO_PATTERN
2020-08-26 10:00:00,11373.08,11447.58,11371.34,11396.39,262.44778962,NO_PATTERN,NO_PATTERN
2020-08-26 11:00:00,11398.4,11437.0,11369.92,11380.22,330.67941789,NO_PATTERN,NO_PATTERN
2020-08-26 12:00:00,11381.08,11419.07,11267.95,11314.4,765.00758878,NO_PATTERN,NO_PATTERN
2020-08-26 13:00:00,11314.35,11425.61,11254.89,11408.8,651.08813894,ENGULFING,Bullish
2020-08-26 14:00:00,11407.43,11509.0,11406.24,11445.84,999.64709239,NO_PATTERN,NO_PATTERN
2020-08-26 15:00:00,11445.84,11494.24,11445.83,11488.78,435.67736593,NO_PATTERN,NO_PATTERN
2020-08-26 16:00:00,11488.04,11539.99,11453.52,11472.12,898.73698943,HARAMI,Bearish
2020-08-26 17:00:00,11472.12,11500.0,11453.74,11459.57,513.17503046,NO_PATTERN,NO_PATTERN
2020-08-26 18:00:00,11459.57,11477.66,11435.75,11450.55,323.21900442,NO_PATTERN,NO_PATTERN
2020-08-26 19:00:00,11450.56,11486.94,11445.69,11469.03,368.44137596,NO_PATTERN,NO_PATTERN
2020-08-26 20:00:00,11469.04,11518.79,11466.31,11514.14,333.36894746,NO_PATTERN,NO_PATTERN
2020-08-26 21:00:00,11514.81,11518.85,11468.74,11475.51,268.70461145,NO_PATTERN,NO_PATTERN
2020-08-26 22:00:00,11475.4,11485.0,11440.0,11453.75,370.67897977,NO_PATTERN,NO_PATTERN
2020-08-26 23:00:00,11455.05,11490.0,11440.01,11463.27,326.47257971,NO_PATTERN,NO_PATTERN
2020-08-27 00:00:00,11463.27,11485.72,11449.72,11457.19,238.78519677,NO_PATTERN,NO_PATTERN
2020-08-27 01:00:00,11457.2,11474.72,11389.89,11403.51,529.65727632,NO_PATTERN,NO_PATTERN
2020-08-27 02:00:00,11403.51,11404.71,11367.31,11377.57,363.33139023,NO_PATTERN,NO_PATTERN
2020-08-27 03:00:00,11377.57,11420.44,11377.56,11386.65,248.87877788,NO_PATTERN,NO_PATTERN
2020-08-27 04:00:00,11386.44,11412.21,11368.06,11370.01,313.01239765,NO_PATTERN,NO_PATTERN
2020-08-27 05:00:00,11370.0,11379.47,11325.0,11348.24,289.20429531,NO_PATTERN,NO_PATTERN
2020-08-27 06:00:00,11348.24,11400.35,11337.01,11390.09,284.04908105,NO_PATTERN,NO_PATTERN
2020-08-27 07:00:00,11390.09,11412.63,11374.67,11405.97,117.77941531,NO_PATTERN,NO_PATTERN
2020-08-27 08:00:00,11405.97,11405.97,11373.1,11373.1,98.01796884,NO_PATTERN,NO_PATTERN
2020-08-27 09:00:00,11373.1,11438.36,11365.67,11421.69,260.15540649,NO_PATTERN,NO_PATTERN
2020-08-27 10:00:00,11420.55,11432.07,11350.01,11371.86,566.6410912800001,NO_PATTERN,NO_PATTERN
2020-08-27 11:00:00,11371.86,11377.14,11305.0,11313.76,297.76339809,NO_PATTERN,NO_PATTERN
2020-08-27 12:00:00,11313.76,11376.01,11275.91,11357.94,492.99426513,NO_PATTERN,NO_PATTERN
2020-08-27 13:00:00,11357.91,11597.92,11346.06,11404.74,2029.27425924,NO_PATTERN,NO_PATTERN
2020-08-27 14:00:00,11404.11,11413.71,11256.92,11317.02,1270.10605962,NO_PATTERN,NO_PATTERN
2020-08-27 15:00:00,11313.61,11338.97,11292.8,11329.63,574.23122773,NO_PATTERN,NO_PATTERN
2020-08-27 16:00:00,11329.59,11366.09,11262.08,11273.73,756.87760737,NO_PATTERN,NO_PATTERN
2020-08-27 17:00:00,11273.72,11273.72,11125.0,11192.77,1786.89842213,NO_PATTERN,NO_PATTERN
2020-08-27 18:00:00,11193.61,11289.98,11166.46,11268.5,629.34669403,NO_PATTERN,NO_PATTERN
2020-08-27 19:00:00,11269.53,11288.18,11248.04,11251.72,393.83019875,NO_PATTERN,NO_PATTERN
2020-08-27 20:00:00,11251.83,11358.92,11231.0,11264.28,901.23714364,NO_PATTERN,NO_PATTERN
2020-08-27 21:00:00,11264.45,11299.05,11250.68,11290.0,287.01141534,NO_PATTERN,NO_PATTERN
2020-08-27 22:00:00,11290.0,11325.78,11260.0,11270.58,339.96112432,NO_PATTERN,NO_PATTERN
2020-08-27 23:00:00,11270.57,11341.55,11269.02,11330.06,429.01707891,ENGULFING,Bullish
2020-08-28 00:00:00,11330.56,11359.87,11282.09,11352.0,305.33299454,NO_PATTERN,NO_PATTERN
2020-08-28 01:00:00,11352.0,11382.94,11337.25,11382.38,303.62163794,NO_PATTERN,NO_PATTERN
2020-08-28 02:00:00,11382.36,11392.0,11363.08,11375.0,190.56786781,DOJI,Neutral
2020-08-28 03:00:00,11375.0,11399.0,11350.44,11380.66,186.65521179,DOJI,Neutral
2020-08-28 04:00:00,11381.74,11398.52,11363.66,11394.58,155.93681175,NO_PATTERN,NO_PATTERN
2020-08-28 05:00:00,11394.58,11409.0,11371.31,11404.64,183.14913574,NO_PATTERN,NO_PATTERN
2020-08-28 06:00:00,11404.64,11449.91,11393.12,11442.3,266.48720287,NO_PATTERN,NO_PATTERN
2020-08-28 07:00:00,11441.81,11447.56,11373.97,11385.88,777.44094735,NO_PATTERN,NO_PATTERN
2020-08-28 08:00:00,11385.87,11423.19,11365.0,11402.04,249.05880402,NO_PATTERN,NO_PATTERN
2020-08-28 09:00:00,11402.05,11467.43,11402.04,11452.14,478.48945905,NO_PATTERN,NO_PATTERN
2020-08-28 10:00:00,11452.15,11452.16,11403.74,11443.65,438.62857892,NO_PATTERN,NO_PATTERN
2020-08-28 11:00:00,11443.54,11484.08,11424.27,11481.49,300.77110037,ENGULFING,Bullish
2020-08-28 12:00:00,11481.7,11491.36,11429.3,11449.71,402.64310127,NO_PATTERN,NO_PATTERN
2020-08-28 13:00:00,11448.71,11468.23,11429.53,11467.64,298.2551408,NO_PATTERN,NO_PATTERN
2020-08-28 14:00:00,11467.64,11473.57,11420.16,11453.64,1839.79021697,NO_PATTERN,NO_PATTERN
2020-08-28 15:00:00,11453.84,11546.6,11450.02,11541.22,632.21451533,NO_PATTERN,NO_PATTERN
2020-08-28 16:00:00,11541.22,11550.51,11506.68,11517.16,717.98131543,NO_PATTERN,NO_PATTERN
2020-08-28 17:00:00,11517.31,11531.4,11467.24,11481.97,671.5538479100001,NO_PATTERN,NO_PATTERN
2020-08-28 18:00:00,11481.49,11518.45,11477.93,11489.15,289.77141836,NO_PATTERN,NO_PATTERN
2020-08-28 19:00:00,11489.15,11531.98,11486.63,11507.0,376.202094,NO_PATTERN,NO_PATTERN
2020-08-28 20:00:00,11507.0,11540.06,11484.23,11500.85,531.89360517,NO_PATTERN,NO_PATTERN
2020-08-28 21:00:00,11500.92,11512.15,11469.49,11498.71,295.92282874,DOJI,Neutral
2020-08-28 22:00:00,11501.83,11501.93,11465.28,11479.38,224.81242611,NO_PATTERN,NO_PATTERN
2020-08-28 23:00:00,11479.38,11539.96,11475.33,11535.0,220.16835694,NO_PATTERN,NO_PATTERN
2020-08-29 00:00:00,11535.0,11549.95,11483.0,11497.48,215.07860428,NO_PATTERN,NO_PATTERN
2020-08-29 01:00:00,11497.49,11512.75,11473.92,11491.6,163.59590304,NO_PATTERN,NO_PATTERN
2020-08-29 02:00:00,11491.59,11509.1,11474.02,11484.76,117.96739723,NO_PATTERN,NO_PATTERN
2020-08-29 03:00:00,11484.02,11520.0,11477.66,11504.46,171.40946488,ENGULFING,Bullish
2020-08-29 04:00:00,11504.45,11509.27,11486.88,11505.03,256.0081169,DRAGONFLYDOJI,Neutral
2020-08-29 05:00:00,11505.03,11518.98,11490.65,11514.4,224.83186437,NO_PATTERN,NO_PATTERN
2020-08-29 06:00:00,11514.39,11534.76,11504.59,11527.15,123.07679183,NO_PATTERN,NO_PATTERN
2020-08-29 07:00:00,11527.15,11580.0,11512.66,11569.21,331.36834782,NO_PATTERN,NO_PATTERN
2020-08-29 08:00:00,11569.21,11575.72,11531.19,11537.66,133.40662671,NO_PATTERN,NO_PATTERN
2020-08-29 09:00:00,11537.66,11558.38,11528.28,11547.6,117.72691187,NO_PATTERN,NO_PATTERN
2020-08-29 10:00:00,11547.6,11550.8,11434.82,11461.6,352.24507386,NO_PATTERN,NO_PATTERN
2020-08-29 11:00:00,11458.7,11481.28,11422.21,11450.53,226.16078871,NO_PATTERN,NO_PATTERN
2020-08-29 12:00:00,11450.31,11491.39,11438.9,11467.12,199.20831452,ENGULFING,Bullish
2020-08-29 13:00:00,11467.11,11473.81,11438.91,11440.75,150.44017795,NO_PATTERN,NO_PATTERN
2020-08-29 14:00:00,11440.75,11496.83,11440.16,11495.0,188.1181776,NO_PATTERN,NO_PATTERN
2020-08-29 15:00:00,11495.0,11519.97,11475.35,11503.77,282.41859624,NO_PATTERN,NO_PATTERN
2020-08-29 16:00:00,11503.77,11520.69,11479.48,11511.99,342.79577752,NO_PATTERN,NO_PATTERN
2020-08-29 17:00:00,11511.99,11540.1,11500.02,11510.53,397.77416595,DOJI,Neutral
2020-08-29 18:00:00,11510.53,11550.0,11510.52,11533.94,259.80796987,NO_PATTERN,NO_PATTERN
2020-08-29 19:00:00,11533.94,11556.87,11524.19,11529.5,254.90882291,DOJI,Neutral
2020-08-29 20:00:00,11529.5,11534.78,11503.3,11513.77,210.8452419,NO_PATTERN,NO_PATTERN
2020-08-29 21:00:00,11513.76,11527.45,11500.69,11515.66,166.51610189000002,DOJI,Neutral
2020-08-29 22:00:00,11515.67,11522.1,11481.65,11484.88,268.09918087,ENGULFING,Bearish
2020-08-29 23:00:00,11484.89,11510.03,11464.44,11474.31,238.59703701,NO_PATTERN,NO_PATTERN
2020-08-30 00:00:00,11474.3,11517.94,11463.87,11511.89,138.23504379,ENGULFING,Bullish
2020-08-30 01:00:00,11511.89,11649.0,11505.73,11621.55,668.9299989,NO_PATTERN,NO_PATTERN
2020-08-30 02:00:00,11621.55,11634.32,11610.84,11625.77,281.35828986,DOJI,Neutral
2020-08-30 03:00:00,11625.78,11627.78,11590.44,11615.54,330.63207238,HAMMER,Neutral
2020-08-30 04:00:00,11615.54,11627.0,11582.27,11585.32,161.93441772,NO_PATTERN,NO_PATTERN
2020-08-30 05:00:00,11587.22,11595.0,11570.83,11592.95,159.00738079,HARAMI,Bull
2020-08-30 06:00:00,11592.94,11609.99,11575.34,11590.26,103.57394707,DOJI,Neutral
2020-08-30 07:00:00,11590.26,11602.28,11577.42,11595.47,73.15439128,NO_PATTERN,NO_PATTERN
2020-08-30 08:00:00,11595.47,11611.36,11555.46,11564.56,164.60663827,NO_PATTERN,NO_PATTERN
2020-08-30 09:00:00,11563.05,11593.22,11561.31,11585.52,49.63023554,NO_PATTERN,NO_PATTERN
2020-08-30 10:00:00,11585.52,11585.53,11561.1,11563.61,78.90264798,NO_PATTERN,NO_PATTERN
2020-08-30 11:00:00,11563.61,11606.74,11560.01,11603.58,90.85218712,NO_PATTERN,NO_PATTERN
2020-08-30 12:00:00,11603.58,11615.21,11560.74,11600.01,132.69565911,NO_PATTERN,NO_PATTERN
2020-08-30 13:00:00,11600.0,11653.82,11593.98,11630.4,379.55818521000003,ENGULFING,Bullish
2020-08-30 14:00:00,11629.99,11635.17,11605.0,11620.01,197.12069388999998,HARAMI,Bearish
2020-08-30 15:00:00,11620.01,11666.45,11567.19,11617.81,362.28421353,DOJI,Neutral
2020-08-30 16:00:00,11617.81,11685.81,11586.0,11663.51,421.81495312,NO_PATTERN,NO_PATTERN
2020-08-30 17:00:00,11663.5,11669.64,11628.89,11644.01,249.32260188,HARAMI,Bearish
2020-08-30 18:00:00,11644.01,11654.96,11630.83,11653.0,250.42400618,NO_PATTERN,NO_PATTERN
2020-08-30 19:00:00,11653.0,11655.0,11639.67,11639.71,156.79377271,NO_PATTERN,NO_PATTERN
2020-08-30 20:00:00,11639.71,11659.97,11626.18,11639.17,199.38716474,DOJI,Neutral
2020-08-30 21:00:00,11639.17,11640.27,11594.29,11605.0,220.6834592,NO_PATTERN,NO_PATTERN
2020-08-30 22:00:00,11604.84,11666.19,11595.12,11660.01,203.01843842,3LINESTRIKE,Bear
2020-08-30 23:00:00,11660.01,11720.0,11649.79,11716.01,501.38739676,NO_PATTERN,NO_PATTERN
2020-08-31 00:00:00,11716.0,11729.52,11690.42,11702.62,395.62835237,HARAMI,Bearish
2020-08-31 01:00:00,11703.19,11709.44,11684.12,11690.72,187.07642565,NO_PATTERN,NO_PATTERN
2020-08-31 02:00:00,11690.72,11702.87,11680.05,11680.11,194.24220641,NO_PATTERN,NO_PATTERN
2020-08-31 03:00:00,11680.11,11692.28,11672.3,11682.17,174.95459512,DOJI,Neutral
2020-08-31 04:00:00,11682.18,11709.24,11655.0,11663.57,182.98058344,ENGULFING,Bearish
2020-08-31 05:00:00,11663.57,11680.95,11653.2,11671.5,203.86704647,NO_PATTERN,NO_PATTERN
2020-08-31 06:00:00,11671.51,11680.0,11639.84,11678.06,174.80773238,NO_PATTERN,NO_PATTERN
2020-08-31 07:00:00,11678.05,11678.06,11602.39,11626.0,193.45604782,NO_PATTERN,NO_PATTERN
2020-08-31 08:00:00,11626.0,11634.87,11576.61,11582.93,321.12795043,NO_PATTERN,NO_PATTERN
2020-08-31 09:00:00,11582.85,11620.0,11576.0,11604.75,167.27246909,NO_PATTERN,NO_PATTERN
2020-08-31 10:00:00,11604.74,11631.45,11582.41,11616.25,178.852195,NO_PATTERN,NO_PATTERN
2020-08-31 11:00:00,11616.25,11713.1,11613.92,11682.01,343.28866711,NO_PATTERN,NO_PATTERN
2020-08-31 12:00:00,11684.22,11756.91,11667.0,11717.2,602.76410878,NO_PATTERN,NO_PATTERN
2020-08-31 13:00:00,11717.2,11778.45,11705.0,11714.31,709.37071552,DOJI,Neutral
2020-08-31 14:00:00,11714.31,11784.66,11687.56,11742.77,1209.6906363800001,NO_PATTERN,NO_PATTERN
2020-08-31 15:00:00,11742.28,11750.0,11705.85,11750.0,461.23528735,NO_PATTERN,NO_PATTERN
2020-08-31 16:00:00,11749.52,11758.25,11711.96,11721.13,401.93343076,NO_PATTERN,NO_PATTERN
2020-08-31 17:00:00,11721.13,11735.0,11700.52,11712.71,466.82550266,NO_PATTERN,NO_PATTERN
2020-08-31 18:00:00,11712.71,11735.01,11705.67,11723.63,301.07996479999997,NO_PATTERN,NO_PATTERN
2020-08-31 19:00:00,11723.19,11740.68,11708.94,11730.64,321.78642539,NO_PATTERN,NO_PATTERN
2020-08-31 20:00:00,11730.63,11734.56,11649.78,11675.75,792.93817038,NO_PATTERN,NO_PATTERN
2020-08-31 21:00:00,11675.75,11701.71,11620.0,11636.08,401.61954232,NO_PATTERN,NO_PATTERN
2020-08-31 22:00:00,11636.08,11692.33,11623.54,11656.05,263.18085166000003,NO_PATTERN,NO_PATTERN
2020-08-31 23:00:00,11656.05,11696.43,11651.99,11655.0,438.17744027000003,GRAVESTONEDOJI,Neutral
2020-09-01 00:00:00,11655.0,11670.36,11525.09,11612.55,1062.5298425,NO_PATTERN,NO_PATTERN
2020-09-01 01:00:00,11612.09,11639.86,11596.4,11628.0,374.3838449,NO_PATTERN,NO_PATTERN
2020-09-01 02:00:00,11628.0,11646.77,11610.38,11636.38,217.45353442,NO_PATTERN,NO_PATTERN
2020-09-01 03:00:00,11636.38,11704.63,11620.87,11697.28,318.53560517,NO_PATTERN,NO_PATTERN
2020-09-01 04:00:00,11697.0,11722.74,11683.73,11699.48,415.08088053,DOJI,Neutral
2020-09-01 05:00:00,11699.48,11798.05,11690.0,11797.98,433.73459243,NO_PATTERN,NO_PATTERN
2020-09-01 06:00:00,11797.98,11873.75,11782.78,11868.11,970.50776972,NO_PATTERN,NO_PATTERN
2020-09-01 07:00:00,11868.1,11945.72,11868.1,11927.84,847.57832052,NO_PATTERN,NO_PATTERN
2020-09-01 08:00:00,11927.84,11944.98,11879.01,11920.79,539.17816286,DOJI,Neutral
2020-09-01 09:00:00,11920.79,11957.78,11872.99,11950.01,597.65522779,NO_PATTERN,NO_PATTERN
2020-09-01 10:00:00,11950.21,11955.76,11918.99,11932.44,369.35884338,NO_PATTERN,NO_PATTERN
2020-09-01 11:00:00,11932.44,11934.87,11852.49,11881.68,475.28630612,NO_PATTERN,NO_PATTERN
2020-09-01 12:00:00,11881.68,11930.16,11853.24,11911.68,405.38044778,NO_PATTERN,NO_PATTERN
2020-09-01 13:00:00,11911.68,11923.75,11864.09,11873.69,501.48855580000003,NO_PATTERN,NO_PATTERN
2020-09-01 14:00:00,11873.7,11910.0,11812.0,11910.0,1180.93669941,HAMMER,Neutral
2020-09-01 15:00:00,11909.99,12061.28,11909.99,12054.7,1557.5448538,NO_PATTERN,NO_PATTERN
2020-09-01 16:00:00,12054.7,12086.0,11984.92,12015.01,1616.53191686,NO_PATTERN,NO_PATTERN
2020-09-01 17:00:00,12015.01,12023.73,11958.4,11972.99,668.28525659,NO_PATTERN,NO_PATTERN
2020-09-01 18:00:00,11972.99,12021.2,11970.96,12003.7,586.11264217,NO_PATTERN,NO_PATTERN
2020-09-01 19:00:00,12003.69,12005.51,11969.93,11972.69,584.26131983,NO_PATTERN,NO_PATTERN
2020-09-01 20:00:00,11972.03,12025.0,11954.84,12021.01,369.78949327,ENGULFING,Bullish
2020-09-01 21:00:00,12021.01,12046.38,12002.2,12025.72,489.73477889000003,DOJI,Neutral
2020-09-01 22:00:00,12025.72,12058.0,11951.49,11978.61,557.55595108,NO_PATTERN,NO_PATTERN
2020-09-01 23:00:00,11978.61,12011.62,11866.71,11924.22,889.67049781,NO_PATTERN,NO_PATTERN
2020-09-02 00:00:00,11924.22,11950.0,11879.43,11899.32,576.09564465,NO_PATTERN,NO_PATTERN
2020-09-02 01:00:00,11899.33,11928.55,11865.54,11891.12,313.66587816,DOJI,Neutral
2020-09-02 02:00:00,11891.12,11910.06,11857.44,11862.02,444.34046914,NO_PATTERN,NO_PATTERN
2020-09-02 03:00:00,11862.01,11880.41,11829.99,11837.01,481.64405254999997,NO_PATTERN,NO_PATTERN
2020-09-02 04:00:00,11837.02,11898.78,11827.0,11872.62,287.62337512,NO_PATTERN,NO_PATTERN
2020-09-02 05:00:00,11872.62,11902.09,11861.78,11867.86,179.70309662,GRAVESTONEDOJI,Neutral
2020-09-02 06:00:00,11867.86,11867.86,11751.0,11796.14,615.03449647,NO_PATTERN,NO_PATTERN
2020-09-02 07:00:00,11796.13,11809.25,11720.57,11727.08,621.18795959,NO_PATTERN,NO_PATTERN
2020-09-02 08:00:00,11727.07,11746.3,11660.0,11719.99,660.56245043,DOJI,Neutral
2020-09-02 09:00:00,11719.99,11749.91,11705.61,11743.84,210.26680798,NO_PATTERN,NO_PATTERN
2020-09-02 10:00:00,11743.84,11744.23,11521.8,11576.81,984.51727645,NO_PATTERN,NO_PATTERN
2020-09-02 11:00:00,11578.62,11578.62,11160.0,11410.39,3832.81312342,NO_PATTERN,NO_PATTERN
2020-09-02 12:00:00,11410.38,11480.94,11385.0,11434.51,1360.82596166,NO_PATTERN,NO_PATTERN
2020-09-02 13:00:00,11434.51,11449.0,11315.0,11346.04,1307.13776903,NO_PATTERN,NO_PATTERN
2020-09-02 14:00:00,11342.93,11372.55,11203.98,11247.03,1568.93770073,NO_PATTERN,NO_PATTERN
2020-09-02 15:00:00,11247.02,11362.52,11243.84,11341.61,866.7073711,NO_PATTERN,NO_PATTERN
2020-09-02 16:00:00,11342.56,11365.1,11250.01,11311.65,1170.65201808,NO_PATTERN,NO_PATTERN
2020-09-02 17:00:00,11311.64,11374.88,11293.63,11364.64,675.01026071,ENGULFING,Bullish
2020-09-02 18:00:00,11364.68,11408.66,11338.01,11407.38,563.54604506,NO_PATTERN,NO_PATTERN
2020-09-02 19:00:00,11407.38,11422.0,11353.36,11401.43,656.1627455,DRAGONFLYDOJI,Neutral
2020-09-02 20:00:00,11401.44,11401.44,11320.66,11374.0,653.56736433,HAMMER,Neutral
2020-09-02 21:00:00,11374.0,11391.04,11358.55,11389.42,356.75661794,NO_PATTERN,NO_PATTERN
2020-09-02 22:00:00,11389.42,11449.57,11381.0,11439.05,516.77830377,NO_PATTERN,NO_PATTERN
2020-09-02 23:00:00,11439.05,11439.19,11388.59,11395.48,509.93090797,NO_PATTERN,NO_PATTERN
2020-09-03 00:00:00,11395.49,11454.35,11372.26,11419.87,513.95907517,NO_PATTERN,NO_PATTERN
2020-09-03 01:00:00,11419.87,11441.76,11386.94,11438.18,283.61495077,NO_PATTERN,NO_PATTERN
2020-09-03 02:00:00,11436.74,11449.69,11407.82,11433.66,274.77376385,DOJI,Neutral
2020-09-03 03:00:00,11433.67,11445.02,11344.86,11368.53,330.8195173,NO_PATTERN,NO_PATTERN
2020-09-03 04:00:00,11365.72,11392.61,11282.0,11292.89,449.2845906,NO_PATTERN,NO_PATTERN
2020-09-03 05:00:00,11290.59,11376.2,11271.35,11296.21,486.74202385,DOJI,Neutral
2020-09-03 06:00:00,11297.07,11330.0,11260.0,11289.69,307.19885361,ENGULFING,Bearish
2020-09-03 07:00:00,11289.69,11433.44,11257.08,11411.51,379.59243786,NO_PATTERN,NO_PATTERN
2020-09-03 08:00:00,11411.51,11474.99,11361.93,11398.13,439.43597602,NO_PATTERN,NO_PATTERN
2020-09-03 09:00:00,11398.13,11411.43,11354.65,11356.93,233.85080101,NO_PATTERN,NO_PATTERN
2020-09-03 10:00:00,11358.73,11371.56,11236.09,11273.5,543.74487568,NO_PATTERN,NO_PATTERN
2020-09-03 11:00:00,11270.32,11311.78,11200.0,11218.76,789.86278443,NO_PATTERN,NO_PATTERN
2020-09-03 12:00:00,11218.75,11259.53,10665.52,10812.98,6210.88906895,NO_PATTERN,NO_PATTERN
2020-09-03 13:00:00,10814.75,10935.35,10790.12,10927.2,1638.35926466,NO_PATTERN,NO_PATTERN
2020-09-03 14:00:00,10927.19,10931.43,10828.71,10853.11,1425.0892544,HARAMI,Bearish
2020-09-03 15:00:00,10853.11,10853.11,10469.38,10672.59,3418.30152007,NO_PATTERN,NO_PATTERN
2020-09-03 16:00:00,10672.59,10740.31,10560.0,10570.56,1576.19038878,NO_PATTERN,NO_PATTERN
2020-09-03 17:00:00,10570.53,10774.29,10568.28,10696.88,1452.4957924999999,ENGULFING,Bullish
2020-09-03 18:00:00,10696.88,10743.54,10636.77,10654.35,1047.7068862200001,NO_PATTERN,NO_PATTERN
2020-09-03 19:00:00,10654.35,10714.78,10554.65,10694.65,1115.55720308,HAMMER,Neutral
2020-09-03 20:00:00,10694.59,10796.99,10686.13,10783.28,751.04719673,NO_PATTERN,NO_PATTERN
2020-09-03 21:00:00,10783.28,10802.04,10702.48,10733.64,528.82749291,NO_PATTERN,NO_PATTERN
2020-09-03 22:00:00,10733.92,10761.63,10652.03,10672.65,598.4989183,NO_PATTERN,NO_PATTERN
2020-09-03 23:00:00,10671.96,10677.22,10005.0,10172.52,5429.36879135,NO_PATTERN,NO_PATTERN
2020-09-04 00:00:00,10172.13,10363.2,10093.2,10315.0,1939.9581115400001,NO_PATTERN,NO_PATTERN
2020-09-04 01:00:00,10315.0,10328.19,10239.35,10269.33,1043.72182415,NO_PATTERN,NO_PATTERN
2020-09-04 02:00:00,10271.27,10294.55,10170.79,10273.07,967.94235384,DOJI,Neutral
2020-09-04 03:00:00,10273.52,10300.0,10254.19,10269.82,638.06416626,GRAVESTONEDOJI,Neutral
2020-09-04 04:00:00,10269.82,10337.31,10237.1,10292.3,969.90256336,NO_PATTERN,NO_PATTERN
2020-09-04 05:00:00,10292.3,10306.14,10246.53,10295.65,388.67051173,DRAGONFLYDOJI,Neutral
2020-09-04 06:00:00,10295.66,10303.93,10237.1,10237.11,413.65628984,ENGULFING,Bearish
2020-09-04 07:00:00,10237.11,10341.3,10111.0,10306.6,757.23978499,NO_PATTERN,NO_PATTERN
2020-09-04 08:00:00,10306.6,10448.77,10306.3,10432.57,687.59552305,NO_PATTERN,NO_PATTERN
2020-09-04 09:00:00,10432.57,10538.0,10398.85,10531.52,654.53360771,NO_PATTERN,NO_PATTERN
2020-09-04 10:00:00,10531.51,10538.0,10474.51,10478.74,1011.27847109,HARAMI,Bearish
2020-09-04 11:00:00,10478.41,10488.48,10376.42,10438.37,646.93727462,HAMMER,Neutral
2020-09-04 12:00:00,10438.31,10479.99,10396.61,10475.49,580.38064949,NO_PATTERN,NO_PATTERN
2020-09-04 13:00:00,10475.49,10511.7,10381.16,10382.93,811.9094021,NO_PATTERN,NO_PATTERN
2020-09-04 14:00:00,10383.06,10439.91,9895.22,10394.13,4239.83900706,HARAMI,Bull
2020-09-04 15:00:00,10390.68,10457.26,10164.42,10434.76,1758.31538915,NO_PATTERN,NO_PATTERN
2020-09-04 16:00:00,10434.76,10485.1,10318.88,10448.89,1103.28914301,DOJI,Neutral
2020-09-04 17:00:00,10448.88,10461.39,10389.4,10420.3,806.65324047,NO_PATTERN,NO_PATTERN
2020-09-04 18:00:00,10420.19,10523.72,10350.45,10523.72,969.95325376,ENGULFING,Bullish
2020-09-04 19:00:00,10523.72,10607.66,10474.82,10584.92,1166.12957394,NO_PATTERN,NO_PATTERN
2020-09-04 20:00:00,10581.74,10615.0,10545.82,10604.95,725.76539255,NO_PATTERN,NO_PATTERN
2020-09-04 21:00:00,10604.96,10638.34,10552.36,10558.79,465.54698019,ENGULFING,Bearish
2020-09-04 22:00:00,10558.72,10591.38,10446.58,10500.05,591.70505861,NO_PATTERN,NO_PATTERN
2020-09-05 00:00:00,10500.05,10564.8,10465.2,10483.31,330.92214301,GRAVESTONEDOJI,Neutral
2020-09-05 01:00:00,10483.31,10523.37,10416.23,10494.0,591.68759641,DOJI,Neutral
2020-09-05 02:00:00,10493.96,10506.52,10415.19,10436.21,497.09702346,NO_PATTERN,NO_PATTERN
2020-09-05 03:00:00,10435.82,10461.73,10393.64,10408.01,476.64408209,NO_PATTERN,NO_PATTERN
2020-09-05 04:00:00,10410.27,10471.98,10378.67,10419.14,444.91096573,DOJI,Neutral
2020-09-05 05:00:00,10419.0,10460.0,10402.07,10408.74,311.28606964,GRAVESTONEDOJI,Neutral
2020-09-05 06:00:00,10408.43,10500.5,10394.12,10478.71,269.0134455,ENGULFING,Bullish
2020-09-05 07:00:00,10478.71,10492.97,10365.24,10401.73,402.32133362,NO_PATTERN,NO_PATTERN
2020-09-05 08:00:00,10406.82,10406.82,10322.63,10326.06,399.70923546,NO_PATTERN,NO_PATTERN
2020-09-05 09:00:00,10326.07,10382.47,10268.89,10291.01,442.08648939,NO_PATTERN,NO_PATTERN
2020-09-05 10:00:00,10290.03,10346.9,10261.19,10282.52,413.19376654,DOJI,Neutral
2020-09-05 11:00:00,10284.81,10303.06,10126.76,10227.88,885.40593222,NO_PATTERN,NO_PATTERN
2020-09-05 12:00:00,10226.69,10268.97,9969.53,10005.06,2097.11254684,NO_PATTERN,NO_PATTERN
2020-09-05 13:00:00,10005.05,10325.24,9995.15,10313.27,1262.27679483,3LINESTRIKE,Bear
2020-09-05 14:00:00,10307.22,10349.15,10226.01,10320.04,659.40024346,DOJI,Neutral
2020-09-05 15:00:00,10322.44,10350.41,10250.0,10275.0,647.63344496,ENGULFING,Bearish
2020-09-05 16:00:00,10275.0,10304.07,10029.9,10248.83,1319.61095655,NO_PATTERN,NO_PATTERN
2020-09-05 17:00:00,10247.21,10273.51,10043.26,10132.97,1044.59777407,NO_PATTERN,NO_PATTERN
2020-09-05 18:00:00,10136.07,10190.0,9813.0,10162.5,2785.97337832,HARAMI,Bullish
2020-09-05 19:00:00,10158.33,10192.57,9873.71,9953.12,3434.98452372,NO_PATTERN,NO_PATTERN
2020-09-05 20:00:00,9953.12,10110.0,9878.19,10083.67,1317.93708219,NO_PATTERN,NO_PATTERN
2020-09-05 21:00:00,10083.67,10135.52,9990.51,10087.82,623.01437486,DOJI,Neutral
2020-09-05 22:00:00,10088.08,10145.0,9982.85,9990.01,918.6021364999999,ENGULFING,Bearish
2020-09-05 23:00:00,9990.01,10193.62,9958.18,10168.36,796.75165031,NO_PATTERN,NO_PATTERN
2020-09-06 00:00:00,10169.58,10250.0,10119.32,10218.34,701.4242421399999,NO_PATTERN,NO_PATTERN
2020-09-06 01:00:00,10214.13,10234.22,10111.54,10124.37,375.04123751,NO_PATTERN,NO_PATTERN
2020-09-06 02:00:00,10123.78,10170.71,10057.11,10155.35,401.08959724,HAMMER,Neutral
2020-09-06 03:00:00,10158.64,10193.56,10108.05,10167.86,313.11339631,DOJI,Neutral
2020-09-06 04:00:00,10168.96,10218.24,10030.0,10056.32,717.99236543,ENGULFING,Bearish
2020-09-06 05:00:00,10058.39,10144.88,10000.0,10123.08,466.54633561,HARAMI,Bullish
2020-09-06 06:00:00,10123.08,10171.38,10071.54,10161.26,158.53741436,NO_PATTERN,NO_PATTERN
2020-09-06 07:00:00,10161.26,10250.0,10136.59,10234.95,263.44512191,NO_PATTERN,NO_PATTERN
2020-09-06 08:00:00,10234.94,10264.88,10177.71,10236.62,298.86559091,DOJI,Neutral
2020-09-06 09:00:00,10235.76,10278.56,10168.31,10214.86,260.76372463,NO_PATTERN,NO_PATTERN
2020-09-06 10:00:00,10215.48,10237.88,10170.84,10230.86,146.22332278,NO_PATTERN,NO_PATTERN
2020-09-06 11:00:00,10229.88,10273.71,10191.78,10268.34,259.3371245,NO_PATTERN,NO_PATTERN
2020-09-06 12:00:00,10268.46,10299.94,10231.44,10249.16,477.90715409,NO_PATTERN,NO_PATTERN
2020-09-06 13:00:00,10249.16,10249.16,10149.51,10224.29,536.69924561,HAMMER,Neutral
2020-09-06 14:00:00,10222.59,10262.46,10176.58,10239.98,336.74993957,NO_PATTERN,NO_PATTERN
2020-09-06 15:00:00,10238.0,10251.04,10126.74,10178.74,361.33650463,NO_PATTERN,NO_PATTERN
2020-09-06 16:00:00,10178.74,10257.47,10145.16,10245.42,359.02779434999997,NO_PATTERN,NO_PATTERN
2020-09-06 17:00:00,10245.49,10247.92,10200.0,10209.86,281.30104857,NO_PATTERN,NO_PATTERN
2020-09-06 18:00:00,10207.77,10250.0,10184.37,10245.11,290.36905773,NO_PATTERN,NO_PATTERN
2020-09-06 19:00:00,10245.1,10287.92,10221.01,10261.49,384.89413016000003,NO_PATTERN,NO_PATTERN
2020-09-06 20:00:00,10266.0,10275.12,10227.86,10233.7,338.7292361,ENGULFING,Bearish
2020-09-06 21:00:00,10233.7,10358.88,10233.69,10324.12,629.98666991,NO_PATTERN,NO_PATTERN
2020-09-06 22:00:00,10323.89,10350.0,10183.44,10212.0,798.25246204,NO_PATTERN,NO_PATTERN
2020-09-06 23:00:00,10212.01,10310.0,10194.56,10257.86,339.7867893,HARAMI,Bullish
2020-09-07 00:00:00,10258.67,10315.1,10242.76,10284.9,243.50995732,NO_PATTERN,NO_PATTERN
2020-09-07 01:00:00,10285.79,10293.85,10236.56,10286.0,234.13890846,DRAGONFLYDOJI,Neutral
2020-09-07 02:00:00,10286.0,10286.0,10197.96,10214.72,334.14254912,NO_PATTERN,NO_PATTERN
2020-09-07 03:00:00,10214.72,10225.06,10184.01,10204.59,194.06734614,NO_PATTERN,NO_PATTERN
2020-09-07 04:00:00,10202.75,10243.9,10162.06,10171.8,209.92985797,NO_PATTERN,NO_PATTERN
2020-09-07 05:00:00,10171.82,10182.26,10089.14,10103.5,332.59565632,NO_PATTERN,NO_PATTERN
2020-09-07 06:00:00,10106.31,10135.1,10065.43,10083.34,362.08691974,NO_PATTERN,NO_PATTERN
2020-09-07 07:00:00,10082.92,10161.03,10051.0,10119.47,329.41889285,ENGULFING,Bullish
2020-09-07 08:00:00,10119.47,10185.0,10106.86,10141.43,229.83082751,NO_PATTERN,NO_PATTERN
2020-09-07 09:00:00,10142.97,10181.88,10106.56,10120.44,277.74882448,NO_PATTERN,NO_PATTERN
2020-09-07 10:00:00,10120.43,10164.42,10063.54,10079.28,405.6812941,NO_PATTERN,NO_PATTERN
2020-09-07 11:00:00,10079.28,10146.88,10001.29,10029.56,986.78145407,NO_PATTERN,NO_PATTERN
2020-09-07 12:00:00,10029.13,10066.97,9880.6,9951.28,1292.18153741,NO_PATTERN,NO_PATTERN
2020-09-07 13:00:00,9950.84,10133.4,9880.0,10084.55,1094.9632890799999,ENGULFING,Bullish
2020-09-07 14:00:00,10083.54,10090.17,9992.78,10019.58,442.55389672,NO_PATTERN,NO_PATTERN
2020-09-07 15:00:00,10019.24,10167.91,9990.0,10146.89,866.10326458,ENGULFING,Bullish
2020-09-07 16:00:00,10146.89,10233.61,10125.94,10200.36,613.06716992,NO_PATTERN,NO_PATTERN
2020-09-07 17:00:00,10199.39,10205.92,10150.45,10163.37,310.83160922,NO_PATTERN,NO_PATTERN
2020-09-07 18:00:00,10164.25,10204.86,10157.57,10169.9,300.46327328,GRAVESTONEDOJI,Neutral
2020-09-07 19:00:00,10169.36,10221.86,10132.72,10149.83,367.14152146,NO_PATTERN,NO_PATTERN
2020-09-07 20:00:00,10148.01,10153.66,10081.65,10153.66,406.5152599,HAMMER,Neutral
2020-09-07 21:00:00,10153.66,10189.04,10140.51,10156.73,509.06277339,DOJI,Neutral
2020-09-07 22:00:00,10156.73,10405.0,10156.72,10387.47,1093.12914938,NO_PATTERN,NO_PATTERN
2020-09-07 23:00:00,10387.47,10410.9,10344.12,10375.0,533.06829907,NO_PATTERN,NO_PATTERN
2020-09-08 00:00:00,10375.0,10440.91,10313.05,10324.41,696.82413488,NO_PATTERN,NO_PATTERN
2020-09-08 01:00:00,10321.47,10376.58,10310.97,10315.22,277.94129534,INVERTEDHAMMER,Neutral
2020-09-08 02:00:00,10317.3,10357.12,10312.11,10342.97,259.70400751,NO_PATTERN,NO_PATTERN
2020-09-08 03:00:00,10343.45,10356.88,10299.75,10310.57,237.13969927,ENGULFING,Bearish
2020-09-08 04:00:00,10310.56,10324.6,10242.89,10271.99,238.31005719,NO_PATTERN,NO_PATTERN
2020-09-08 05:00:00,10272.28,10297.32,10222.4,10228.04,330.37782195,NO_PATTERN,NO_PATTERN
2020-09-08 06:00:00,10228.06,10308.71,10226.42,10307.62,178.14695353,NO_PATTERN,NO_PATTERN
2020-09-08 07:00:00,10306.61,10309.51,10244.16,10269.5,122.68266836,HARAMI,Bearish
2020-09-08 08:00:00,10269.3,10339.99,10153.51,10175.53,349.75374325,NO_PATTERN,NO_PATTERN
2020-09-08 09:00:00,10175.53,10202.82,10018.62,10018.64,515.96200004,NO_PATTERN,NO_PATTERN
2020-09-08 10:00:00,10018.64,10072.18,9980.0,10051.06,756.3740215,NO_PATTERN,NO_PATTERN
2020-09-08 11:00:00,10051.05,10081.97,9934.86,9980.08,601.96771996,NO_PATTERN,NO_PATTERN
2020-09-08 12:00:00,9981.04,10049.99,9920.07,10010.24,692.10851169,HARAMI,Bullish
2020-09-08 13:00:00,10010.24,10032.1,9930.0,9996.59,931.8535349,NO_PATTERN,NO_PATTERN
2020-09-08 14:00:00,9996.43,10158.16,9984.08,10104.62,1037.98855322,ENGULFING,Bullish
2020-09-08 15:00:00,10104.61,10153.06,10067.01,10101.34,590.89549752,HARAMI,Bear
2020-09-08 16:00:00,10100.62,10169.9,10089.02,10151.37,450.66903717,ENGULFING,Bullish
2020-09-08 17:00:00,10152.38,10160.59,10105.42,10153.31,522.99001857,DRAGONFLYDOJI,Neutral
2020-09-08 18:00:00,10155.59,10161.68,9937.0,9984.95,1041.6512845,ENGULFING,Bearish
2020-09-08 19:00:00,9983.84,10059.65,9949.17,9987.32,903.90380595,DOJI,Neutral
2020-09-08 20:00:00,9987.32,10066.27,9977.77,10014.97,571.89469187,NO_PATTERN,NO_PATTERN
2020-09-08 21:00:00,10014.97,10050.91,9975.0,10030.96,568.74747182,NO_PATTERN,NO_PATTERN
2020-09-08 22:00:00,10031.13,10205.87,9819.83,10109.79,3043.85357708,NO_PATTERN,NO_PATTERN
2020-09-08 23:00:00,10109.36,10164.81,10080.89,10125.69,675.2783028800001,NO_PATTERN,NO_PATTERN
2020-09-09 00:00:00,10126.41,10148.05,10080.44,10116.36,361.29847603,DOJI,Neutral
2020-09-09 01:00:00,10116.36,10140.99,10080.84,10122.03,289.82088922,DOJI,Neutral
2020-09-09 02:00:00,10122.04,10128.66,9987.09,9996.55,498.84386448,ENGULFING,Bearish
2020-09-09 03:00:00,9997.17,10035.46,9983.34,10027.94,268.44327864,HARAMI,Bullish
2020-09-09 04:00:00,10031.34,10110.0,10004.0,10073.61,339.64263063,NO_PATTERN,NO_PATTERN
2020-09-09 05:00:00,10076.82,10132.28,10074.33,10087.93,206.92032273,SHOOTINGSTAR,Neutral
2020-09-09 06:00:00,10088.55,10115.0,10060.89,10098.59,143.31510014,DOJI,Neutral
2020-09-09 07:00:00,10098.78,10196.0,10098.78,10191.44,235.40827601,NO_PATTERN,NO_PATTERN
2020-09-09 08:00:00,10191.29,10200.0,10142.8,10154.65,215.61069537,HARAMI,Bearish
2020-09-09 09:00:00,10154.47,10205.26,10152.96,10197.11,162.23014558,ENGULFING,Bullish
2020-09-09 10:00:00,10197.97,10209.58,10153.5,10173.74,207.84925059,NO_PATTERN,NO_PATTERN
2020-09-09 11:00:00,10173.74,10286.9,10173.74,10226.75,405.31605425,NO_PATTERN,NO_PATTERN
2020-09-09 12:00:00,10227.27,10267.81,10171.06,10191.75,544.39852135,NO_PATTERN,NO_PATTERN
2020-09-09 13:00:00,10191.75,10264.33,10191.74,10213.46,485.11020715,NO_PATTERN,NO_PATTERN
2020-09-09 14:00:00,10214.07,10265.0,10194.0,10241.46,530.2937453,NO_PATTERN,NO_PATTERN
2020-09-09 15:00:00,10241.46,10287.19,10241.46,10253.79,593.52351563,NO_PATTERN,NO_PATTERN
2020-09-09 16:00:00,10253.79,10271.21,10206.0,10243.34,536.21157503,NO_PATTERN,NO_PATTERN
2020-09-09 17:00:00,10243.34,10281.17,10219.09,10275.69,499.48836155,NO_PATTERN,NO_PATTERN
2020-09-09 18:00:00,10276.0,10339.99,10262.74,10334.49,714.77328746,NO_PATTERN,NO_PATTERN
2020-09-09 19:00:00,10334.49,10349.99,10277.5,10282.84,595.72525055,NO_PATTERN,NO_PATTERN
2020-09-09 20:00:00,10282.28,10304.49,10256.33,10257.54,335.69207058,NO_PATTERN,NO_PATTERN
2020-09-09 21:00:00,10257.53,10285.38,10234.5,10243.0,404.21479976,NO_PATTERN,NO_PATTERN
2020-09-09 22:00:00,10243.01,10282.7,10231.35,10277.0,266.28524894,NO_PATTERN,NO_PATTERN
2020-09-09 23:00:00,10277.0,10284.43,10175.35,10224.56,778.49993215,NO_PATTERN,NO_PATTERN
2020-09-10 00:00:00,10224.56,10328.32,10216.41,10277.55,536.25708239,NO_PATTERN,NO_PATTERN
2020-09-10 01:00:00,10274.23,10417.8,10258.23,10385.45,504.00773769,NO_PATTERN,NO_PATTERN
2020-09-10 02:00:00,10385.46,10413.17,10360.29,10368.55,560.5365040300001,NO_PATTERN,NO_PATTERN
2020-09-10 03:00:00,10367.35,10384.32,10345.48,10379.76,307.31917576,HAMMER,Neutral
2020-09-10 04:00:00,10377.1,10420.0,10350.91,10387.43,233.23901544,NO_PATTERN,NO_PATTERN
2020-09-10 05:00:00,10387.43,10403.14,10364.28,10381.48,174.44688471,DOJI,Neutral
2020-09-10 06:00:00,10381.1,10387.25,10303.98,10337.72,226.89537249,NO_PATTERN,NO_PATTERN
2020-09-10 07:00:00,10337.72,10350.84,10261.53,10279.88,223.95692847,NO_PATTERN,NO_PATTERN
2020-09-10 08:00:00,10279.89,10302.61,10258.0,10272.5,248.26843865,DOJI,Neutral
2020-09-10 09:00:00,10272.44,10290.72,10239.03,10284.83,264.87186435,ENGULFING,Bullish
2020-09-10 10:00:00,10284.84,10327.25,10252.63,10273.17,359.94948916,NO_PATTERN,NO_PATTERN
2020-09-10 11:00:00,10270.87,10317.37,10262.12,10300.76,637.68195241,ENGULFING,Bullish
2020-09-10 12:00:00,10300.76,10380.73,10297.76,10369.01,468.14201596000004,NO_PATTERN,NO_PATTERN
2020-09-10 13:00:00,10369.01,10465.63,10362.0,10448.2,681.19936797,NO_PATTERN,NO_PATTERN
2020-09-10 14:00:00,10448.21,10489.0,10360.5,10371.47,1372.2170887300001,NO_PATTERN,NO_PATTERN
2020-09-10 15:00:00,10371.01,10437.0,10354.43,10425.63,862.62839828,NO_PATTERN,NO_PATTERN
2020-09-10 16:00:00,10425.64,10448.75,10306.65,10334.94,581.85109792,ENGULFING,Bearish
2020-09-10 17:00:00,10334.94,10383.1,10334.94,10351.18,372.25120615,NO_PATTERN,NO_PATTERN
2020-09-10 18:00:00,10351.18,10380.78,10258.0,10288.66,698.93779328,NO_PATTERN,NO_PATTERN
2020-09-10 19:00:00,10288.59,10303.72,10254.91,10276.47,594.35345908,NO_PATTERN,NO_PATTERN
2020-09-10 20:00:00,10276.46,10338.29,10271.85,10300.01,329.50840931,ENGULFING,Bullish
2020-09-10 21:00:00,10300.01,10355.0,10291.71,10348.55,301.77785133,NO_PATTERN,NO_PATTERN
2020-09-10 22:00:00,10348.56,10364.2,10325.34,10346.67,332.41796705,DOJI,Neutral
2020-09-10 23:00:00,10346.67,10358.96,10311.08,10343.23,303.40392541,DOJI,Neutral
2020-09-11 00:00:00,10344.24,10384.23,10341.67,10344.7,218.89399061,GRAVESTONEDOJI,Neutral
2020-09-11 01:00:00,10344.7,10355.99,10297.33,10310.5,186.67803917999998,NO_PATTERN,NO_PATTERN
2020-09-11 02:00:00,10310.5,10316.99,10250.38,10258.44,275.39963977,NO_PATTERN,NO_PATTERN
2020-09-11 03:00:00,10258.93,10271.35,10211.0,10217.92,510.14658342,NO_PATTERN,NO_PATTERN
2020-09-11 04:00:00,10217.92,10266.05,10200.0,10222.25,256.96131171,DOJI,Neutral
2020-09-11 05:00:00,10222.25,10288.91,10215.28,10285.0,188.80180056,NO_PATTERN,NO_PATTERN
2020-09-11 06:00:00,10288.27,10292.22,10250.87,10263.15,167.75525514,NO_PATTERN,NO_PATTERN
2020-09-11 07:00:00,10263.15,10290.76,10239.78,10260.98,387.15824743,DOJI,Neutral
2020-09-11 08:00:00,10261.58,10306.77,10255.0,10295.03,224.87701461,NO_PATTERN,NO_PATTERN
2020-09-11 09:00:00,10295.03,10335.0,10295.03,10315.58,245.18072143,NO_PATTERN,NO_PATTERN
2020-09-11 10:00:00,10315.58,10324.77,10277.54,10290.21,136.58239691,NO_PATTERN,NO_PATTERN
2020-09-11 11:00:00,10290.2,10309.95,10253.08,10255.85,274.95942598,NO_PATTERN,NO_PATTERN
2020-09-11 12:00:00,10256.54,10300.35,10254.08,10296.76,273.94027744,NO_PATTERN,NO_PATTERN
2020-09-11 13:00:00,10295.33,10318.08,10256.03,10265.0,358.0952908,NO_PATTERN,NO_PATTERN
2020-09-11 14:00:00,10264.76,10304.17,10257.0,10296.16,343.71015708,ENGULFING,Bullish
2020-09-11 15:00:00,10296.15,10340.18,10296.15,10322.71,321.1421803,NO_PATTERN,NO_PATTERN
2020-09-11 16:00:00,10322.72,10348.27,10302.05,10307.63,356.19395318,NO_PATTERN,NO_PATTERN
2020-09-11 17:00:00,10307.04,10317.26,10268.95,10300.01,286.34707325,NO_PATTERN,NO_PATTERN
2020-09-11 18:00:00,10300.02,10325.0,10295.0,10320.13,221.45743034,NO_PATTERN,NO_PATTERN
2020-09-11 19:00:00,10319.83,10342.06,10298.34,10326.58,340.38365238,NO_PATTERN,NO_PATTERN
2020-09-11 20:00:00,10326.58,10337.9,10311.4,10328.21,275.01785039,DOJI,Neutral
2020-09-11 21:00:00,10328.43,10349.99,10323.44,10349.98,342.43072429,NO_PATTERN,NO_PATTERN
2020-09-11 22:00:00,10349.99,10405.99,10349.5,10369.03,539.61151202,SHOOTINGSTAR,Neutral
2020-09-11 23:00:00,10369.5,10411.44,10352.42,10394.41,454.54931827,NO_PATTERN,NO_PATTERN
2020-09-12 00:00:00,10394.41,10400.0,10335.74,10349.07,373.33626750999997,NO_PATTERN,NO_PATTERN
2020-09-12 01:00:00,10349.07,10387.64,10349.07,10375.4,321.31568116,NO_PATTERN,NO_PATTERN
2020-09-12 02:00:00,10375.4,10379.08,10331.91,10347.53,227.41059875,NO_PATTERN,NO_PATTERN
2020-09-12 03:00:00,10347.53,10362.49,10328.0,10347.07,216.54986546,DOJI,Neutral
2020-09-12 04:00:00,10347.07,10371.98,10341.3,10363.76,157.49475887,NO_PATTERN,NO_PATTERN
2020-09-12 05:00:00,10363.94,10374.35,10361.59,10364.99,128.07267167999998,SHOOTINGSTAR,Neutral
2020-09-12 06:00:00,10364.99,10366.02,10329.01,10332.06,289.74623382,NO_PATTERN,NO_PATTERN
2020-09-12 07:00:00,10335.91,10350.23,10304.44,10345.18,186.52468690999999,HARAMI,Bullish
2020-09-12 08:00:00,10344.83,10345.21,10322.43,10333.95,212.57836836,NO_PATTERN,NO_PATTERN
2020-09-12 09:00:00,10333.95,10356.82,10327.44,10355.07,122.03312127,NO_PATTERN,NO_PATTERN
2020-09-12 10:00:00,10355.08,10360.09,10336.39,10340.15,138.38636395,NO_PATTERN,NO_PATTERN
2020-09-12 11:00:00,10340.15,10348.19,10327.14,10340.6,172.40411289,DOJI,Neutral
2020-09-12 12:00:00,10340.59,10340.59,10309.36,10325.86,220.63195329,NO_PATTERN,NO_PATTERN
2020-09-12 13:00:00,10325.86,10331.29,10276.19,10303.56,488.98853163,NO_PATTERN,NO_PATTERN
2020-09-12 14:00:00,10303.56,10359.07,10282.69,10353.58,337.90737929,NO_PATTERN,NO_PATTERN
2020-09-12 15:00:00,10353.59,10380.5,10342.98,10361.77,260.25854343,NO_PATTERN,NO_PATTERN
2020-09-12 16:00:00,10361.82,10377.09,10349.17,10373.65,228.74444061,NO_PATTERN,NO_PATTERN
2020-09-12 17:00:00,10373.65,10380.0,10357.32,10380.0,291.74578578,NO_PATTERN,NO_PATTERN
2020-09-12 18:00:00,10380.0,10483.23,10379.99,10458.87,517.46796024,NO_PATTERN,NO_PATTERN
2020-09-12 19:00:00,10458.87,10470.0,10432.16,10466.63,364.44236435,NO_PATTERN,NO_PATTERN
2020-09-12 20:00:00,10469.04,10480.32,10432.54,10441.47,373.97961999,ENGULFING,Bearish
2020-09-12 21:00:00,10441.47,10464.87,10425.59,10449.03,263.14094077,NO_PATTERN,NO_PATTERN
2020-09-12 22:00:00,10456.0,10459.94,10417.0,10440.05,284.12102169,ENGULFING,Bearish
2020-09-12 23:00:00,10441.37,10450.06,10417.0,10446.52,311.14182444,NO_PATTERN,NO_PATTERN
2020-09-13 00:00:00,10446.52,10448.47,10420.0,10437.89,243.93981423,NO_PATTERN,NO_PATTERN
2020-09-13 01:00:00,10437.89,10440.0,10405.0,10428.17,319.64812688,NO_PATTERN,NO_PATTERN
2020-09-13 02:00:00,10426.0,10449.94,10426.0,10430.89,218.05998438,NO_PATTERN,NO_PATTERN
2020-09-13 03:00:00,10434.13,10560.35,10432.3,10557.61,646.950856,NO_PATTERN,NO_PATTERN
2020-09-13 04:00:00,10558.88,10582.36,10530.01,10543.22,328.81344979,NO_PATTERN,NO_PATTERN
2020-09-13 05:00:00,10543.15,10545.44,10526.32,10536.27,171.61191998,HAMMER,Neutral
2020-09-13 06:00:00,10536.76,10550.0,10521.68,10525.22,153.54852655,NO_PATTERN,NO_PATTERN
2020-09-13 07:00:00,10525.22,10560.19,10524.35,10544.84,82.29740569,NO_PATTERN,NO_PATTERN
2020-09-13 08:00:00,10544.83,10562.78,10528.16,10542.75,82.25824483,DOJI,Neutral
2020-09-13 09:00:00,10542.75,10550.8,10472.02,10502.24,282.03083538,NO_PATTERN,NO_PATTERN
2020-09-13 10:00:00,10502.51,10502.51,10440.57,10455.0,331.36690351,NO_PATTERN,NO_PATTERN
2020-09-13 11:00:00,10455.04,10472.79,10310.0,10326.81,1074.66184446,NO_PATTERN,NO_PATTERN
2020-09-13 12:00:00,10327.13,10351.66,10290.0,10293.75,694.79453919,NO_PATTERN,NO_PATTERN
2020-09-13 13:00:00,10294.7,10345.12,10268.0,10327.75,850.70265755,NO_PATTERN,NO_PATTERN
2020-09-13 14:00:00,10326.74,10344.04,10310.0,10330.8,802.01624179,DOJI,Neutral
2020-09-13 15:00:00,10330.8,10341.71,10275.01,10284.29,445.71686053999997,NO_PATTERN,NO_PATTERN
2020-09-13 16:00:00,10283.63,10296.2,10223.37,10264.9,838.32601334,NO_PATTERN,NO_PATTERN
2020-09-13 17:00:00,10264.89,10288.16,10211.0,10284.96,981.9631858299999,ENGULFING,Bullish
2020-09-13 18:00:00,10284.95,10288.99,10248.65,10258.86,333.3843208,NO_PATTERN,NO_PATTERN
2020-09-13 19:00:00,10258.85,10323.99,10250.69,10311.05,354.99750764,ENGULFING,Bullish
2020-09-13 20:00:00,10311.05,10318.33,10288.48,10318.33,330.58358312,NO_PATTERN,NO_PATTERN
2020-09-13 21:00:00,10318.33,10329.08,10294.46,10303.9,334.43126226,NO_PATTERN,NO_PATTERN
2020-09-13 22:00:00,10303.91,10323.75,10297.95,10309.55,270.5716729,DOJI,Neutral
2020-09-13 23:00:00,10309.55,10336.76,10305.98,10336.76,229.05143078,NO_PATTERN,NO_PATTERN
2020-09-14 00:00:00,10336.76,10337.43,10253.0,10277.36,465.98753563,NO_PATTERN,NO_PATTERN
2020-09-14 01:00:00,10277.36,10324.44,10277.36,10324.43,393.36821469,NO_PATTERN,NO_PATTERN
2020-09-14 02:00:00,10324.43,10375.0,10324.43,10355.76,365.40384265,NO_PATTERN,NO_PATTERN
2020-09-14 03:00:00,10355.93,10367.6,10337.0,10354.99,271.39814501,DOJI,Neutral
2020-09-14 04:00:00,10354.99,10355.0,10316.94,10349.29,241.66384725,NO_PATTERN,NO_PATTERN
2020-09-14 05:00:00,10349.28,10371.2,10325.0,10343.36,513.4922840300001,NO_PATTERN,NO_PATTERN
2020-09-14 06:00:00,10343.66,10373.2,10343.04,10364.08,217.15662044,NO_PATTERN,NO_PATTERN
2020-09-14 07:00:00,10364.19,10403.88,10354.92,10403.43,355.74200684,NO_PATTERN,NO_PATTERN
2020-09-14 08:00:00,10402.46,10454.61,10349.09,10362.52,621.19921428,NO_PATTERN,NO_PATTERN
2020-09-14 09:00:00,10362.52,10370.76,10329.89,10370.75,389.55671879,NO_PATTERN,NO_PATTERN
2020-09-14 10:00:00,10370.76,10431.98,10370.76,10417.56,488.46593355,NO_PATTERN,NO_PATTERN
2020-09-14 11:00:00,10417.55,10477.01,10400.28,10474.92,531.9206392,NO_PATTERN,NO_PATTERN
2020-09-14 12:00:00,10474.06,10515.31,10453.93,10506.63,721.85595624,NO_PATTERN,NO_PATTERN
2020-09-14 13:00:00,10506.63,10662.83,10506.63,10645.96,1511.8139700899999,NO_PATTERN,NO_PATTERN
2020-09-14 14:00:00,10647.23,10693.05,10608.97,10638.51,1155.96496639,NO_PATTERN,NO_PATTERN
2020-09-14 15:00:00,10639.12,10714.69,10639.12,10704.49,1039.26025978,NO_PATTERN,NO_PATTERN
2020-09-14 16:00:00,10704.49,10760.62,10665.91,10734.3,821.40620151,NO_PATTERN,NO_PATTERN
2020-09-14 17:00:00,10733.53,10743.42,10677.97,10687.66,595.88151804,NO_PATTERN,NO_PATTERN
2020-09-14 18:00:00,10687.66,10698.7,10650.07,10675.99,540.33078429,NO_PATTERN,NO_PATTERN
2020-09-14 19:00:00,10675.99,10695.31,10657.34,10672.1,398.61731454,DOJI,Neutral
2020-09-14 20:00:00,10672.11,10719.6,10661.63,10692.45,411.80165938,NO_PATTERN,NO_PATTERN
2020-09-14 21:00:00,10692.45,10726.61,10680.01,10726.61,416.2332053,NO_PATTERN,NO_PATTERN
2020-09-14 22:00:00,10726.8,10750.0,10641.44,10654.0,648.51151951,ENGULFING,Bearish
2020-09-14 23:00:00,10652.8,10688.48,10625.58,10679.95,380.2336877,NO_PATTERN,NO_PATTERN
2020-09-15 00:00:00,10678.41,10707.98,10655.17,10681.61,292.29192856,DOJI,Neutral
2020-09-15 01:00:00,10681.61,10725.0,10656.56,10719.69,319.58387462,NO_PATTERN,NO_PATTERN
2020-09-15 02:00:00,10719.68,10834.51,10702.02,10756.35,583.41854431,NO_PATTERN,NO_PATTERN
2020-09-15 03:00:00,10756.8,10774.72,10739.66,10760.3,247.13455201,DOJI,Neutral
2020-09-15 04:00:00,10760.31,10784.74,10714.63,10733.89,297.87430104,EVENINGSTAR,Neutral
2020-09-15 05:00:00,10733.91,10767.25,10712.0,10741.54,190.93614867,HARAMI,Bullish
2020-09-15 06:00:00,10739.96,10745.11,10705.12,10734.78,200.81737447,DRAGONFLYDOJI,Neutral
2020-09-15 07:00:00,10734.78,10763.16,10711.84,10743.7,251.30789922,NO_PATTERN,NO_PATTERN
2020-09-15 08:00:00,10743.7,10764.2,10613.18,10640.0,516.73622093,NO_PATTERN,NO_PATTERN
2020-09-15 09:00:00,10640.0,10704.0,10628.55,10700.01,193.75243049,NO_PATTERN,NO_PATTERN
2020-09-15 10:00:00,10700.0,10870.0,10666.04,10854.61,553.13344785,NO_PATTERN,NO_PATTERN
2020-09-15 11:00:00,10856.41,10878.75,10782.04,10832.83,376.65235804,NO_PATTERN,NO_PATTERN
2020-09-15 12:00:00,10832.84,10950.0,10832.84,10914.69,1005.31527379,NO_PATTERN,NO_PATTERN
2020-09-15 13:00:00,10912.84,10937.15,10839.66,10842.0,637.31688032,NO_PATTERN,NO_PATTERN
2020-09-15 14:00:00,10842.0,10888.02,10745.0,10765.86,946.17756383,NO_PATTERN,NO_PATTERN
2020-09-15 15:00:00,10766.05,10818.02,10749.11,10785.58,1139.45225205,HARAMI,Bullish
2020-09-15 16:00:00,10785.58,10818.84,10700.0,10783.55,1391.47369914,DOJI,Neutral
2020-09-15 17:00:00,10783.55,10819.63,10744.17,10805.01,596.57951665,NO_PATTERN,NO_PATTERN
2020-09-15 18:00:00,10805.0,10812.73,10748.46,10788.01,609.66731751,NO_PATTERN,NO_PATTERN
2020-09-15 19:00:00,10788.0,10788.01,10750.01,10785.94,383.16404502,DRAGONFLYDOJI,Neutral
2020-09-15 20:00:00,10785.31,10872.34,10770.97,10865.55,600.15790738,ENGULFING,Bullish
2020-09-15 21:00:00,10865.55,10883.97,10822.19,10865.05,403.89379592,DOJI,Neutral
2020-09-15 22:00:00,10865.03,10870.75,10750.0,10777.25,449.78263434999997,NO_PATTERN,NO_PATTERN
2020-09-15 23:00:00,10777.25,10792.87,10759.45,10783.75,404.48432229,DOJI,Neutral
2020-09-16 00:00:00,10783.36,10792.71,10662.02,10718.23,651.20952893,NO_PATTERN,NO_PATTERN
2020-09-16 01:00:00,10718.58,10753.76,10673.75,10738.02,340.1155828,HARAMI,Bullish
2020-09-16 02:00:00,10740.31,10745.63,10700.0,10737.02,292.7621717,DRAGONFLYDOJI,Neutral
2020-09-16 03:00:00,10738.36,10785.32,10719.15,10784.47,144.07757283,NO_PATTERN,NO_PATTERN
2020-09-16 04:00:00,10784.46,10821.65,10765.5,10790.63,210.96242928,DOJI,Neutral
2020-09-16 05:00:00,10790.63,10832.76,10769.93,10776.9,149.33029286000001,NO_PATTERN,NO_PATTERN
2020-09-16 06:00:00,10776.9,10850.0,10766.58,10841.63,200.28716859,NO_PATTERN,NO_PATTERN
2020-09-16 07:00:00,10839.1,10944.5,10826.05,10917.12,340.2841955,NO_PATTERN,NO_PATTERN
2020-09-16 08:00:00,10917.12,10932.59,10872.73,10904.65,365.767513,NO_PATTERN,NO_PATTERN
2020-09-16 09:00:00,10906.99,10906.99,10856.88,10874.23,204.16507317,NO_PATTERN,NO_PATTERN
2020-09-16 10:00:00,10874.23,10932.36,10833.22,10850.22,288.78921656,NO_PATTERN,NO_PATTERN
2020-09-16 11:00:00,10850.21,10920.18,10850.21,10907.87,255.85523656,ENGULFING,Bullish
2020-09-16 12:00:00,10908.87,10961.26,10869.11,10929.86,629.57764865,NO_PATTERN,NO_PATTERN
2020-09-16 13:00:00,10935.44,10957.0,10895.38,10921.66,480.2219159,NO_PATTERN,NO_PATTERN
2020-09-16 14:00:00,10921.66,10940.05,10867.5,10894.33,519.23459557,NO_PATTERN,NO_PATTERN
2020-09-16 15:00:00,10894.32,11024.58,10888.17,11013.8,849.45975319,ENGULFING,Bullish
2020-09-16 16:00:00,11013.8,11099.95,10993.0,11076.68,864.65697886,NO_PATTERN,NO_PATTERN
2020-09-16 17:00:00,11076.68,11086.03,11005.04,11043.23,605.7707067,NO_PATTERN,NO_PATTERN
2020-09-16 18:00:00,11043.23,11090.0,10965.8,11011.04,1081.4049159200001,NO_PATTERN,NO_PATTERN
2020-09-16 19:00:00,11011.04,11025.84,10968.08,10986.05,684.26014212,NO_PATTERN,NO_PATTERN
2020-09-16 20:00:00,10986.17,11053.84,10970.94,10995.5,597.34895372,NO_PATTERN,NO_PATTERN
2020-09-16 21:00:00,10995.91,11027.0,10971.98,11018.01,597.90746981,NO_PATTERN,NO_PATTERN
2020-09-16 22:00:00,11018.01,11044.0,10990.01,11025.47,269.81478419,DOJI,Neutral
2020-09-16 23:00:00,11025.01,11034.78,10941.76,10959.61,330.69725669999997,NO_PATTERN,NO_PATTERN
2020-09-17 00:00:00,10957.06,11044.0,10930.11,11000.01,406.17089979,NO_PATTERN,NO_PATTERN
2020-09-17 01:00:00,11000.0,11032.24,10958.65,10958.87,400.85078923,HARAMI,Bearish
2020-09-17 02:00:00,10958.65,10962.16,10912.87,10929.41,390.16381791,NO_PATTERN,NO_PATTERN
2020-09-17 03:00:00,10928.85,10940.0,10871.04,10871.89,397.99227115,NO_PATTERN,NO_PATTERN
2020-09-17 04:00:00,10871.88,10914.55,10850.87,10910.44,301.44405405,NO_PATTERN,NO_PATTERN
2020-09-17 05:00:00,10909.98,10933.49,10890.0,10914.07,139.45099014,DOJI,Neutral
2020-09-17 06:00:00,10914.07,10929.64,10855.05,10864.83,241.72147902,NO_PATTERN,NO_PATTERN
2020-09-17 07:00:00,10865.29,10897.33,10851.32,10887.81,161.25675121,HARAMI,Bullish
2020-09-17 08:00:00,10887.81,10909.51,10862.02,10869.51,222.9809578,NO_PATTERN,NO_PATTERN
2020-09-17 09:00:00,10869.51,10896.98,10862.0,10881.82,145.77812872,NO_PATTERN,NO_PATTERN
2020-09-17 10:00:00,10881.81,10886.05,10782.63,10827.07,492.75367266,NO_PATTERN,NO_PATTERN
2020-09-17 11:00:00,10825.64,10887.02,10799.8,10883.73,302.45337688,ENGULFING,Bullish
2020-09-17 12:00:00,10883.74,10885.0,10802.45,10805.02,330.00965034,ENGULFING,Bearish
2020-09-17 13:00:00,10804.14,10819.81,10735.55,10817.3,839.73709601,HAMMER,Neutral
2020-09-17 14:00:00,10817.3,10871.3,10767.56,10841.05,648.28840631,NO_PATTERN,NO_PATTERN
2020-09-17 15:00:00,10840.77,10882.75,10837.21,10839.62,405.33321131,GRAVESTONEDOJI,Neutral
2020-09-17 16:00:00,10839.44,10863.98,10798.75,10846.07,457.95342148,ENGULFING,Bull
2020-09-17 17:00:00,10846.04,10873.51,10841.38,10866.09,320.31686102,NO_PATTERN,NO_PATTERN
2020-09-17 18:00:00,10868.95,10920.0,10868.07,10912.43,458.22242738,NO_PATTERN,NO_PATTERN
2020-09-17 19:00:00,10912.44,10932.55,10895.79,10922.57,459.16721432,NO_PATTERN,NO_PATTERN
2020-09-17 20:00:00,10922.56,10942.9,10918.47,10937.86,486.17896122,NO_PATTERN,NO_PATTERN
2020-09-17 21:00:00,10937.94,10977.14,10925.64,10964.04,290.3632644,NO_PATTERN,NO_PATTERN
2020-09-17 22:00:00,10964.05,10970.86,10908.09,10918.27,264.26048544,ENGULFING,Bearish
2020-09-17 23:00:00,10918.65,10946.76,10918.07,10943.61,314.57194161,NO_PATTERN,NO_PATTERN
2020-09-18 00:00:00,10943.99,10962.99,10887.67,10907.69,360.27860659,ENGULFING,Bearish
2020-09-18 01:00:00,10909.11,10926.99,10889.46,10901.63,291.42435341,NO_PATTERN,NO_PATTERN
2020-09-18 02:00:00,10903.13,10939.95,10903.13,10923.43,237.93202511,NO_PATTERN,NO_PATTERN
2020-09-18 03:00:00,10920.88,10939.8,10920.87,10926.51,183.07772104,NO_PATTERN,NO_PATTERN
2020-09-18 04:00:00,10926.5,10927.95,10881.4,10906.1,208.74083848,HAMMER,Neutral
2020-09-18 05:00:00,10906.09,10931.76,10894.11,10931.76,111.54745011,ENGULFING,Bullish
2020-09-18 06:00:00,10931.71,10980.0,10898.92,10969.39,213.58035335,NO_PATTERN,NO_PATTERN
2020-09-18 07:00:00,10969.01,10969.92,10942.49,10952.69,300.51056058,HARAMI,Bearish
2020-09-18 08:00:00,10952.7,10966.58,10929.24,10959.44,261.32644441,NO_PATTERN,NO_PATTERN
2020-09-18 09:00:00,10959.44,11039.88,10956.82,11012.32,396.08886443,NO_PATTERN,NO_PATTERN
2020-09-18 10:00:00,11011.24,11015.42,10971.81,10973.16,288.8678067,NO_PATTERN,NO_PATTERN
2020-09-18 11:00:00,10973.16,11002.51,10970.51,10976.14,197.99633422,GRAVESTONEDOJI,Neutral
2020-09-18 12:00:00,10976.15,10995.86,10957.39,10986.68,343.72243298,NO_PATTERN,NO_PATTERN
2020-09-18 13:00:00,10986.68,11002.94,10905.49,10917.43,604.08519335,NO_PATTERN,NO_PATTERN
2020-09-18 14:00:00,10917.42,10957.43,10908.0,10949.34,344.33232094,NO_PATTERN,NO_PATTERN
2020-09-18 15:00:00,10948.0,10948.01,10870.0,10898.3,722.36428647,NO_PATTERN,NO_PATTERN
2020-09-18 16:00:00,10899.7,10900.0,10830.15,10884.81,534.31061962,NO_PATTERN,NO_PATTERN
2020-09-18 17:00:00,10884.15,10897.18,10813.0,10835.14,671.0117632,NO_PATTERN,NO_PATTERN
2020-09-18 18:00:00,10833.96,10879.33,10816.09,10863.94,541.96311018,NO_PATTERN,NO_PATTERN
2020-09-18 19:00:00,10863.94,10882.66,10841.06,10869.38,427.22340047,DOJI,Neutral
2020-09-18 20:00:00,10869.77,10904.91,10852.04,10887.55,506.15159927,NO_PATTERN,NO_PATTERN
2020-09-18 21:00:00,10888.74,10945.95,10879.29,10945.95,352.82295704,NO_PATTERN,NO_PATTERN
2020-09-18 22:00:00,10945.08,10949.6,10924.51,10932.03,234.791121,HARAMI,Bearish
2020-09-18 23:00:00,10932.03,10940.57,10892.38,10937.52,305.17197816,HAMMER,Neutral
2020-09-19 00:00:00,10937.5,10979.44,10936.78,10977.95,288.82226914,NO_PATTERN,NO_PATTERN
2020-09-19 01:00:00,10977.95,10980.0,10941.92,10950.0,220.78511547,NO_PATTERN,NO_PATTERN
2020-09-19 02:00:00,10948.98,10975.0,10947.56,10974.99,138.37525075,NO_PATTERN,NO_PATTERN
2020-09-19 03:00:00,10975.0,10982.93,10950.44,10982.09,223.46795874,NO_PATTERN,NO_PATTERN
2020-09-19 04:00:00,10982.04,10985.0,10955.72,10963.1,110.87354173,NO_PATTERN,NO_PATTERN
2020-09-19 05:00:00,10962.13,10968.75,10928.2,10935.13,149.78062281,NO_PATTERN,NO_PATTERN
2020-09-19 06:00:00,10935.13,10955.27,10932.51,10946.46,99.05688817,NO_PATTERN,NO_PATTERN
2020-09-19 07:00:00,10946.46,10951.62,10903.12,10904.36,93.33627164,NO_PATTERN,NO_PATTERN
2020-09-19 08:00:00,10904.43,10929.41,10891.78,10929.41,98.200403,NO_PATTERN,NO_PATTERN
2020-09-19 09:00:00,10929.41,10962.51,10928.88,10948.01,52.3623629,NO_PATTERN,NO_PATTERN
2020-09-19 10:00:00,10948.01,10992.87,10938.27,10992.87,124.92828396,NO_PATTERN,NO_PATTERN
2020-09-19 11:00:00,10993.0,11151.36,10976.27,11144.86,774.61221845,NO_PATTERN,NO_PATTERN
2020-09-19 12:00:00,11141.13,11179.9,11054.3,11103.9,562.65214293,HARAMI,Bearish
2020-09-19 13:00:00,11103.4,11129.01,11080.01,11108.97,250.27224926,DOJI,Neutral
2020-09-19 14:00:00,11108.96,11109.43,11055.54,11085.0,267.66246169,HAMMER,Neutral
2020-09-19 15:00:00,11084.99,11105.75,11055.0,11092.57,310.19719768,NO_PATTERN,NO_PATTERN
2020-09-19 16:00:00,11092.31,11117.58,11058.08,11060.3,251.4808047,NO_PATTERN,NO_PATTERN
2020-09-19 17:00:00,11060.31,11100.0,11060.09,11071.98,259.78586304,NO_PATTERN,NO_PATTERN
2020-09-19 18:00:00,11071.97,11079.05,11012.08,11051.84,411.95233006,NO_PATTERN,NO_PATTERN
2020-09-19 19:00:00,11051.84,11078.73,11035.34,11059.77,239.8913216,NO_PATTERN,NO_PATTERN
2020-09-19 20:00:00,11058.71,11098.74,11046.93,11095.01,233.69477059,NO_PATTERN,NO_PATTERN
2020-09-19 21:00:00,11095.01,11095.15,11031.19,11052.44,228.12315868,NO_PATTERN,NO_PATTERN
2020-09-19 22:00:00,11052.44,11072.95,11030.78,11069.22,190.54989589,NO_PATTERN,NO_PATTERN
2020-09-19 23:00:00,11068.8,11089.94,11042.0,11080.0,132.17610278,NO_PATTERN,NO_PATTERN
2020-09-20 00:00:00,11081.09,11081.37,11045.0,11057.32,147.40832949,ENGULFING,Bearish
2020-09-20 01:00:00,11055.98,11055.98,10920.82,10942.49,678.76045402,NO_PATTERN,NO_PATTERN
2020-09-20 02:00:00,10941.98,10963.94,10914.18,10918.69,294.24019319,NO_PATTERN,NO_PATTERN
2020-09-20 03:00:00,10919.47,10954.97,10902.33,10947.43,255.74870163,NO_PATTERN,NO_PATTERN
2020-09-20 04:00:00,10947.36,10978.0,10932.97,10969.32,171.00737137000002,NO_PATTERN,NO_PATTERN
2020-09-20 05:00:00,10969.32,10969.32,10940.0,10953.05,110.49111266999999,NO_PATTERN,NO_PATTERN
2020-09-20 06:00:00,10953.04,10969.36,10940.03,10967.1,151.08321747,NO_PATTERN,NO_PATTERN
2020-09-20 07:00:00,10966.81,10989.0,10950.0,10959.33,166.00123845000002,NO_PATTERN,NO_PATTERN
2020-09-20 08:00:00,10959.33,10975.44,10950.64,10954.53,93.40413443,GRAVESTONEDOJI,Neutral
2020-09-20 09:00:00,10954.53,10964.52,10928.12,10962.96,83.24267519,HAMMER,Neutral
2020-09-20 10:00:00,10962.95,10983.54,10942.55,10983.52,80.14103065,NO_PATTERN,NO_PATTERN
2020-09-20 11:00:00,10983.51,10983.52,10950.0,10950.0,70.05862764,NO_PATTERN,NO_PATTERN
2020-09-20 12:00:00,10950.01,10955.97,10832.31,10850.01,582.10802427,NO_PATTERN,NO_PATTERN
2020-09-20 13:00:00,10850.08,10868.0,10794.0,10863.99,488.24491515,HARAMI,Bullish
2020-09-20 14:00:00,10864.0,10864.0,10832.57,10839.02,243.16833849,ENGULFING,Bearish
2020-09-20 15:00:00,10839.03,10878.54,10828.76,10837.57,235.71268439,DOJI,Neutral
2020-09-20 16:00:00,10837.45,10857.46,10759.37,10854.35,529.29528108,HAMMER,Neutral
2020-09-20 17:00:00,10857.32,10905.31,10852.86,10899.95,229.37383420999998,NO_PATTERN,NO_PATTERN
2020-09-20 18:00:00,10899.72,10906.32,10867.04,10893.44,182.31222206,HARAMI,Bearish
2020-09-20 19:00:00,10893.44,10902.83,10859.46,10871.78,146.9625738,NO_PATTERN,NO_PATTERN
2020-09-20 20:00:00,10872.24,10880.88,10841.66,10855.05,201.25418376,NO_PATTERN,NO_PATTERN
2020-09-20 21:00:00,10855.06,10895.8,10820.52,10872.89,231.22613741,NO_PATTERN,NO_PATTERN
2020-09-20 22:00:00,10874.44,10886.48,10826.39,10875.62,234.71387497,DOJI,Neutral
2020-09-20 23:00:00,10875.58,10939.27,10875.58,10920.89,381.535178,NO_PATTERN,NO_PATTERN
2020-09-21 00:00:00,10920.94,10978.91,10896.03,10958.31,247.97496729,NO_PATTERN,NO_PATTERN
2020-09-21 01:00:00,10959.1,10982.0,10942.74,10943.93,204.93940981,NO_PATTERN,NO_PATTERN
2020-09-21 02:00:00,10946.37,10968.07,10943.01,10944.92,214.04900357,GRAVESTONEDOJI,Neutral
2020-09-21 03:00:00,10944.11,10965.98,10923.38,10965.7,237.14270224,ENGULFING,Bullish
2020-09-21 04:00:00,10966.0,10994.0,10959.29,10960.12,305.41569875,NO_PATTERN,NO_PATTERN
2020-09-21 05:00:00,10960.12,10965.14,10932.31,10965.01,147.7596773,HAMMER,Neutral
2020-09-21 06:00:00,10965.0,10976.23,10938.27,10950.18,109.36576017,NO_PATTERN,NO_PATTERN
2020-09-21 07:00:00,10950.74,10957.4,10890.0,10898.03,243.49133687,NO_PATTERN,NO_PATTERN
2020-09-21 08:00:00,10898.01,10909.07,10805.0,10846.37,456.05841589,NO_PATTERN,NO_PATTERN
2020-09-21 09:00:00,10846.35,10857.76,10687.3,10695.62,782.28109682,NO_PATTERN,NO_PATTERN
2020-09-21 10:00:00,10695.49,10727.27,10634.07,10662.12,904.85424407,NO_PATTERN,NO_PATTERN
2020-09-21 11:00:00,10661.52,10679.59,10575.0,10630.0,697.89523608,NO_PATTERN,NO_PATTERN
2020-09-21 12:00:00,10629.99,10629.99,10497.19,10567.09,882.55236412,NO_PATTERN,NO_PATTERN
2020-09-21 13:00:00,10565.65,10630.0,10549.81,10586.82,752.35732482,NO_PATTERN,NO_PATTERN
2020-09-21 14:00:00,10585.57,10600.47,10292.02,10408.9,2403.66842097,NO_PATTERN,NO_PATTERN
2020-09-21 15:00:00,10408.94,10448.28,10345.11,10416.35,1040.63368043,HARAMI,Bull
2020-09-21 16:00:00,10416.68,10428.29,10180.0,10375.39,1692.32250911,ENGULFING,Bearish
2020-09-21 17:00:00,10375.39,10426.55,10366.15,10392.69,639.72068588,NO_PATTERN,NO_PATTERN
2020-09-21 18:00:00,10391.0,10440.0,10376.75,10440.0,412.90201809,NO_PATTERN,NO_PATTERN
2020-09-21 19:00:00,10440.0,10500.0,10435.72,10499.94,761.45468986,NO_PATTERN,NO_PATTERN
2020-09-21 20:00:00,10499.41,10532.46,10474.52,10478.38,605.60441485,HARAMI,Bearish
2020-09-21 21:00:00,10477.86,10533.33,10462.91,10504.96,451.44725127,ENGULFING,Bullish
2020-09-21 22:00:00,10504.96,10533.23,10466.01,10481.68,261.00060632,NO_PATTERN,NO_PATTERN
2020-09-21 23:00:00,10481.57,10505.09,10408.88,10416.82,511.20534631,NO_PATTERN,NO_PATTERN
2020-09-22 00:00:00,10416.83,10490.61,10355.0,10456.13,549.58760702,HARAMI,Bullish
2020-09-22 01:00:00,10456.13,10470.08,10401.01,10434.76,547.71838636,NO_PATTERN,NO_PATTERN
2020-09-22 02:00:00,10434.75,10465.82,10420.99,10465.82,335.65750379,ENGULFING,Bullish
2020-09-22 03:00:00,10465.82,10474.95,10435.57,10447.11,202.43194953,NO_PATTERN,NO_PATTERN
2020-09-22 04:00:00,10447.1,10485.81,10447.1,10462.38,165.89977325,NO_PATTERN,NO_PATTERN
2020-09-22 05:00:00,10463.48,10471.26,10440.05,10459.14,194.8279703,DOJI,Neutral
2020-09-22 06:00:00,10462.06,10498.36,10408.28,10423.0,202.96649684,NO_PATTERN,NO_PATTERN
2020-09-22 07:00:00,10422.11,10440.0,10356.92,10370.83,223.85247837,NO_PATTERN,NO_PATTERN
2020-09-22 08:00:00,10370.82,10475.54,10370.82,10458.27,289.86336505,ENGULFING,Bullish
2020-09-22 09:00:00,10458.27,10470.67,10439.55,10451.25,125.05690908,DOJI,Neutral
2020-09-22 10:00:00,10451.26,10478.81,10428.45,10458.88,97.13223076,NO_PATTERN,NO_PATTERN
2020-09-22 11:00:00,10460.37,10503.92,10445.24,10453.22,139.70572039,NO_PATTERN,NO_PATTERN
2020-09-22 12:00:00,10451.4,10497.39,10426.0,10490.68,314.07977148,ENGULFING,Bullish
2020-09-22 13:00:00,10490.68,10525.77,10457.14,10470.96,566.86544294,NO_PATTERN,NO_PATTERN
2020-09-22 14:00:00,10470.96,10512.6,10436.0,10436.0,542.00908394,NO_PATTERN,NO_PATTERN
2020-09-22 15:00:00,10436.0,10467.35,10421.94,10451.5,611.39916424,NO_PATTERN,NO_PATTERN
2020-09-22 16:00:00,10451.49,10494.17,10450.01,10452.3,453.84539092,GRAVESTONEDOJI,Neutral
2020-09-22 17:00:00,10452.25,10490.06,10445.28,10487.28,304.04592447,NO_PATTERN,NO_PATTERN
2020-09-22 18:00:00,10487.29,10502.94,10485.87,10492.39,367.70864072,SHOOTINGSTAR,Neutral
2020-09-22 19:00:00,10492.39,10498.28,10470.0,10495.01,278.43412691,HAMMER,Neutral
2020-09-22 20:00:00,10495.0,10519.18,10483.58,10515.92,316.04762938,NO_PATTERN,NO_PATTERN
2020-09-22 21:00:00,10515.99,10576.82,10457.09,10552.34,582.49648295,NO_PATTERN,NO_PATTERN
2020-09-22 22:00:00,10552.43,10554.98,10496.92,10514.0,239.47861496000002,ENGULFING,Bearish
2020-09-22 23:00:00,10509.1,10540.53,10500.0,10531.13,205.01447525,NO_PATTERN,NO_PATTERN
2020-09-23 00:00:00,10531.13,10539.95,10501.96,10511.87,180.52306685,NO_PATTERN,NO_PATTERN
2020-09-23 01:00:00,10510.92,10530.34,10502.54,10513.0,205.54877342,DOJI,Neutral
2020-09-23 02:00:00,10512.99,10532.49,10505.07,10519.87,130.12155234,NO_PATTERN,NO_PATTERN
2020-09-23 03:00:00,10519.14,10520.82,10473.99,10478.33,158.92442613,NO_PATTERN,NO_PATTERN
2020-09-23 04:00:00,10478.74,10487.36,10448.73,10470.39,213.70887581,NO_PATTERN,NO_PATTERN
2020-09-23 05:00:00,10470.39,10491.03,10451.36,10471.51,123.52736726,DOJI,Neutral
2020-09-23 06:00:00,10470.95,10474.81,10406.06,10431.56,397.18455752,NO_PATTERN,NO_PATTERN
2020-09-23 07:00:00,10431.56,10435.54,10380.49,10431.13,224.49171929000002,DRAGONFLYDOJI,Neutral
2020-09-23 08:00:00,10431.19,10460.49,10408.06,10445.91,101.53298936,NO_PATTERN,NO_PATTERN
2020-09-23 09:00:00,10443.82,10496.03,10441.82,10484.83,110.00565877,NO_PATTERN,NO_PATTERN
2020-09-23 10:00:00,10483.45,10492.29,10465.0,10492.11,163.90279849,NO_PATTERN,NO_PATTERN
2020-09-23 11:00:00,10492.11,10493.82,10471.92,10475.02,231.97105109,NO_PATTERN,NO_PATTERN
2020-09-23 12:00:00,10475.03,10521.27,10467.01,10510.17,238.98292496,NO_PATTERN,NO_PATTERN
2020-09-23 13:00:00,10510.17,10541.25,10498.3,10501.28,353.95190533,NO_PATTERN,NO_PATTERN
2020-09-23 14:00:00,10500.0,10507.43,10463.18,10475.19,412.03092179,NO_PATTERN,NO_PATTERN
2020-09-23 15:00:00,10475.01,10489.27,10451.0,10454.16,285.59910553,NO_PATTERN,NO_PATTERN
2020-09-23 16:00:00,10453.42,10497.83,10451.0,10483.06,327.65878314,ENGULFING,Bullish
2020-09-23 17:00:00,10483.07,10484.0,10454.9,10455.5,423.84497221,NO_PATTERN,NO_PATTERN
2020-09-23 18:00:00,10455.49,10462.25,10401.22,10402.31,439.43504261,NO_PATTERN,NO_PATTERN
2020-09-23 19:00:00,10402.31,10409.25,10251.01,10288.96,1244.77899235,NO_PATTERN,NO_PATTERN
2020-09-23 20:00:00,10288.96,10319.6,10135.22,10225.66,1421.1127391100001,NO_PATTERN,NO_PATTERN
2020-09-23 21:00:00,10225.78,10285.0,10204.64,10253.01,638.19058539,HARAMI,Bullish
2020-09-23 22:00:00,10252.95,10296.08,10242.15,10267.7,526.27753764,NO_PATTERN,NO_PATTERN
2020-09-23 23:00:00,10266.52,10269.31,10209.0,10235.1,329.68569565,NO_PATTERN,NO_PATTERN
2020-09-24 00:00:00,10237.41,10295.49,10192.56,10290.4,506.73610425,NO_PATTERN,NO_PATTERN
2020-09-24 01:00:00,10289.81,10313.77,10277.14,10284.79,252.37289001000002,HARAMI,Bear
2020-09-24 02:00:00,10287.46,10340.25,10279.86,10283.18,214.18453573,GRAVESTONEDOJI,Neutral
2020-09-24 03:00:00,10283.17,10321.44,10283.17,10299.7,186.50516448,ENGULFING,Bullish
2020-09-24 04:00:00,10300.48,10315.34,10275.37,10278.41,123.82393932000001,ENGULFING,Bearish
2020-09-24 05:00:00,10277.42,10299.0,10270.0,10289.46,145.89490958,NO_PATTERN,NO_PATTERN
2020-09-24 06:00:00,10289.12,10320.0,10280.87,10284.95,121.76716272,GRAVESTONEDOJI,Neutral
2020-09-24 07:00:00,10287.24,10349.84,10285.84,10341.35,167.40435585,NO_PATTERN,NO_PATTERN
2020-09-24 08:00:00,10341.75,10352.1,10307.92,10312.16,159.39356057,NO_PATTERN,NO_PATTERN
2020-09-24 09:00:00,10312.17,10338.93,10283.48,10325.38,151.83092212,HARAMI,Bullish
2020-09-24 10:00:00,10325.38,10377.38,10316.49,10376.33,195.35016776,NO_PATTERN,NO_PATTERN
2020-09-24 11:00:00,10376.88,10441.61,10365.89,10412.0,340.74086261,NO_PATTERN,NO_PATTERN
2020-09-24 12:00:00,10412.0,10425.57,10365.99,10377.68,235.39764776,NO_PATTERN,NO_PATTERN
2020-09-24 13:00:00,10377.67,10394.91,10328.89,10369.99,722.63061954,NO_PATTERN,NO_PATTERN
2020-09-24 14:00:00,10369.99,10417.96,10367.37,10406.64,423.6576445,MORNINGSTAR,Neutral
2020-09-24 15:00:00,10406.64,10572.99,10393.44,10548.35,1043.35782142,NO_PATTERN,NO_PATTERN
2020-09-24 16:00:00,10548.01,10737.38,10545.22,10676.34,1343.74895733,NO_PATTERN,NO_PATTERN
2020-09-24 17:00:00,10676.34,10717.1,10655.52,10667.44,603.87167891,NO_PATTERN,NO_PATTERN
2020-09-24 18:00:00,10666.01,10690.0,10606.0,10610.9,378.40579321,NO_PATTERN,NO_PATTERN
2020-09-24 19:00:00,10610.89,10669.69,10594.99,10657.22,376.40120767999997,NO_PATTERN,NO_PATTERN
2020-09-24 20:00:00,10655.29,10669.99,10626.49,10626.56,415.53921435,NO_PATTERN,NO_PATTERN
2020-09-24 21:00:00,10626.55,10669.99,10621.21,10650.38,334.39713581999996,NO_PATTERN,NO_PATTERN
2020-09-24 22:00:00,10650.38,10795.87,10637.98,10768.42,754.05466106,NO_PATTERN,NO_PATTERN
2020-09-24 23:00:00,10768.43,10772.86,10722.77,10740.01,472.31348019,NO_PATTERN,NO_PATTERN
2020-09-25 00:00:00,10740.0,10762.44,10693.04,10712.31,316.04185309,NO_PATTERN,NO_PATTERN
2020-09-25 01:00:00,10712.36,10735.02,10687.46,10688.35,281.6217813,NO_PATTERN,NO_PATTERN
2020-09-25 02:00:00,10688.34,10724.99,10687.76,10708.92,160.31559112,NO_PATTERN,NO_PATTERN
2020-09-25 03:00:00,10708.51,10718.39,10663.48,10666.67,188.86685758,NO_PATTERN,NO_PATTERN
2020-09-25 04:00:00,10665.96,10691.31,10657.0,10675.81,169.1222696,NO_PATTERN,NO_PATTERN
2020-09-25 05:00:00,10675.8,10680.67,10640.91,10642.46,125.15240028,NO_PATTERN,NO_PATTERN
2020-09-25 06:00:00,10649.04,10697.59,10617.39,10690.37,171.10738624,NO_PATTERN,NO_PATTERN
2020-09-25 07:00:00,10694.06,10706.05,10667.03,10694.01,972.7302958500001,DOJI,Neutral
2020-09-25 08:00:00,10694.01,10694.01,10580.7,10601.6,347.55196603,EVENINGSTAR,Neutral
2020-09-25 09:00:00,10602.19,10647.46,10559.12,10586.29,361.49021769,NO_PATTERN,NO_PATTERN
2020-09-25 10:00:00,10584.9,10624.5,10581.59,10596.38,169.38171505,NO_PATTERN,NO_PATTERN
2020-09-25 11:00:00,10594.66,10646.44,10574.02,10625.67,983.08800617,NO_PATTERN,NO_PATTERN
2020-09-25 12:00:00,10625.6,10681.59,10590.0,10614.72,325.20280979,HARAMI,Bearish
2020-09-25 13:00:00,10614.72,10642.58,10590.86,10615.76,318.40988247,DOJI,Neutral
2020-09-25 14:00:00,10615.77,10632.61,10551.0,10621.4,1021.70788123,DOJI,Neutral
2020-09-25 15:00:00,10624.16,10671.0,10560.11,10653.29,446.02245587,NO_PATTERN,NO_PATTERN
2020-09-25 16:00:00,10650.8,10672.35,10631.01,10656.92,325.28248495,DOJI,Neutral
2020-09-25 17:00:00,10656.93,10725.8,10642.55,10701.02,678.93946369,NO_PATTERN,NO_PATTERN
2020-09-25 18:00:00,10701.01,10749.65,10700.0,10707.92,522.43840015,GRAVESTONEDOJI,Neutral
2020-09-25 19:00:00,10707.92,10733.1,10688.36,10722.43,454.24108575,NO_PATTERN,NO_PATTERN
2020-09-25 20:00:00,10723.87,10765.07,10713.81,10717.66,409.14196065,GRAVESTONEDOJI,Neutral
2020-09-25 21:00:00,10717.52,10754.38,10707.03,10752.23,436.1611265,ENGULFING,Bullish
2020-09-25 22:00:00,10753.1,10757.19,10674.19,10691.36,319.02070162,ENGULFING,Bearish
2020-09-25 23:00:00,10691.35,10702.98,10658.88,10690.53,170.6219829,DOJI,Neutral
2020-09-26 00:00:00,10690.53,10715.87,10654.58,10658.37,281.01390289,NO_PATTERN,NO_PATTERN
2020-09-26 01:00:00,10657.64,10705.2,10654.95,10694.0,126.71711294,ENGULFING,Bullish
2020-09-26 02:00:00,10694.0,10730.23,10681.54,10715.14,108.83248027,NO_PATTERN,NO_PATTERN
2020-09-26 03:00:00,10715.13,10750.0,10705.12,10712.53,144.54040924,DOJI,Neutral
2020-09-26 04:00:00,10713.43,10741.71,10692.35,10741.31,94.77315022,NO_PATTERN,NO_PATTERN
2020-09-26 05:00:00,10741.31,10828.0,10710.49,10729.15,334.81613638,NO_PATTERN,NO_PATTERN
2020-09-26 06:00:00,10727.14,10777.5,10721.01,10739.58,117.28439545,NO_PATTERN,NO_PATTERN
2020-09-26 07:00:00,10737.59,10743.7,10697.54,10712.64,82.82615022,NO_PATTERN,NO_PATTERN
2020-09-26 08:00:00,10712.65,10719.46,10675.86,10692.81,107.25359886,NO_PATTERN,NO_PATTERN
2020-09-26 09:00:00,10692.8,10717.28,10677.21,10697.77,75.69802467,DOJI,Neutral
2020-09-26 10:00:00,10697.76,10733.97,10669.0,10727.07,59.98574113,NO_PATTERN,NO_PATTERN
2020-09-26 11:00:00,10727.05,10731.82,10700.71,10710.19,69.65382849,HARAMI,Bearish
2020-09-26 12:00:00,10710.19,10710.19,10669.31,10693.87,115.38973751,HAMMER,Neutral
2020-09-26 13:00:00,10693.87,10702.73,10671.57,10678.69,188.47357412,NO_PATTERN,NO_PATTERN
2020-09-26 14:00:00,10678.69,10733.0,10671.66,10712.87,203.88838447,NO_PATTERN,NO_PATTERN
2020-09-26 15:00:00,10713.32,10746.43,10708.23,10721.29,180.83541587,SHOOTINGSTAR,Neutral
2020-09-26 16:00:00,10721.29,10752.8,10686.69,10750.0,194.48118574,NO_PATTERN,NO_PATTERN
2020-09-26 17:00:00,10750.0,10755.23,10725.58,10747.21,165.65706136,DOJI,Neutral
2020-09-26 18:00:00,10748.62,10786.52,10728.51,10729.65,198.24268515,NO_PATTERN,NO_PATTERN
2020-09-26 19:00:00,10733.27,10734.44,10711.69,10723.03,134.89734083,HAMMER,Neutral
2020-09-26 20:00:00,10722.28,10726.32,10708.0,10719.99,125.90743647,HAMMER,Neutral
2020-09-26 21:00:00,10720.0,10759.39,10718.82,10721.74,232.84612836,GRAVESTONEDOJI,Neutral
2020-09-26 22:00:00,10718.18,10748.55,10704.65,10735.71,115.56181021,NO_PATTERN,NO_PATTERN
2020-09-26 23:00:00,10735.21,10756.76,10684.28,10730.0,317.77679531,HARAMI,Bearish
2020-09-27 00:00:00,10730.0,10779.74,10721.75,10778.6,178.40886446000002,NO_PATTERN,NO_PATTERN
2020-09-27 01:00:00,10778.6,10806.32,10770.0,10775.99,237.96640694,DOJI,Neutral
2020-09-27 02:00:00,10775.37,10788.96,10765.54,10783.61,172.5080132,ENGULFING,Bullish
2020-09-27 03:00:00,10783.6,10790.0,10768.36,10786.75,132.55481672,DRAGONFLYDOJI,Neutral
2020-09-27 04:00:00,10786.75,10794.0,10775.99,10788.0,158.51125562,DOJI,Neutral
2020-09-27 05:00:00,10788.0,10792.0,10768.6,10787.0,115.80922874,DOJI,Neutral
2020-09-27 06:00:00,10786.99,10787.0,10625.86,10668.49,324.80352396,NO_PATTERN,NO_PATTERN
2020-09-27 07:00:00,10666.5,10692.62,10659.48,10674.23,100.88118671,NO_PATTERN,NO_PATTERN
2020-09-27 08:00:00,10674.23,10674.23,10617.53,10649.55,85.11782801,NO_PATTERN,NO_PATTERN
2020-09-27 09:00:00,10649.69,10659.06,10623.35,10634.35,53.46385371,NO_PATTERN,NO_PATTERN
2020-09-27 10:00:00,10634.38,10678.51,10630.89,10660.22,98.21968851,NO_PATTERN,NO_PATTERN
2020-09-27 11:00:00,10659.22,10665.26,10625.0,10625.01,191.96018698,NO_PATTERN,NO_PATTERN
2020-09-27 12:00:00,10625.01,10671.4,10595.24,10666.81,193.74196169,NO_PATTERN,NO_PATTERN
2020-09-27 13:00:00,10665.79,10684.65,10656.41,10677.64,75.48677357,NO_PATTERN,NO_PATTERN
2020-09-27 14:00:00,10677.73,10690.18,10660.17,10675.9,179.16134052,DOJI,Neutral
2020-09-27 15:00:00,10674.77,10767.39,10633.98,10756.69,340.3922205,ENGULFING,Bullish
2020-09-27 16:00:00,10757.04,10775.0,10714.59,10722.53,185.21954071,NO_PATTERN,NO_PATTERN
2020-09-27 17:00:00,10722.62,10739.79,10715.01,10728.32,114.06218466,NO_PATTERN,NO_PATTERN
2020-09-27 18:00:00,10728.93,10745.39,10704.96,10716.73,128.34326585,ENGULFING,Bearish
2020-09-27 19:00:00,10717.96,10743.99,10705.01,10736.64,116.13085442,NO_PATTERN,NO_PATTERN
2020-09-27 20:00:00,10736.29,10736.29,10717.75,10725.83,124.57310201,NO_PATTERN,NO_PATTERN
2020-09-27 21:00:00,10725.83,10740.06,10706.14,10722.67,168.74833008,DOJI,Neutral
2020-09-27 22:00:00,10723.61,10764.82,10723.61,10757.35,170.68880718,NO_PATTERN,NO_PATTERN
2020-09-27 23:00:00,10756.67,10784.25,10733.28,10778.2,227.19074917,NO_PATTERN,NO_PATTERN
2020-09-28 00:00:00,10779.0,10956.11,10778.99,10892.17,883.84964901,NO_PATTERN,NO_PATTERN
2020-09-28 01:00:00,10891.06,10930.66,10887.13,10926.0,240.93200786,NO_PATTERN,NO_PATTERN
2020-09-28 02:00:00,10928.27,10949.99,10908.93,10911.7,296.0630875,NO_PATTERN,NO_PATTERN
2020-09-28 03:00:00,10912.09,10918.25,10875.39,10887.21,219.5051184,NO_PATTERN,NO_PATTERN
2020-09-28 04:00:00,10886.51,10907.38,10869.06,10896.85,174.58763552,NO_PATTERN,NO_PATTERN
2020-09-28 05:00:00,10897.34,10915.25,10867.89,10882.19,122.03891372,ENGULFING,Bearish
2020-09-28 06:00:00,10882.18,10889.85,10850.58,10869.25,197.09144213,NO_PATTERN,NO_PATTERN
2020-09-28 07:00:00,10869.43,10878.91,10835.25,10853.37,141.55644905,NO_PATTERN,NO_PATTERN
2020-09-28 08:00:00,10853.37,10893.1,10844.61,10858.32,95.87740257,DOJI,Neutral
2020-09-28 09:00:00,10857.43,10876.48,10835.03,10855.91,146.46145384,DOJI,Neutral
2020-09-28 10:00:00,10853.96,10889.97,10832.46,10877.12,118.64453216,ENGULFING,Bullish
2020-09-28 11:00:00,10877.25,10913.43,10856.42,10880.0,248.29798771,DOJI,Neutral
2020-09-28 12:00:00,10879.99,10947.07,10840.83,10905.59,596.47032225,NO_PATTERN,NO_PATTERN
2020-09-28 13:00:00,10905.59,10946.58,10879.66,10888.01,397.39047125,NO_PATTERN,NO_PATTERN
2020-09-28 14:00:00,10891.11,10921.93,10860.03,10862.26,348.60142332,NO_PATTERN,NO_PATTERN
2020-09-28 15:00:00,10863.45,10915.2,10857.59,10900.59,448.72499827,NO_PATTERN,NO_PATTERN
2020-09-28 16:00:00,10900.58,10911.56,10873.14,10891.47,424.57821813,HARAMI,Bearish
2020-09-28 17:00:00,10891.46,10925.0,10876.48,10894.08,488.40780397000003,DOJI,Neutral
2020-09-28 18:00:00,10893.92,10893.92,10850.15,10872.42,557.74702158,NO_PATTERN,NO_PATTERN
2020-09-28 19:00:00,10872.41,10875.0,10833.62,10869.07,396.05858867,DRAGONFLYDOJI,Neutral
2020-09-28 20:00:00,10869.07,10877.63,10861.14,10867.45,314.76815926,DOJI,Neutral
2020-09-28 21:00:00,10867.45,10890.0,10850.0,10888.28,278.90097795,NO_PATTERN,NO_PATTERN
2020-09-28 22:00:00,10888.11,10888.11,10851.65,10866.28,179.13092946999998,NO_PATTERN,NO_PATTERN
2020-09-28 23:00:00,10865.76,10866.1,10621.22,10695.55,1533.8037505099999,NO_PATTERN,NO_PATTERN
2020-09-29 00:00:00,10694.9,10728.09,10651.78,10706.54,487.87341455,NO_PATTERN,NO_PATTERN
2020-09-29 01:00:00,10706.53,10713.02,10668.17,10677.13,407.11965365,NO_PATTERN,NO_PATTERN
2020-09-29 02:00:00,10677.99,10699.05,10655.18,10682.47,280.94249253,DOJI,Neutral
2020-09-29 03:00:00,10682.35,10705.98,10681.0,10685.8,246.77132992,GRAVESTONEDOJI,Neutral
2020-09-29 04:00:00,10685.8,10706.62,10685.79,10687.43,192.45058237,GRAVESTONEDOJI,Neutral
2020-09-29 05:00:00,10687.43,10692.48,10667.0,10673.67,191.70557261,NO_PATTERN,NO_PATTERN
2020-09-29 06:00:00,10673.67,10741.99,10662.08,10739.29,183.6499862,NO_PATTERN,NO_PATTERN
2020-09-29 07:00:00,10739.28,10741.02,10707.9,10723.37,217.91402904,HARAMI,Bearish
2020-09-29 08:00:00,10722.75,10736.02,10708.48,10729.45,167.5510211,NO_PATTERN,NO_PATTERN
2020-09-29 09:00:00,10730.21,10752.23,10700.77,10716.57,174.14378043,ENGULFING,Bearish
2020-09-29 10:00:00,10716.56,10780.53,10710.34,10768.25,201.29814077,ENGULFING,Bullish
2020-09-29 11:00:00,10771.81,10790.0,10754.37,10757.19,247.18717481000002,NO_PATTERN,NO_PATTERN
2020-09-29 12:00:00,10757.19,10765.82,10741.93,10761.41,199.90656628,NO_PATTERN,NO_PATTERN
2020-09-29 13:00:00,10760.72,10768.82,10714.65,10758.85,319.97780552,DOJI,Neutral
2020-09-29 14:00:00,10759.85,10790.0,10739.99,10762.41,393.43144987,DOJI,Neutral
2020-09-29 15:00:00,10762.45,10772.51,10713.0,10722.9,412.94123106,ENGULFING,Bearish
2020-09-29 16:00:00,10722.9,10734.55,10658.46,10692.3,666.7150172400001,NO_PATTERN,NO_PATTERN
2020-09-29 17:00:00,10691.87,10697.73,10636.13,10676.24,461.80150287,NO_PATTERN,NO_PATTERN
2020-09-29 18:00:00,10676.24,10744.43,10672.97,10726.3,410.22082258,MORNINGSTAR,Neutral
2020-09-29 19:00:00,10726.31,10764.36,10714.16,10736.75,568.62987714,NO_PATTERN,NO_PATTERN
2020-09-29 20:00:00,10736.58,10774.0,10736.58,10756.29,596.72742394,NO_PATTERN,NO_PATTERN
2020-09-29 21:00:00,10756.28,10775.0,10744.61,10770.45,298.00323377,NO_PATTERN,NO_PATTERN
2020-09-29 22:00:00,10769.77,10775.0,10750.0,10767.12,242.34098078,DOJI,Neutral
2020-09-29 23:00:00,10767.25,10860.79,10767.25,10840.73,582.78372656,NO_PATTERN,NO_PATTERN
2020-09-30 00:00:00,10839.98,10847.0,10810.01,10810.01,219.59259258,NO_PATTERN,NO_PATTERN
2020-09-30 01:00:00,10810.14,10824.91,10772.35,10792.3,230.56394287,NO_PATTERN,NO_PATTERN
2020-09-30 02:00:00,10792.29,10818.07,10760.7,10774.11,206.85803363,NO_PATTERN,NO_PATTERN
2020-09-30 03:00:00,10774.01,10777.12,10739.56,10739.84,190.94300921,NO_PATTERN,NO_PATTERN
2020-09-30 04:00:00,10739.81,10758.25,10695.92,10748.95,234.52004633,NO_PATTERN,NO_PATTERN
2020-09-30 05:00:00,10748.94,10762.91,10698.01,10698.01,184.86964899,NO_PATTERN,NO_PATTERN
2020-09-30 06:00:00,10698.0,10730.26,10675.14,10713.24,174.88087374,NO_PATTERN,NO_PATTERN
2020-09-30 07:00:00,10712.67,10747.7,10683.66,10695.17,220.15558552,NO_PATTERN,NO_PATTERN
2020-09-30 08:00:00,10695.19,10724.18,10679.83,10703.82,97.5238647,NO_PATTERN,NO_PATTERN
2020-09-30 09:00:00,10703.69,10703.69,10657.04,10691.87,184.72677106,NO_PATTERN,NO_PATTERN
2020-09-30 10:00:00,10690.29,10723.19,10689.21,10721.37,157.01443733,ENGULFING,Bullish
2020-09-30 11:00:00,10720.88,10724.55,10675.1,10675.87,182.05561526,NO_PATTERN,NO_PATTERN
2020-09-30 12:00:00,10675.86,10744.8,10667.39,10722.8,308.69186707,ENGULFING,Bullish
2020-09-30 13:00:00,10722.81,10749.14,10716.98,10737.07,426.5551798,NO_PATTERN,NO_PATTERN
2020-09-30 14:00:00,10737.07,10760.0,10734.31,10747.56,368.17019098,NO_PATTERN,NO_PATTERN
2020-09-30 15:00:00,10747.52,10793.52,10746.95,10780.83,312.90825924,NO_PATTERN,NO_PATTERN
2020-09-30 16:00:00,10780.47,10789.0,10754.43,10787.11,241.94596607,NO_PATTERN,NO_PATTERN
2020-09-30 17:00:00,10787.1,10804.01,10757.1,10769.47,343.67948632,NO_PATTERN,NO_PATTERN
2020-09-30 18:00:00,10770.0,10776.74,10681.0,10729.76,591.5459226300001,NO_PATTERN,NO_PATTERN
2020-09-30 19:00:00,10729.76,10737.63,10675.35,10708.57,343.71951485,NO_PATTERN,NO_PATTERN
2020-09-30 20:00:00,10706.0,10729.15,10681.66,10704.49,450.96110109,DOJI,Neutral
2020-09-30 21:00:00,10704.49,10740.0,10701.58,10707.38,201.20906253,GRAVESTONEDOJI,Neutral
2020-09-30 22:00:00,10707.38,10758.91,10700.0,10743.92,200.17127789,NO_PATTERN,NO_PATTERN
2020-09-30 23:00:00,10743.84,10785.27,10735.8,10779.63,233.08804902,NO_PATTERN,NO_PATTERN
2020-10-01 00:00:00,10779.63,10829.99,10779.63,10786.25,401.46538715,NO_PATTERN,NO_PATTERN
2020-10-01 01:00:00,10786.25,10847.0,10786.25,10840.58,360.83307902,NO_PATTERN,NO_PATTERN
2020-10-01 02:00:00,10840.58,10857.22,10811.36,10820.0,261.75611108,NO_PATTERN,NO_PATTERN
2020-10-01 03:00:00,10820.0,10829.94,10797.99,10801.53,166.3016246,NO_PATTERN,NO_PATTERN
2020-10-01 04:00:00,10801.03,10830.7,10799.0,10806.01,117.32285158,GRAVESTONEDOJI,Neutral
2020-10-01 05:00:00,10806.01,10831.8,10798.9,10823.65,192.65005566,NO_PATTERN,NO_PATTERN
2020-10-01 06:00:00,10823.65,10850.0,10817.99,10823.35,187.74461867,DOJI,Neutral
2020-10-01 07:00:00,10823.17,10848.6,10807.86,10828.54,240.17358311,ENGULFING,Bullish
2020-10-01 08:00:00,10828.54,10931.98,10815.6,10878.07,650.90854214,NO_PATTERN,NO_PATTERN
2020-10-01 09:00:00,10878.08,10906.01,10878.08,10901.23,227.93672621,NO_PATTERN,NO_PATTERN
2020-10-01 10:00:00,10901.23,10916.34,10854.87,10872.4,152.41331574,NO_PATTERN,NO_PATTERN
2020-10-01 11:00:00,10871.06,10908.83,10857.06,10908.27,171.98450868,ENGULFING,Bullish
2020-10-01 12:00:00,10906.69,10913.06,10864.45,10889.61,230.92646147,HARAMI,Bearish
2020-10-01 13:00:00,10889.68,10900.0,10851.76,10863.99,377.34203339,NO_PATTERN,NO_PATTERN
2020-10-01 14:00:00,10864.22,10869.83,10836.01,10862.11,382.70116447,DOJI,Neutral
2020-10-01 15:00:00,10862.12,10891.83,10710.91,10715.98,998.11295363,NO_PATTERN,NO_PATTERN
2020-10-01 16:00:00,10715.97,10715.98,10427.75,10509.58,3365.8820616,NO_PATTERN,NO_PATTERN
2020-10-01 17:00:00,10509.57,10525.0,10460.0,10472.97,1140.24726719,NO_PATTERN,NO_PATTERN
2020-10-01 18:00:00,10471.93,10592.0,10460.0,10584.87,757.05544321,MORNINGSTAR,Neutral
2020-10-01 19:00:00,10586.43,10641.83,10562.29,10615.01,807.69076505,NO_PATTERN,NO_PATTERN
2020-10-01 20:00:00,10614.79,10617.4,10562.84,10606.77,631.27231211,DRAGONFLYDOJI,Neutral
2020-10-01 21:00:00,10606.76,10625.34,10580.36,10581.9,382.97425556999997,NO_PATTERN,NO_PATTERN
2020-10-01 22:00:00,10583.52,10635.1,10575.0,10603.94,338.52850815,NO_PATTERN,NO_PATTERN
2020-10-01 23:00:00,10603.8,10620.0,10590.18,10617.63,270.71483881,NO_PATTERN,NO_PATTERN
2020-10-02 00:00:00,10616.35,10616.35,10583.47,10593.16,245.10650623,NO_PATTERN,NO_PATTERN
2020-10-02 01:00:00,10592.54,10619.89,10586.39,10590.84,180.37022176,INVERTEDHAMMER,Neutral
2020-10-02 02:00:00,10590.84,10616.66,10585.59,10599.62,269.04558301,NO_PATTERN,NO_PATTERN
2020-10-02 03:00:00,10599.61,10657.56,10597.15,10647.0,244.48836357,NO_PATTERN,NO_PATTERN
2020-10-02 04:00:00,10648.19,10668.56,10586.2,10586.2,325.80408304,ENGULFING,Bearish
2020-10-02 05:00:00,10586.19,10586.19,10363.76,10437.92,1454.76920264,NO_PATTERN,NO_PATTERN
2020-10-02 06:00:00,10437.92,10526.46,10410.0,10503.38,487.64514389,NO_PATTERN,NO_PATTERN
2020-10-02 07:00:00,10503.38,10515.23,10468.27,10491.15,582.57399231,NO_PATTERN,NO_PATTERN
2020-10-02 08:00:00,10490.87,10493.68,10430.25,10452.7,325.60778861,NO_PATTERN,NO_PATTERN
2020-10-02 09:00:00,10452.7,10485.54,10424.48,10448.72,395.03305145,DOJI,Neutral
2020-10-02 10:00:00,10447.78,10466.74,10380.0,10462.44,340.47677522,ENGULFING,Bullish
2020-10-02 11:00:00,10464.31,10482.25,10435.4,10437.02,322.30401875,ENGULFING,Bearish
2020-10-02 12:00:00,10437.02,10496.67,10431.6,10489.04,404.30191123000003,NO_PATTERN,NO_PATTERN
2020-10-02 13:00:00,10489.04,10600.0,10433.5,10529.54,1029.09683113,NO_PATTERN,NO_PATTERN
2020-10-02 14:00:00,10529.55,10554.12,10507.18,10523.62,520.14262593,DOJI,Neutral
2020-10-02 15:00:00,10524.94,10549.63,10510.0,10517.75,472.53286211,GRAVESTONEDOJI,Neutral
2020-10-02 16:00:00,10516.68,10564.34,10495.48,10549.63,501.20259797,ENGULFING,Bullish
2020-10-02 17:00:00,10550.43,10564.72,10522.87,10543.18,397.19830562,NO_PATTERN,NO_PATTERN
2020-10-02 18:00:00,10541.99,10556.42,10528.32,10555.0,304.10164463,ENGULFING,Bullish
2020-10-02 19:00:00,10554.71,10554.71,10515.13,10515.13,292.9631003,NO_PATTERN,NO_PATTERN
2020-10-02 20:00:00,10515.13,10557.75,10510.28,10546.1,278.82243133,NO_PATTERN,NO_PATTERN
2020-10-02 21:00:00,10546.09,10557.99,10468.0,10472.06,346.71665441,NO_PATTERN,NO_PATTERN
2020-10-02 22:00:00,10470.75,10584.19,10470.48,10555.6,306.23752089,ENGULFING,Bullish
2020-10-02 23:00:00,10556.2,10577.75,10552.72,10573.12,217.0004803,NO_PATTERN,NO_PATTERN
2020-10-03 00:00:00,10573.12,10579.7,10532.59,10550.29,159.09026532000001,NO_PATTERN,NO_PATTERN
2020-10-03 01:00:00,10550.28,10560.46,10527.15,10539.12,142.18571157,NO_PATTERN,NO_PATTERN
2020-10-03 02:00:00,10539.12,10553.87,10525.21,10545.99,171.68726561,NO_PATTERN,NO_PATTERN
2020-10-03 03:00:00,10545.98,10566.57,10536.74,10554.95,131.20513048,NO_PATTERN,NO_PATTERN
2020-10-03 04:00:00,10553.97,10563.0,10544.59,10561.78,103.84746845000001,NO_PATTERN,NO_PATTERN
2020-10-03 05:00:00,10561.77,10565.0,10536.36,10541.63,83.13403988,NO_PATTERN,NO_PATTERN
2020-10-03 06:00:00,10541.61,10552.95,10498.02,10530.08,142.75799312,NO_PATTERN,NO_PATTERN
2020-10-03 07:00:00,10530.08,10533.92,10515.73,10529.95,63.132051680000004,DRAGONFLYDOJI,Neutral
2020-10-03 08:00:00,10529.67,10557.38,10503.33,10511.17,92.6159177,NO_PATTERN,NO_PATTERN
2020-10-03 09:00:00,10511.18,10543.02,10508.85,10528.68,68.00439685,NO_PATTERN,NO_PATTERN
2020-10-03 10:00:00,10526.47,10554.58,10522.08,10552.67,82.04246709,NO_PATTERN,NO_PATTERN
2020-10-03 11:00:00,10552.68,10564.82,10533.0,10542.07,93.67252062,NO_PATTERN,NO_PATTERN
2020-10-03 12:00:00,10540.72,10547.21,10523.82,10539.1,82.81247194,DOJI,Neutral
2020-10-03 13:00:00,10539.5,10553.69,10530.22,10533.88,86.27142789,NO_PATTERN,NO_PATTERN
2020-10-03 14:00:00,10534.45,10546.85,10530.22,10541.01,153.51778811,NO_PATTERN,NO_PATTERN
2020-10-03 15:00:00,10540.49,10559.84,10532.51,10550.04,163.18268835,NO_PATTERN,NO_PATTERN
2020-10-03 16:00:00,10549.91,10606.36,10541.08,10582.24,204.21623449,NO_PATTERN,NO_PATTERN
2020-10-03 17:00:00,10584.54,10589.64,10567.01,10587.46,155.57500288,DRAGONFLYDOJI,Neutral
2020-10-03 18:00:00,10587.59,10594.18,10570.09,10580.51,153.52967946,ENGULFING,Bearish
2020-10-03 19:00:00,10581.25,10598.89,10576.2,10589.25,183.4962385,NO_PATTERN,NO_PATTERN
2020-10-03 20:00:00,10589.25,10595.89,10562.74,10572.03,154.4518246,NO_PATTERN,NO_PATTERN
2020-10-03 21:00:00,10572.03,10582.36,10562.6,10578.61,213.65591271,NO_PATTERN,NO_PATTERN
2020-10-03 22:00:00,10578.61,10578.78,10534.65,10563.72,202.54000719,NO_PATTERN,NO_PATTERN
2020-10-03 23:00:00,10563.73,10570.6,10543.01,10551.65,118.91072095999999,NO_PATTERN,NO_PATTERN
2020-10-04 00:00:00,10550.32,10565.9,10526.55,10550.7,102.50741566,DOJI,Neutral
2020-10-04 01:00:00,10550.1,10552.09,10521.87,10545.52,130.340672,NO_PATTERN,NO_PATTERN
2020-10-04 02:00:00,10544.72,10560.28,10533.73,10556.0,122.47465303999999,ENGULFING,Bullish
2020-10-04 03:00:00,10555.99,10566.11,10546.55,10552.18,98.42018854,HARAMI,Bearish
2020-10-04 04:00:00,10551.14,10580.0,10551.14,10570.74,106.27885237,ENGULFING,Bullish
2020-10-04 05:00:00,10570.74,10584.94,10567.68,10569.88,106.47966429,GRAVESTONEDOJI,Neutral
2020-10-04 06:00:00,10568.66,10644.12,10567.71,10621.2,232.11975195,ENGULFING,Bullish
2020-10-04 07:00:00,10619.22,10633.33,10604.67,10613.41,88.8477409,HARAMI,Bearish
2020-10-04 08:00:00,10614.68,10621.96,10589.73,10601.72,66.92961984,NO_PATTERN,NO_PATTERN
2020-10-04 09:00:00,10601.72,10607.05,10588.24,10600.92,55.75965276,DOJI,Neutral
2020-10-04 10:00:00,10600.91,10601.63,10573.76,10587.38,67.57231208,NO_PATTERN,NO_PATTERN
2020-10-04 11:00:00,10586.98,10614.62,10578.97,10604.54,66.18859122,ENGULFING,Bullish
2020-10-04 12:00:00,10604.53,10610.36,10576.82,10609.75,87.27847777,NO_PATTERN,NO_PATTERN
2020-10-04 13:00:00,10609.75,10625.0,10600.95,10611.5,191.05074339,DOJI,Neutral
2020-10-04 14:00:00,10611.49,10614.94,10593.33,10610.0,161.6266164,DOJI,Neutral
2020-10-04 15:00:00,10609.91,10614.82,10592.07,10597.22,195.21763461,NO_PATTERN,NO_PATTERN
2020-10-04 16:00:00,10597.59,10610.09,10584.76,10605.6,178.65468541,HARAMI,Bullish
2020-10-04 17:00:00,10605.49,10610.0,10596.78,10610.0,177.80994193,NO_PATTERN,NO_PATTERN
2020-10-04 18:00:00,10610.0,10650.0,10599.49,10635.07,281.87809384999997,NO_PATTERN,NO_PATTERN
2020-10-04 19:00:00,10635.89,10697.0,10635.88,10677.02,339.18268308,NO_PATTERN,NO_PATTERN
2020-10-04 20:00:00,10677.18,10694.02,10641.47,10648.15,258.27438231,NO_PATTERN,NO_PATTERN
2020-10-04 21:00:00,10646.87,10667.03,10645.55,10647.1,162.66190186,INVERTEDHAMMER,Neutral
2020-10-04 22:00:00,10647.68,10683.61,10641.58,10662.48,143.70358233,MORNINGSTAR,Neutral
2020-10-04 23:00:00,10660.54,10677.97,10651.48,10671.11,144.58040737,NO_PATTERN,NO_PATTERN
2020-10-05 00:00:00,10670.01,10759.62,10660.42,10709.37,503.87666002,NO_PATTERN,NO_PATTERN
2020-10-05 01:00:00,10709.37,10711.15,10688.61,10695.54,184.36305513,NO_PATTERN,NO_PATTERN
2020-10-05 02:00:00,10694.88,10717.42,10691.61,10715.86,208.18137921,ENGULFING,Bullish
2020-10-05 03:00:00,10715.84,10719.78,10668.41,10672.15,222.1871889,NO_PATTERN,NO_PATTERN
2020-10-05 04:00:00,10672.15,10676.94,10640.56,10659.62,200.00926405,NO_PATTERN,NO_PATTERN
2020-10-05 05:00:00,10663.94,10682.8,10657.77,10680.46,90.73724176,NO_PATTERN,NO_PATTERN
2020-10-05 06:00:00,10680.45,10680.46,10621.12,10643.71,125.38717162,NO_PATTERN,NO_PATTERN
2020-10-05 07:00:00,10643.7,10699.82,10634.17,10693.44,250.20815558,ENGULFING,Bullish
2020-10-05 08:00:00,10693.63,10700.0,10672.96,10674.66,154.32011195,NO_PATTERN,NO_PATTERN
2020-10-05 09:00:00,10674.66,10691.51,10665.56,10682.98,111.41010464,NO_PATTERN,NO_PATTERN
2020-10-05 10:00:00,10682.98,10688.5,10660.89,10679.55,116.34609584,DOJI,Neutral
2020-10-05 11:00:00,10681.59,10695.49,10665.87,10667.54,103.77507113,NO_PATTERN,NO_PATTERN
2020-10-05 12:00:00,10665.87,10699.09,10660.1,10696.47,171.30786801,ENGULFING,Bullish
2020-10-05 13:00:00,10696.99,10735.0,10696.99,10731.05,410.70493177000003,NO_PATTERN,NO_PATTERN
2020-10-05 14:00:00,10732.45,10775.26,10715.0,10726.64,610.54721518,NO_PATTERN,NO_PATTERN
2020-10-05 15:00:00,10726.64,10736.75,10709.0,10727.47,412.71822429,DOJI,Neutral
2020-10-05 16:00:00,10727.47,10746.85,10703.36,10746.0,397.86291579,NO_PATTERN,NO_PATTERN
2020-10-05 17:00:00,10746.0,10746.47,10688.48,10695.49,327.5936548,NO_PATTERN,NO_PATTERN
2020-10-05 18:00:00,10695.49,10719.46,10680.62,10716.17,293.94442808,NO_PATTERN,NO_PATTERN
2020-10-05 19:00:00,10715.77,10740.0,10711.85,10736.72,241.09787902,NO_PATTERN,NO_PATTERN
2020-10-05 20:00:00,10733.37,10760.24,10730.0,10742.82,308.24287615000003,NO_PATTERN,NO_PATTERN
2020-10-05 21:00:00,10742.68,10753.06,10738.21,10742.05,67.52005289,GRAVESTONEDOJI,Neutral
2020-10-05 22:00:00,10745.0,10772.86,10742.38,10753.72,231.93094014,SHOOTINGSTAR,Neutral
2020-10-05 23:00:00,10752.65,10800.0,10740.69,10795.0,319.5500283,NO_PATTERN,NO_PATTERN
2020-10-06 00:00:00,10796.97,10800.0,10751.52,10758.46,269.98377448,NO_PATTERN,NO_PATTERN
2020-10-06 01:00:00,10758.45,10779.99,10746.72,10768.78,184.4884362,NO_PATTERN,NO_PATTERN
2020-10-06 02:00:00,10768.37,10799.53,10763.44,10763.45,186.42544382,NO_PATTERN,NO_PATTERN
2020-10-06 03:00:00,10763.45,10790.17,10757.1,10769.31,138.42222624000001,NO_PATTERN,NO_PATTERN
2020-10-06 04:00:00,10768.53,10785.07,10764.1,10769.19,122.21158293,DOJI,Neutral
2020-10-06 05:00:00,10769.2,10769.2,10739.97,10749.82,131.07605423,ENGULFING,Bearish
2020-10-06 06:00:00,10749.81,10757.29,10735.91,10743.55,95.5964585,NO_PATTERN,NO_PATTERN
2020-10-06 07:00:00,10743.54,10769.41,10707.0,10714.01,123.97361715,NO_PATTERN,NO_PATTERN
2020-10-06 08:00:00,10714.01,10741.63,10707.0,10741.63,127.8779453,NO_PATTERN,NO_PATTERN
2020-10-06 09:00:00,10741.48,10750.0,10732.54,10746.8,117.6216804,NO_PATTERN,NO_PATTERN
2020-10-06 10:00:00,10746.8,10750.0,10705.11,10705.11,132.2933221,NO_PATTERN,NO_PATTERN
2020-10-06 11:00:00,10703.83,10709.76,10650.0,10697.9,273.24435423,NO_PATTERN,NO_PATTERN
2020-10-06 12:00:00,10697.34,10722.58,10686.02,10697.25,191.36692689,DOJI,Neutral
2020-10-06 13:00:00,10697.97,10715.0,10669.42,10675.3,331.34426397,NO_PATTERN,NO_PATTERN
2020-10-06 14:00:00,10675.01,10700.97,10652.82,10670.9,313.17609458,NO_PATTERN,NO_PATTERN
2020-10-06 15:00:00,10670.9,10758.0,10618.13,10732.84,638.59876505,MORNINGSTAR,Neutral
2020-10-06 16:00:00,10733.64,10746.55,10713.17,10724.69,334.82576516,NO_PATTERN,NO_PATTERN
2020-10-06 17:00:00,10724.69,10735.31,10703.39,10708.93,276.98041388,NO_PATTERN,NO_PATTERN
2020-10-06 18:00:00,10708.94,10737.98,10571.83,10599.2,733.00503081,NO_PATTERN,NO_PATTERN
2020-10-06 19:00:00,10599.19,10605.5,10528.42,10568.01,1277.75256644,NO_PATTERN,NO_PATTERN
2020-10-06 20:00:00,10568.01,10573.98,10524.0,10545.2,465.75479476,NO_PATTERN,NO_PATTERN
2020-10-06 21:00:00,10545.2,10580.44,10526.22,10568.84,433.37412713,NO_PATTERN,NO_PATTERN
2020-10-06 22:00:00,10567.39,10597.71,10561.16,10586.99,303.67028582,NO_PATTERN,NO_PATTERN
2020-10-06 23:00:00,10587.0,10616.67,10575.01,10602.66,364.34925621,NO_PATTERN,NO_PATTERN
2020-10-07 00:00:00,10601.2,10602.32,10577.05,10593.96,393.94573666,NO_PATTERN,NO_PATTERN
2020-10-07 01:00:00,10592.65,10596.48,10546.78,10583.49,400.63228501000003,HAMMER,Neutral
2020-10-07 02:00:00,10584.64,10605.94,10582.36,10595.01,223.31888572,NO_PATTERN,NO_PATTERN
2020-10-07 03:00:00,10595.01,10601.17,10575.53,10578.96,277.87678115,NO_PATTERN,NO_PATTERN
2020-10-07 04:00:00,10575.77,10599.05,10572.43,10592.26,189.6972234,NO_PATTERN,NO_PATTERN
2020-10-07 05:00:00,10591.85,10617.24,10579.0,10611.0,224.35182009,NO_PATTERN,NO_PATTERN
2020-10-07 06:00:00,10610.99,10628.98,10605.81,10624.01,214.72172726000002,NO_PATTERN,NO_PATTERN
2020-10-07 07:00:00,10624.01,10632.1,10600.96,10619.0,158.27320787,NO_PATTERN,NO_PATTERN
2020-10-07 08:00:00,10619.69,10626.78,10597.94,10613.04,152.37443979,NO_PATTERN,NO_PATTERN
2020-10-07 09:00:00,10612.88,10622.27,10586.39,10587.88,156.33752704,NO_PATTERN,NO_PATTERN
2020-10-07 10:00:00,10587.64,10604.71,10577.98,10601.05,115.95781582,NO_PATTERN,NO_PATTERN
2020-10-07 11:00:00,10601.47,10612.93,10585.27,10605.2,121.70983971,NO_PATTERN,NO_PATTERN
2020-10-07 12:00:00,10605.19,10636.08,10605.19,10628.61,200.61526929000001,NO_PATTERN,NO_PATTERN
2020-10-07 13:00:00,10629.73,10642.0,10614.55,10614.73,199.99279777,NO_PATTERN,NO_PATTERN
2020-10-07 14:00:00,10614.86,10631.16,10597.21,10629.99,387.70865355,NO_PATTERN,NO_PATTERN
2020-10-07 15:00:00,10630.0,10650.13,10615.29,10630.0,362.63702671,DOJI,Neutral
2020-10-07 16:00:00,10630.62,10636.46,10601.07,10629.27,332.53410814,ENGULFING,Bear
2020-10-07 17:00:00,10629.49,10647.88,10615.42,10637.87,292.89360262,NO_PATTERN,NO_PATTERN
2020-10-07 18:00:00,10639.21,10666.21,10630.9,10661.87,264.37849475,NO_PATTERN,NO_PATTERN
2020-10-07 19:00:00,10662.48,10683.75,10649.01,10652.89,401.86070803,NO_PATTERN,NO_PATTERN
2020-10-07 20:00:00,10653.13,10665.31,10642.79,10663.26,407.57446326,HAMMER,Neutral
2020-10-07 21:00:00,10662.01,10669.6,10660.0,10662.1,216.74498252,GRAVESTONEDOJI,Neutral
2020-10-07 22:00:00,10661.82,10663.81,10645.06,10661.35,166.62663197999998,HAMMER,Neutral
2020-10-07 23:00:00,10661.35,10677.6,10651.55,10670.47,218.71772729,NO_PATTERN,NO_PATTERN
2020-10-08 00:00:00,10670.47,10674.88,10642.27,10643.85,193.89603652,NO_PATTERN,NO_PATTERN
2020-10-08 01:00:00,10643.94,10650.0,10620.86,10647.0,176.89542624999999,HARAMI,Bullish
2020-10-08 02:00:00,10644.83,10645.77,10626.59,10642.38,159.19779921,DRAGONFLYDOJI,Neutral
2020-10-08 03:00:00,10642.38,10657.22,10641.0,10645.61,144.91081335,NO_PATTERN,NO_PATTERN
2020-10-08 04:00:00,10645.61,10646.04,10632.36,10634.01,124.37670898,NO_PATTERN,NO_PATTERN
2020-10-08 05:00:00,10634.01,10640.0,10605.24,10616.74,239.17251839,NO_PATTERN,NO_PATTERN
2020-10-08 06:00:00,10616.99,10631.63,10608.17,10627.13,105.97192357,NO_PATTERN,NO_PATTERN
2020-10-08 07:00:00,10627.12,10627.12,10566.9,10588.51,327.63554449000003,NO_PATTERN,NO_PATTERN
2020-10-08 08:00:00,10590.41,10603.75,10554.5,10563.12,163.56907998,NO_PATTERN,NO_PATTERN
2020-10-08 09:00:00,10563.12,10576.36,10532.11,10563.18,298.7203228,DOJI,Neutral
2020-10-08 10:00:00,10563.18,10630.5,10557.25,10612.07,161.25419081,NO_PATTERN,NO_PATTERN
2020-10-08 11:00:00,10609.03,10613.25,10597.82,10605.41,91.01994247,HARAMI,Bear
2020-10-08 12:00:00,10605.41,10657.29,10595.9,10637.31,333.56095331,NO_PATTERN,NO_PATTERN
2020-10-08 13:00:00,10637.32,10750.0,10619.01,10734.57,1080.11414378,NO_PATTERN,NO_PATTERN
2020-10-08 14:00:00,10734.57,10949.99,10713.26,10914.99,1982.2457317800001,NO_PATTERN,NO_PATTERN
2020-10-08 15:00:00,10915.0,10943.38,10861.0,10901.1,1409.23832449,NO_PATTERN,NO_PATTERN
2020-10-08 16:00:00,10901.11,10940.05,10881.3,10932.94,815.72810793,NO_PATTERN,NO_PATTERN
2020-10-08 17:00:00,10933.08,10963.16,10873.28,10884.18,1136.22854045,ENGULFING,Bearish
2020-10-08 18:00:00,10884.18,10900.0,10850.0,10875.03,448.52247479,NO_PATTERN,NO_PATTERN
2020-10-08 19:00:00,10875.02,10901.72,10861.69,10885.49,420.43293164,ENGULFING,Bullish
2020-10-08 20:00:00,10885.49,10905.0,10868.94,10894.54,373.68466673,NO_PATTERN,NO_PATTERN
2020-10-08 21:00:00,10894.53,10905.0,10874.57,10881.75,245.02377374,NO_PATTERN,NO_PATTERN
2020-10-08 22:00:00,10882.13,10914.99,10880.0,10901.37,414.14027680000004,NO_PATTERN,NO_PATTERN
2020-10-08 23:00:00,10901.35,10943.58,10885.55,10933.09,436.43459148,NO_PATTERN,NO_PATTERN
2020-10-09 00:00:00,10932.44,10947.03,10865.34,10883.2,351.08635285,NO_PATTERN,NO_PATTERN
2020-10-09 01:00:00,10883.17,10905.79,10876.13,10901.53,253.08972769,NO_PATTERN,NO_PATTERN
2020-10-09 02:00:00,10901.52,10926.73,10897.68,10905.86,332.15966945,GRAVESTONEDOJI,Neutral
2020-10-09 03:00:00,10905.86,10910.0,10884.59,10891.75,285.81168933,NO_PATTERN,NO_PATTERN
2020-10-09 04:00:00,10891.44,10898.25,10870.01,10878.03,113.91361137,NO_PATTERN,NO_PATTERN
2020-10-09 05:00:00,10877.61,10891.08,10865.0,10868.01,94.67542629,INVERTEDHAMMER,Neutral
2020-10-09 06:00:00,10868.0,10869.0,10834.49,10853.17,388.47909205,HAMMER,Neutral
2020-10-09 07:00:00,10854.0,10909.8,10851.12,10893.92,160.77605886,NO_PATTERN,NO_PATTERN
2020-10-09 08:00:00,10893.92,10900.0,10882.44,10896.21,159.73407782,DRAGONFLYDOJI,Neutral
2020-10-09 09:00:00,10896.13,10896.13,10868.0,10876.98,122.65585338,NO_PATTERN,NO_PATTERN
2020-10-09 10:00:00,10876.98,11010.0,10874.0,10992.63,919.27455417,NO_PATTERN,NO_PATTERN
2020-10-09 11:00:00,10992.31,11107.3,10992.31,11045.16,963.60930609,NO_PATTERN,NO_PATTERN
2020-10-09 12:00:00,11050.72,11111.11,11043.51,11070.15,580.2206969,NO_PATTERN,NO_PATTERN
2020-10-09 13:00:00,11070.44,11090.0,11053.79,11080.01,765.43281114,NO_PATTERN,NO_PATTERN
2020-10-09 14:00:00,11080.0,11086.6,11046.02,11071.0,744.48916034,NO_PATTERN,NO_PATTERN
2020-10-09 15:00:00,11071.0,11100.0,11052.22,11096.3,694.3547208,NO_PATTERN,NO_PATTERN
2020-10-09 16:00:00,11095.77,11111.11,11047.39,11054.12,722.7551541,NO_PATTERN,NO_PATTERN
2020-10-09 17:00:00,11054.15,11070.1,11051.13,11069.28,490.16196571,HARAMI,Bullish
2020-10-09 18:00:00,11068.9,11070.95,11023.54,11052.98,491.99206146,HAMMER,Neutral
2020-10-09 19:00:00,11051.95,11055.93,11023.83,11043.14,364.51131854,NO_PATTERN,NO_PATTERN
2020-10-09 20:00:00,11043.13,11059.31,11036.05,11040.01,294.62744714,INVERTEDHAMMER,Neutral
2020-10-09 21:00:00,11040.01,11058.52,11024.53,11058.32,265.87675473,NO_PATTERN,NO_PATTERN
2020-10-09 22:00:00,11058.32,11083.86,11047.18,11081.54,260.55793821,NO_PATTERN,NO_PATTERN
2020-10-09 23:00:00,11082.17,11099.32,11056.18,11057.07,255.91683721,ENGULFING,Bearish
2020-10-10 00:00:00,11057.07,11099.32,11055.75,11084.66,242.9233304,NO_PATTERN,NO_PATTERN
2020-10-10 01:00:00,11084.66,11099.35,11063.98,11097.74,182.29680209,NO_PATTERN,NO_PATTERN
2020-10-10 02:00:00,11097.74,11458.44,11091.46,11389.43,2135.30424423,NO_PATTERN,NO_PATTERN
2020-10-10 03:00:00,11389.5,11498.98,11385.5,11412.53,937.6944207,SHOOTINGSTAR,Neutral
2020-10-10 04:00:00,11411.89,11429.3,11380.24,11408.46,308.8424483,DOJI,Neutral
2020-10-10 05:00:00,11408.46,11410.0,11368.09,11377.94,318.36910567,NO_PATTERN,NO_PATTERN
2020-10-10 06:00:00,11377.96,11394.68,11355.49,11359.85,276.9374546,NO_PATTERN,NO_PATTERN
2020-10-10 07:00:00,11359.48,11388.88,11358.41,11387.11,198.09279371,ENGULFING,Bullish
2020-10-10 08:00:00,11387.12,11399.92,11368.2,11380.1,91.08145836,DOJI,Neutral
2020-10-10 09:00:00,11380.49,11389.3,11281.26,11321.78,290.51905755,NO_PATTERN,NO_PATTERN
2020-10-10 10:00:00,11321.18,11325.0,11235.16,11319.52,252.75185722,DRAGONFLYDOJI,Neutral
2020-10-10 11:00:00,11319.52,11362.94,11303.22,11322.6,322.0809332,DOJI,Neutral
2020-10-10 12:00:00,11322.6,11348.34,11290.63,11345.54,298.20736507,NO_PATTERN,NO_PATTERN
2020-10-10 13:00:00,11346.41,11381.74,11316.59,11355.67,357.44628022,NO_PATTERN,NO_PATTERN
2020-10-10 14:00:00,11355.7,11368.05,11322.7,11362.44,519.70042141,NO_PATTERN,NO_PATTERN
2020-10-10 15:00:00,11363.26,11423.14,11318.11,11357.19,476.07574052999996,NO_PATTERN,NO_PATTERN
2020-10-10 16:00:00,11357.96,11377.44,11320.0,11339.21,298.27630388,NO_PATTERN,NO_PATTERN
2020-10-10 17:00:00,11339.21,11376.52,11335.06,11360.41,294.73533113,NO_PATTERN,NO_PATTERN
2020-10-10 18:00:00,11360.41,11378.41,11348.04,11371.0,235.08768919,NO_PATTERN,NO_PATTERN
2020-10-10 19:00:00,11371.0,11378.39,11352.65,11361.28,239.73269741000001,NO_PATTERN,NO_PATTERN
2020-10-10 20:00:00,11360.74,11374.36,11347.65,11369.05,163.38482151,HAMMER,Neutral
2020-10-10 21:00:00,11369.05,11382.31,11329.28,11377.0,264.17494319,NO_PATTERN,NO_PATTERN
2020-10-10 22:00:00,11376.82,11376.82,11337.94,11355.0,180.87905883000002,NO_PATTERN,NO_PATTERN
2020-10-10 23:00:00,11355.0,11355.01,11267.78,11299.5,406.25875218,NO_PATTERN,NO_PATTERN
2020-10-11 00:00:00,11299.52,11327.01,11280.01,11310.14,261.6097387,HARAMI,Bullish
2020-10-11 01:00:00,11310.13,11399.19,11308.26,11374.41,290.19880973,NO_PATTERN,NO_PATTERN
2020-10-11 02:00:00,11373.23,11377.64,11347.43,11357.83,127.142486,HARAMI,Bearish
2020-10-11 03:00:00,11357.83,11357.83,11312.52,11335.79,180.16103748,HAMMER,Neutral
2020-10-11 04:00:00,11335.65,11344.86,11305.43,11322.66,166.52779031,NO_PATTERN,NO_PATTERN
2020-10-11 05:00:00,11322.66,11349.0,11303.56,11342.71,153.66674763,NO_PATTERN,NO_PATTERN
2020-10-11 06:00:00,11342.71,11373.74,11336.84,11362.1,130.2800611,NO_PATTERN,NO_PATTERN
2020-10-11 07:00:00,11362.25,11373.07,11343.66,11354.98,112.48971512,NO_PATTERN,NO_PATTERN
2020-10-11 08:00:00,11354.99,11368.03,11337.5,11347.3,115.32730113,NO_PATTERN,NO_PATTERN
2020-10-11 09:00:00,11347.3,11358.11,11328.21,11355.61,105.67847326,NO_PATTERN,NO_PATTERN
2020-10-11 10:00:00,11355.62,11404.03,11342.7,11391.08,148.81941655,NO_PATTERN,NO_PATTERN
2020-10-11 11:00:00,11396.16,11409.33,11352.3,11373.89,113.95681721,NO_PATTERN,NO_PATTERN
2020-10-11 12:00:00,11373.88,11383.81,11350.0,11359.36,99.12476437000001,NO_PATTERN,NO_PATTERN
2020-10-11 13:00:00,11359.36,11381.47,11339.0,11372.73,154.26565407,NO_PATTERN,NO_PATTERN
2020-10-11 14:00:00,11373.49,11444.25,11351.38,11379.86,321.12624109,NO_PATTERN,NO_PATTERN
2020-10-11 15:00:00,11381.06,11443.73,11379.76,11407.23,317.48166615,NO_PATTERN,NO_PATTERN
2020-10-11 16:00:00,11407.23,11427.1,11374.47,11394.99,250.02813099,NO_PATTERN,NO_PATTERN
2020-10-11 17:00:00,11394.99,11431.81,11394.99,11425.0,228.70099507,NO_PATTERN,NO_PATTERN
2020-10-11 18:00:00,11425.0,11430.02,11386.34,11411.94,207.18557131,NO_PATTERN,NO_PATTERN
2020-10-11 19:00:00,11411.94,11419.11,11320.0,11337.26,355.00034346,NO_PATTERN,NO_PATTERN
2020-10-11 20:00:00,11337.26,11361.76,11331.78,11331.78,316.41740422,GRAVESTONEDOJI,Neutral
2020-10-11 21:00:00,11330.78,11345.81,11276.28,11326.89,342.93509682,DOJI,Neutral
2020-10-11 22:00:00,11325.74,11362.82,11298.97,11359.25,331.65299261,ENGULFING,Bullish
2020-10-11 23:00:00,11359.4,11399.74,11348.92,11374.01,304.99742945,NO_PATTERN,NO_PATTERN
2020-10-12 00:00:00,11374.01,11385.71,11352.0,11385.07,328.19136935,NO_PATTERN,NO_PATTERN
2020-10-12 01:00:00,11385.07,11410.01,11358.04,11398.58,313.5761026,NO_PATTERN,NO_PATTERN
2020-10-12 02:00:00,11398.58,11409.99,11375.36,11402.91,180.75333547,DOJI,Neutral
2020-10-12 03:00:00,11402.9,11409.99,11386.81,11389.04,189.57862764,NO_PATTERN,NO_PATTERN
2020-10-12 04:00:00,11389.04,11397.76,11368.88,11386.26,114.41948675,DOJI,Neutral
2020-10-12 05:00:00,11386.26,11411.63,11377.8,11401.67,190.90791263,NO_PATTERN,NO_PATTERN
2020-10-12 06:00:00,11401.68,11404.98,11340.0,11340.02,203.62336684,ENGULFING,Bearish
2020-10-12 07:00:00,11340.01,11393.72,11330.29,11377.04,202.48633824,NO_PATTERN,NO_PATTERN
2020-10-12 08:00:00,11377.04,11393.6,11359.72,11359.72,86.9082126,NO_PATTERN,NO_PATTERN
2020-10-12 09:00:00,11356.94,11376.6,11310.12,11357.21,186.19433785,DOJI,Neutral
2020-10-12 10:00:00,11356.28,11365.27,11187.6,11264.93,747.00500414,NO_PATTERN,NO_PATTERN
2020-10-12 11:00:00,11268.35,11276.06,11241.91,11247.6,173.74217671,NO_PATTERN,NO_PATTERN
2020-10-12 12:00:00,11247.61,11296.46,11240.51,11294.92,192.89627704,NO_PATTERN,NO_PATTERN
2020-10-12 13:00:00,11294.93,11534.48,11280.06,11494.76,1259.45459033,NO_PATTERN,NO_PATTERN
2020-10-12 14:00:00,11496.15,11514.59,11450.0,11472.75,607.0522018,NO_PATTERN,NO_PATTERN
2020-10-12 15:00:00,11472.74,11600.0,11472.74,11554.74,1151.95539835,ENGULFING,Bullish
2020-10-12 16:00:00,11556.46,11587.33,11534.0,11557.42,791.22447129,DOJI,Neutral
2020-10-12 17:00:00,11557.43,11574.61,11534.5,11560.14,685.76258419,DOJI,Neutral
2020-10-12 18:00:00,11560.13,11574.98,11545.91,11555.47,567.03056732,DOJI,Neutral
2020-10-12 19:00:00,11555.47,11582.64,11542.86,11549.0,391.93132274,GRAVESTONEDOJI,Neutral
2020-10-12 20:00:00,11549.0,11584.77,11538.66,11567.12,259.22204569,NO_PATTERN,NO_PATTERN
2020-10-12 21:00:00,11566.32,11736.02,11562.98,11690.0,771.06811584,NO_PATTERN,NO_PATTERN
2020-10-12 22:00:00,11690.01,11709.09,11639.24,11664.05,425.91042741,NO_PATTERN,NO_PATTERN
2020-10-12 23:00:00,11663.16,11664.71,11486.0,11535.46,1008.88086292,NO_PATTERN,NO_PATTERN
2020-10-13 00:00:00,11535.46,11550.25,11430.0,11494.99,456.3247739,NO_PATTERN,NO_PATTERN
2020-10-13 01:00:00,11494.99,11517.17,11455.51,11510.0,288.53820244,NO_PATTERN,NO_PATTERN
2020-10-13 02:00:00,11509.99,11510.0,11461.72,11491.17,393.43575528,NO_PATTERN,NO_PATTERN
2020-10-13 03:00:00,11490.0,11490.0,11421.04,11462.29,407.88099944,HAMMER,Neutral
2020-10-13 04:00:00,11463.19,11490.45,11453.65,11483.54,153.02310748,NO_PATTERN,NO_PATTERN
2020-10-13 05:00:00,11483.53,11524.3,11482.98,11511.86,150.56346415,NO_PATTERN,NO_PATTERN
2020-10-13 06:00:00,11513.81,11513.84,11463.34,11484.79,123.70152636,NO_PATTERN,NO_PATTERN
2020-10-13 07:00:00,11483.59,11483.59,11431.59,11454.74,352.45761845,NO_PATTERN,NO_PATTERN
2020-10-13 08:00:00,11454.75,11497.1,11448.43,11494.86,255.58853111,NO_PATTERN,NO_PATTERN
2020-10-13 09:00:00,11494.87,11499.46,11466.77,11471.23,198.01600687,NO_PATTERN,NO_PATTERN
2020-10-13 10:00:00,11471.22,11561.45,11388.0,11521.67,506.94405414,ENGULFING,Bullish
2020-10-13 11:00:00,11521.64,11532.4,11471.36,11493.91,495.93042167,HARAMI,Bearish
2020-10-13 12:00:00,11493.43,11511.64,11433.0,11447.33,340.00236892,NO_PATTERN,NO_PATTERN
2020-10-13 13:00:00,11447.84,11450.27,11325.0,11354.51,828.0971008399999,NO_PATTERN,NO_PATTERN
2020-10-13 14:00:00,11354.51,11394.25,11312.59,11389.74,718.965251,NO_PATTERN,NO_PATTERN
2020-10-13 15:00:00,11389.74,11423.37,11372.0,11390.01,383.66999417,DOJI,Neutral
2020-10-13 16:00:00,11390.01,11401.09,11345.0,11400.0,413.48198951,HAMMER,Neutral
2020-10-13 17:00:00,11400.0,11409.6,11359.0,11361.41,332.07225313,NO_PATTERN,NO_PATTERN
2020-10-13 18:00:00,11361.19,11405.48,11351.42,11385.4,316.74148432,NO_PATTERN,NO_PATTERN
2020-10-13 19:00:00,11384.03,11433.11,11376.45,11391.85,344.840462,NO_PATTERN,NO_PATTERN
2020-10-13 20:00:00,11391.59,11436.5,11390.0,11436.49,292.53578046,NO_PATTERN,NO_PATTERN
2020-10-13 21:00:00,11436.5,11470.63,11427.86,11456.42,353.41554834,NO_PATTERN,NO_PATTERN
2020-10-13 22:00:00,11456.41,11464.84,11428.86,11445.75,300.44745066,NO_PATTERN,NO_PATTERN
2020-10-13 23:00:00,11445.75,11458.07,11415.52,11428.22,219.16706639,NO_PATTERN,NO_PATTERN
2020-10-14 00:00:00,11428.22,11492.19,11412.24,11484.17,207.64338607,NO_PATTERN,NO_PATTERN
2020-10-14 01:00:00,11486.41,11490.01,11440.0,11454.13,242.70795324,NO_PATTERN,NO_PATTERN
2020-10-14 02:00:00,11454.14,11454.77,11423.91,11429.37,223.18142693,NO_PATTERN,NO_PATTERN
2020-10-14 03:00:00,11429.38,11456.15,11397.59,11397.64,160.14045356,NO_PATTERN,NO_PATTERN
2020-10-14 04:00:00,11397.18,11423.71,11370.08,11396.64,154.3750002,DOJI,Neutral
2020-10-14 05:00:00,11396.63,11419.01,11383.59,11414.37,157.17472386,ENGULFING,Bullish
2020-10-14 06:00:00,11417.4,11431.4,11394.16,11430.65,126.78312659,NO_PATTERN,NO_PATTERN
2020-10-14 07:00:00,11430.64,11437.0,11389.25,11417.46,188.44088704,NO_PATTERN,NO_PATTERN
2020-10-14 08:00:00,11417.47,11453.91,11417.47,11444.11,198.12359184,NO_PATTERN,NO_PATTERN
2020-10-14 09:00:00,11444.0,11454.05,11403.21,11421.33,158.66144138,HARAMI,Bearish
2020-10-14 10:00:00,11421.38,11427.46,11362.21,11383.77,132.17681774,NO_PATTERN,NO_PATTERN
2020-10-14 11:00:00,11383.77,11418.49,11369.08,11371.84,148.97195713,NO_PATTERN,NO_PATTERN
2020-10-14 12:00:00,11368.2,11413.0,11356.17,11411.31,202.80170721,ENGULFING,Bullish
2020-10-14 13:00:00,11411.32,11556.37,11410.57,11538.03,465.9472119,NO_PATTERN,NO_PATTERN
2020-10-14 14:00:00,11542.57,11544.08,11368.01,11392.89,794.65111587,ENGULFING,Bearish
2020-10-14 15:00:00,11392.9,11419.67,11300.0,11324.5,676.21334065,NO_PATTERN,NO_PATTERN
2020-10-14 16:00:00,11323.29,11364.27,11306.98,11347.79,361.45712634,NO_PATTERN,NO_PATTERN
2020-10-14 17:00:00,11348.0,11357.0,11324.22,11346.0,319.10661413,DOJI,Neutral
2020-10-14 18:00:00,11345.42,11361.31,11290.83,11342.1,283.95183868,DOJI,Neutral
2020-10-14 19:00:00,11341.91,11380.58,11340.02,11346.09,289.92571314,GRAVESTONEDOJI,Neutral
2020-10-14 20:00:00,11348.33,11410.85,11345.39,11394.42,799.25680229,NO_PATTERN,NO_PATTERN
2020-10-14 21:00:00,11394.41,11414.98,11378.39,11380.05,330.2663073,NO_PATTERN,NO_PATTERN
2020-10-14 22:00:00,11379.88,11421.39,11379.73,11404.44,208.04149342,ENGULFING,Bullish
2020-10-14 23:00:00,11403.78,11438.83,11387.78,11427.7,232.51481225,NO_PATTERN,NO_PATTERN
2020-10-15 00:00:00,11427.7,11428.58,11400.0,11400.06,154.23867356,NO_PATTERN,NO_PATTERN
2020-10-15 01:00:00,11400.06,11421.38,11377.9,11397.0,267.41868359,DOJI,Neutral
2020-10-15 02:00:00,11397.0,11407.04,11367.65,11367.69,235.49073804,NO_PATTERN,NO_PATTERN
2020-10-15 03:00:00,11367.7,11387.52,11367.65,11383.46,247.94319794,HARAMI,Bullish
2020-10-15 04:00:00,11384.36,11412.57,11373.0,11399.32,154.11982623,NO_PATTERN,NO_PATTERN
2020-10-15 05:00:00,11399.31,11413.21,11380.0,11410.16,228.50523594,NO_PATTERN,NO_PATTERN
2020-10-15 06:00:00,11410.06,11428.49,11390.42,11402.74,176.88801053,NO_PATTERN,NO_PATTERN
2020-10-15 07:00:00,11402.74,11410.32,11387.63,11406.57,191.50762308,NO_PATTERN,NO_PATTERN
2020-10-15 08:00:00,11406.52,11413.5,11339.29,11349.29,295.42907007,NO_PATTERN,NO_PATTERN
2020-10-15 09:00:00,11349.3,11350.91,11263.15,11312.04,586.74380133,NO_PATTERN,NO_PATTERN
2020-10-15 10:00:00,11312.04,11344.88,11307.0,11335.75,172.99997723,NO_PATTERN,NO_PATTERN
2020-10-15 11:00:00,11335.34,11341.21,11310.0,11318.3,212.69518544,HARAMI,Bearish
2020-10-15 12:00:00,11317.21,11402.84,11275.33,11381.96,443.52164369999997,ENGULFING,Bullish
2020-10-15 13:00:00,11382.21,11419.0,11362.42,11411.81,196.78711875,NO_PATTERN,NO_PATTERN
2020-10-15 14:00:00,11411.25,11412.78,11368.64,11394.25,267.36443006,HARAMI,Bearish
2020-10-15 15:00:00,11394.5,11422.83,11375.73,11403.12,473.82782691,NO_PATTERN,NO_PATTERN
2020-10-15 16:00:00,11403.12,11478.5,11371.73,11386.59,611.45701677,NO_PATTERN,NO_PATTERN
2020-10-15 17:00:00,11386.59,11490.0,11386.58,11469.58,583.13160031,NO_PATTERN,NO_PATTERN
2020-10-15 18:00:00,11472.32,11494.87,11456.81,11477.23,305.90190505,DOJI,Neutral
2020-10-15 19:00:00,11477.04,11541.11,11476.47,11533.73,624.12427946,NO_PATTERN,NO_PATTERN
2020-10-15 20:00:00,11533.73,11641.38,11527.35,11547.67,1066.95568981,NO_PATTERN,NO_PATTERN
2020-10-15 21:00:00,11547.66,11548.26,11458.0,11503.13,537.54532593,NO_PATTERN,NO_PATTERN
2020-10-15 22:00:00,11503.13,11522.52,11481.11,11486.64,213.70459899,NO_PATTERN,NO_PATTERN
2020-10-15 23:00:00,11486.64,11511.77,11474.52,11509.34,242.66869968,NO_PATTERN,NO_PATTERN
2020-10-16 00:00:00,11509.31,11516.66,11477.63,11512.68,261.50458783,DRAGONFLYDOJI,Neutral
2020-10-16 01:00:00,11512.67,11550.01,11512.24,11537.66,175.66698421,NO_PATTERN,NO_PATTERN
2020-10-16 02:00:00,11537.66,11543.47,11515.88,11528.01,216.82237669,NO_PATTERN,NO_PATTERN
2020-10-16 03:00:00,11528.01,11542.61,11493.07,11517.89,191.77895631,NO_PATTERN,NO_PATTERN
2020-10-16 04:00:00,11516.91,11517.41,11201.0,11280.17,2064.32115785,NO_PATTERN,NO_PATTERN
2020-10-16 05:00:00,11281.45,11366.0,11271.22,11351.26,532.71594759,NO_PATTERN,NO_PATTERN
2020-10-16 06:00:00,11350.25,11362.49,11314.52,11336.69,228.5256376,HARAMI,Bearish
2020-10-16 07:00:00,11336.86,11345.17,11317.48,11317.5,257.96362325999996,NO_PATTERN,NO_PATTERN
2020-10-16 08:00:00,11317.49,11346.9,11307.45,11309.42,195.03009081,INVERTEDHAMMER,Neutral
2020-10-16 09:00:00,11309.42,11309.42,11215.51,11252.22,615.28251212,NO_PATTERN,NO_PATTERN
2020-10-16 10:00:00,11252.06,11335.49,11252.06,11309.43,217.87498999,ENGULFING,Bullish
2020-10-16 11:00:00,11309.43,11400.04,11305.8,11376.44,366.90052686,NO_PATTERN,NO_PATTERN
2020-10-16 12:00:00,11375.36,11402.15,11348.53,11374.01,272.09331543,HARAMI,Bear
2020-10-16 13:00:00,11374.01,11392.77,11336.22,11357.98,380.24269452,NO_PATTERN,NO_PATTERN
2020-10-16 14:00:00,11359.54,11393.86,11317.91,11336.51,377.81429777,NO_PATTERN,NO_PATTERN
2020-10-16 15:00:00,11335.64,11344.32,11288.0,11336.67,560.63846613,DOJI,Neutral
2020-10-16 16:00:00,11336.67,11356.61,11314.91,11351.0,391.48875963,NO_PATTERN,NO_PATTERN
2020-10-16 17:00:00,11351.0,11359.0,11324.22,11343.56,356.68033404,NO_PATTERN,NO_PATTERN
2020-10-16 18:00:00,11343.55,11375.0,11341.35,11374.93,310.51250090999997,ENGULFING,Bullish
2020-10-16 19:00:00,11374.93,11375.32,11318.58,11318.58,370.18484997999997,NO_PATTERN,NO_PATTERN
2020-10-16 20:00:00,11318.22,11323.01,11284.4,11322.53,352.2087396,HAMMER,Neutral
2020-10-16 21:00:00,11322.53,11346.77,11308.53,11346.75,329.42112822,NO_PATTERN,NO_PATTERN
2020-10-16 22:00:00,11346.75,11364.34,11331.62,11358.17,254.32490245,NO_PATTERN,NO_PATTERN
2020-10-16 23:00:00,11357.82,11361.4,11313.59,11328.95,203.9419888,NO_PATTERN,NO_PATTERN
2020-10-17 00:00:00,11328.27,11333.05,11278.03,11306.77,250.27891224,NO_PATTERN,NO_PATTERN
2020-10-17 01:00:00,11306.77,11356.26,11298.02,11339.12,246.77007558,NO_PATTERN,NO_PATTERN
2020-10-17 02:00:00,11339.06,11355.83,11331.99,11352.89,127.38588582,NO_PATTERN,NO_PATTERN
2020-10-17 03:00:00,11352.89,11371.99,11331.47,11371.94,128.90131532,NO_PATTERN,NO_PATTERN
2020-10-17 04:00:00,11371.89,11372.71,11346.17,11355.7,102.77925633,NO_PATTERN,NO_PATTERN
2020-10-17 05:00:00,11355.7,11369.73,11342.4,11360.42,72.44967755,NO_PATTERN,NO_PATTERN
2020-10-17 06:00:00,11360.42,11385.0,11344.96,11355.97,66.69223797,NO_PATTERN,NO_PATTERN
2020-10-17 07:00:00,11355.97,11371.21,11346.3,11353.07,74.23202904,DOJI,Neutral
2020-10-17 08:00:00,11353.08,11365.42,11324.66,11325.1,95.79587981,NO_PATTERN,NO_PATTERN
2020-10-17 09:00:00,11324.88,11346.13,11315.67,11343.43,50.92955811,NO_PATTERN,NO_PATTERN
2020-10-17 10:00:00,11342.81,11358.12,11337.48,11355.35,70.53948742,NO_PATTERN,NO_PATTERN
2020-10-17 11:00:00,11355.34,11364.73,11341.26,11348.95,78.06361725,NO_PATTERN,NO_PATTERN
2020-10-17 12:00:00,11348.85,11357.39,11326.64,11354.18,108.1295443,NO_PATTERN,NO_PATTERN
2020-10-17 13:00:00,11354.71,11360.0,11316.83,11328.74,154.72335738,ENGULFING,Bearish
2020-10-17 14:00:00,11329.46,11369.99,11264.75,11362.93,322.54992679,NO_PATTERN,NO_PATTERN
2020-10-17 15:00:00,11362.93,11421.0,11330.01,11344.42,274.09960061,NO_PATTERN,NO_PATTERN
2020-10-17 16:00:00,11343.85,11350.0,11308.52,11330.96,208.11737889,NO_PATTERN,NO_PATTERN
2020-10-17 17:00:00,11330.95,11348.74,11319.6,11347.71,189.40198717,ENGULFING,Bullish
2020-10-17 18:00:00,11346.66,11354.24,11337.65,11353.47,174.8261301,NO_PATTERN,NO_PATTERN
2020-10-17 19:00:00,11353.46,11366.34,11335.99,11346.19,157.14817404000001,NO_PATTERN,NO_PATTERN
2020-10-17 20:00:00,11345.69,11366.31,11326.03,11353.67,167.96328462,ENGULFING,Bullish
2020-10-17 21:00:00,11354.97,11370.96,11336.31,11347.77,197.03064687,NO_PATTERN,NO_PATTERN
2020-10-17 22:00:00,11346.58,11357.77,11337.93,11347.19,110.28006917,DOJI,Neutral
2020-10-17 23:00:00,11347.64,11376.0,11345.51,11367.89,149.15882609,NO_PATTERN,NO_PATTERN
2020-10-18 00:00:00,11367.9,11389.91,11350.37,11377.01,190.05843989,NO_PATTERN,NO_PATTERN
2020-10-18 01:00:00,11377.01,11409.39,11377.0,11402.08,268.12735016,NO_PATTERN,NO_PATTERN
2020-10-18 02:00:00,11402.98,11407.63,11375.03,11386.82,205.12692834,NO_PATTERN,NO_PATTERN
2020-10-18 03:00:00,11387.11,11393.59,11372.35,11379.3,115.89403261,NO_PATTERN,NO_PATTERN
2020-10-18 04:00:00,11379.3,11393.08,11375.34,11379.59,99.04389169,DOJI,Neutral
2020-10-18 05:00:00,11379.9,11405.72,11379.57,11400.87,78.78730674,NO_PATTERN,NO_PATTERN
2020-10-18 06:00:00,11400.45,11474.36,11388.25,11456.06,257.8245508,NO_PATTERN,NO_PATTERN
2020-10-18 07:00:00,11456.08,11462.07,11436.17,11459.99,153.37235282,NO_PATTERN,NO_PATTERN
2020-10-18 08:00:00,11460.0,11475.8,11421.42,11440.43,85.62819817,ENGULFING,Bearish
2020-10-18 09:00:00,11440.44,11442.47,11407.23,11408.14,109.23049412,NO_PATTERN,NO_PATTERN
2020-10-18 10:00:00,11408.14,11431.87,11408.13,11429.79,85.42083645,NO_PATTERN,NO_PATTERN
2020-10-18 11:00:00,11429.79,11441.73,11419.58,11428.96,80.71213141,DOJI,Neutral
2020-10-18 12:00:00,11428.95,11439.53,11418.98,11422.16,78.05236498,INVERTEDHAMMER,Neutral
2020-10-18 13:00:00,11423.65,11450.0,11423.65,11448.04,95.44056665,NO_PATTERN,NO_PATTERN
2020-10-18 14:00:00,11448.25,11497.54,11430.13,11443.25,356.65363605,NO_PATTERN,NO_PATTERN
2020-10-18 15:00:00,11443.25,11468.58,11433.61,11459.39,188.46448201,NO_PATTERN,NO_PATTERN
2020-10-18 16:00:00,11459.41,11478.31,11440.0,11467.89,210.78217614,NO_PATTERN,NO_PATTERN
2020-10-18 17:00:00,11467.89,11474.55,11451.05,11471.24,201.82167764,DRAGONFLYDOJI,Neutral
2020-10-18 18:00:00,11471.86,11488.79,11450.13,11452.01,137.41589082,ENGULFING,Bearish
2020-10-18 19:00:00,11452.01,11464.18,11442.83,11444.68,187.66615681,NO_PATTERN,NO_PATTERN
2020-10-18 20:00:00,11444.68,11448.55,11408.52,11446.08,336.250278,HAMMER,Neutral
2020-10-18 21:00:00,11446.27,11471.49,11443.86,11463.3,194.56967520999999,NO_PATTERN,NO_PATTERN
2020-10-18 22:00:00,11463.3,11482.0,11452.92,11466.15,196.04971162,DOJI,Neutral
2020-10-18 23:00:00,11466.14,11523.0,11457.74,11514.2,427.13153841999997,NO_PATTERN,NO_PATTERN
2020-10-19 00:00:00,11514.2,11544.44,11456.95,11476.26,485.03474244,NO_PATTERN,NO_PATTERN
2020-10-19 01:00:00,11476.26,11487.65,11465.0,11465.03,185.70810592,NO_PATTERN,NO_PATTERN
2020-10-19 02:00:00,11465.03,11481.53,11446.3,11465.31,216.05781632,DOJI,Neutral
2020-10-19 03:00:00,11465.31,11472.77,11416.39,11425.04,154.81064465,NO_PATTERN,NO_PATTERN
2020-10-19 04:00:00,11423.0,11453.09,11416.04,11445.49,136.24148605,NO_PATTERN,NO_PATTERN
2020-10-19 05:00:00,11445.49,11455.51,11423.62,11443.55,188.45923239,DOJI,Neutral
2020-10-19 06:00:00,11443.57,11459.76,11426.29,11452.91,99.60556542,NO_PATTERN,NO_PATTERN
2020-10-19 07:00:00,11452.91,11473.32,11446.85,11463.61,117.67581899,NO_PATTERN,NO_PATTERN
2020-10-19 08:00:00,11463.61,11475.66,11450.0,11466.78,147.06642026,DOJI,Neutral
2020-10-19 09:00:00,11466.78,11491.82,11460.03,11488.4,149.28354657,NO_PATTERN,NO_PATTERN
2020-10-19 10:00:00,11488.39,11500.29,11464.7,11485.61,343.45536135,HARAMI,Bear
2020-10-19 11:00:00,11486.39,11538.0,11476.94,11480.91,233.55513189,NO_PATTERN,NO_PATTERN
2020-10-19 12:00:00,11482.39,11540.0,11472.0,11522.07,280.35167574,NO_PATTERN,NO_PATTERN
2020-10-19 13:00:00,11523.1,11679.96,11523.1,11650.46,1203.39801715,NO_PATTERN,NO_PATTERN
2020-10-19 14:00:00,11650.47,11685.0,11614.2,11665.0,862.3902817,NO_PATTERN,NO_PATTERN
2020-10-19 15:00:00,11665.0,11829.1,11648.46,11814.18,1624.76245128,NO_PATTERN,NO_PATTERN
2020-10-19 16:00:00,11815.04,11833.0,11754.81,11769.73,938.43724574,NO_PATTERN,NO_PATTERN
2020-10-19 17:00:00,11769.41,11781.23,11725.71,11729.98,422.29947553,NO_PATTERN,NO_PATTERN
2020-10-19 18:00:00,11729.98,11760.7,11672.56,11673.69,572.81641961,NO_PATTERN,NO_PATTERN
2020-10-19 19:00:00,11673.46,11703.39,11659.44,11695.53,479.83853156,NO_PATTERN,NO_PATTERN
2020-10-19 20:00:00,11696.59,11736.6,11671.25,11734.11,328.82885248,NO_PATTERN,NO_PATTERN
2020-10-19 21:00:00,11734.12,11764.49,11707.02,11756.34,335.1339094,NO_PATTERN,NO_PATTERN
2020-10-19 22:00:00,11756.86,11788.78,11720.0,11740.72,412.81350967000003,NO_PATTERN,NO_PATTERN
2020-10-19 23:00:00,11741.1,11765.74,11717.14,11760.45,382.9926953,NO_PATTERN,NO_PATTERN
2020-10-20 00:00:00,11760.45,11766.55,11709.62,11731.73,368.56860452,NO_PATTERN,NO_PATTERN
2020-10-20 01:00:00,11731.05,11744.41,11685.0,11699.99,306.04883794,NO_PATTERN,NO_PATTERN
2020-10-20 02:00:00,11700.0,11734.95,11695.41,11729.25,246.55649976,NO_PATTERN,NO_PATTERN
2020-10-20 03:00:00,11729.25,11769.99,11715.0,11749.12,504.61532509,NO_PATTERN,NO_PATTERN
2020-10-20 04:00:00,11749.98,11764.62,11725.59,11728.52,293.26698555,ENGULFING,Bearish
2020-10-20 05:00:00,11728.52,11765.74,11720.85,11764.74,191.45299552,NO_PATTERN,NO_PATTERN
2020-10-20 06:00:00,11764.74,11807.09,11748.13,11793.5,529.48178085,NO_PATTERN,NO_PATTERN
2020-10-20 07:00:00,11793.49,11858.0,11720.0,11744.34,497.02391898,NO_PATTERN,NO_PATTERN
2020-10-20 08:00:00,11744.34,11770.46,11711.28,11750.95,345.90384876,NO_PATTERN,NO_PATTERN
2020-10-20 09:00:00,11750.38,11822.98,11736.03,11795.99,327.67925179,NO_PATTERN,NO_PATTERN
2020-10-20 10:00:00,11795.8,11851.0,11785.45,11844.27,189.79802456,NO_PATTERN,NO_PATTERN
2020-10-20 11:00:00,11843.17,11938.11,11733.37,11780.0,1478.38355322,NO_PATTERN,NO_PATTERN
2020-10-20 12:00:00,11780.0,11900.78,11770.05,11887.02,462.9115403,NO_PATTERN,NO_PATTERN
2020-10-20 13:00:00,11886.67,11950.0,11835.83,11937.04,758.07890133,NO_PATTERN,NO_PATTERN
2020-10-20 14:00:00,11939.95,11963.78,11878.98,11928.18,1051.1877589,NO_PATTERN,NO_PATTERN
2020-10-20 15:00:00,11926.26,11995.0,11889.83,11937.0,1266.82275216,NO_PATTERN,NO_PATTERN
2020-10-20 16:00:00,11937.01,11995.55,11910.0,11977.96,950.8396438,NO_PATTERN,NO_PATTERN
2020-10-20 17:00:00,11978.93,12050.0,11955.7,11972.84,1323.7854440600001,DOJI,Neutral
2020-10-20 18:00:00,11972.11,11983.0,11922.01,11973.42,628.64536146,HAMMER,Neutral
2020-10-20 19:00:00,11973.41,11991.19,11908.49,11936.2,487.14269999,NO_PATTERN,NO_PATTERN
2020-10-20 21:00:00,11936.2,11938.0,11876.51,11931.73,417.13034087,DRAGONFLYDOJI,Neutral
2020-10-20 22:00:00,11931.73,11972.26,11930.55,11967.39,627.03875945,NO_PATTERN,NO_PATTERN
2020-10-20 23:00:00,11965.94,11975.35,11897.36,11923.83,571.77458821,NO_PATTERN,NO_PATTERN
2020-10-21 00:00:00,11923.07,11999.95,11900.01,11996.0,324.86603899,ENGULFING,Bullish
2020-10-21 01:00:00,11996.01,12039.8,11979.05,12006.91,600.92206171,NO_PATTERN,NO_PATTERN
2020-10-21 02:00:00,12006.46,12144.95,11990.67,12135.44,1014.67962259,NO_PATTERN,NO_PATTERN
2020-10-21 03:00:00,12137.23,12250.0,12134.53,12200.35,1705.28046957,NO_PATTERN,NO_PATTERN
2020-10-21 04:00:00,12200.36,12322.82,12188.45,12289.75,1117.99747672,NO_PATTERN,NO_PATTERN
2020-10-21 05:00:00,12291.41,12297.42,12232.09,12248.86,546.0772085,NO_PATTERN,NO_PATTERN
2020-10-21 06:00:00,12247.73,12298.24,12240.92,12245.72,430.01350804,INVERTEDHAMMER,Neutral
2020-10-21 07:00:00,12245.72,12258.45,12141.0,12201.84,664.27257708,NO_PATTERN,NO_PATTERN
2020-10-21 08:00:00,12201.84,12213.54,12149.0,12158.72,248.18638742,NO_PATTERN,NO_PATTERN
2020-10-21 09:00:00,12157.49,12209.56,12141.05,12206.91,290.06778077,ENGULFING,Bullish
2020-10-21 10:00:00,12206.9,12267.7,12206.9,12225.97,414.82377943,NO_PATTERN,NO_PATTERN
2020-10-21 11:00:00,12226.23,12376.15,12188.33,12343.51,677.00599406,NO_PATTERN,NO_PATTERN
2020-10-21 12:00:00,12344.92,12450.0,12288.02,12428.35,1469.31199862,NO_PATTERN,NO_PATTERN
2020-10-21 13:00:00,12427.81,12494.0,12368.02,12493.48,1940.6430372,NO_PATTERN,NO_PATTERN
2020-10-21 14:00:00,12494.0,12874.98,12437.88,12746.69,3915.02019506,NO_PATTERN,NO_PATTERN
2020-10-21 15:00:00,12746.23,12758.45,12637.57,12754.39,1691.95487838,DRAGONFLYDOJI,Neutral
2020-10-21 16:00:00,12754.99,12928.74,12738.83,12844.55,2330.47975514,NO_PATTERN,NO_PATTERN
2020-10-21 17:00:00,12844.55,12877.8,12750.03,12785.27,1316.85279647,NO_PATTERN,NO_PATTERN
2020-10-21 18:00:00,12786.56,12813.99,12735.51,12785.07,981.48779419,DOJI,Neutral
2020-10-21 19:00:00,12784.45,12808.0,12670.76,12700.77,1558.12113313,NO_PATTERN,NO_PATTERN
2020-10-21 20:00:00,12700.78,12866.8,12700.0,12862.64,1327.73080565,NO_PATTERN,NO_PATTERN
2020-10-21 21:00:00,12862.63,13000.0,12801.79,12947.36,1670.96581238,NO_PATTERN,NO_PATTERN
2020-10-21 22:00:00,12937.42,13243.39,12920.01,13239.73,2478.85126338,NO_PATTERN,NO_PATTERN
2020-10-21 23:00:00,13230.59,13250.04,12750.0,12808.0,3589.43888351,NO_PATTERN,NO_PATTERN
2020-10-22 00:00:00,12808.01,12958.95,12800.0,12923.48,1027.55905621,HARAMI,Bullish
2020-10-22 01:00:00,12922.31,12932.52,12870.87,12870.88,706.46454562,NO_PATTERN,NO_PATTERN
2020-10-22 02:00:00,12870.87,12879.83,12709.99,12815.75,1009.11561335,HAMMER,Neutral
2020-10-22 03:00:00,12812.28,12828.4,12731.91,12736.81,418.97051719,NO_PATTERN,NO_PATTERN
2020-10-22 04:00:00,12735.93,12789.93,12698.02,12762.58,960.06927354,NO_PATTERN,NO_PATTERN
2020-10-22 05:00:00,12762.59,12807.74,12709.09,12774.51,510.88769668000003,DOJI,Neutral
2020-10-22 06:00:00,12774.97,12838.22,12765.79,12823.95,468.78666157,NO_PATTERN,NO_PATTERN
2020-10-22 07:00:00,12823.94,12823.94,12737.06,12766.51,289.88500235,NO_PATTERN,NO_PATTERN
2020-10-22 08:00:00,12765.97,12862.93,12757.33,12823.34,278.68073325,NO_PATTERN,NO_PATTERN
2020-10-22 09:00:00,12822.59,12920.0,12700.0,12883.45,885.7464649,NO_PATTERN,NO_PATTERN
2020-10-22 10:00:00,12882.89,12990.0,12857.78,12972.16,540.18717868,NO_PATTERN,NO_PATTERN
2020-10-22 11:00:00,12972.17,13032.44,12935.04,12978.98,885.33707858,DOJI,Neutral
2020-10-22 12:00:00,12978.98,12981.0,12814.0,12868.0,977.23828565,EVENINGSTAR,Neutral
2020-10-22 13:00:00,12868.0,12981.0,12857.25,12946.73,956.4412256,NO_PATTERN,NO_PATTERN
2020-10-22 14:00:00,12945.51,12945.51,12866.65,12943.5,1455.27070521,HARAMI,Bear
2020-10-22 15:00:00,12943.92,12989.97,12926.57,12951.81,1107.45423291,DOJI,Neutral
2020-10-22 16:00:00,12955.03,13095.0,12942.08,13064.99,1234.97778572,NO_PATTERN,NO_PATTERN
2020-10-22 17:00:00,13064.99,13095.74,12948.97,13072.24,1518.82182767,DOJI,Neutral
2020-10-22 18:00:00,13071.18,13083.0,13024.33,13065.0,736.75122624,DRAGONFLYDOJI,Neutral
2020-10-22 19:00:00,13065.0,13181.16,13045.81,13094.67,1114.07532701,NO_PATTERN,NO_PATTERN
2020-10-22 20:00:00,13095.36,13195.34,13095.36,13126.2,911.1693026300001,SHOOTINGSTAR,Neutral
2020-10-22 21:00:00,13125.72,13169.38,12980.35,13155.0,764.65545702,NO_PATTERN,NO_PATTERN
2020-10-22 22:00:00,13155.01,13200.0,13023.0,13025.36,747.52818213,3LINESTRIKE,Bull
2020-10-22 23:00:00,13027.77,13072.71,12951.46,12987.02,790.85556505,NO_PATTERN,NO_PATTERN
2020-10-23 00:00:00,12988.2,12994.05,12842.39,12928.22,984.53794635,NO_PATTERN,NO_PATTERN
2020-10-23 01:00:00,12927.29,12960.0,12900.37,12923.96,300.06178399,DOJI,Neutral
2020-10-23 02:00:00,12922.19,13010.72,12903.0,13006.43,305.04313131,MORNINGSTAR,Neutral
2020-10-23 03:00:00,13006.43,13022.0,12969.38,12979.58,425.63920176,NO_PATTERN,NO_PATTERN
2020-10-23 04:00:00,12981.13,12994.04,12929.68,12934.7,396.40092768,NO_PATTERN,NO_PATTERN
2020-10-23 05:00:00,12934.69,12999.0,12927.04,12999.0,317.22167805,ENGULFING,Bullish
2020-10-23 06:00:00,12999.02,12999.22,12877.38,12888.7,411.41121596,ENGULFING,Bearish
2020-10-23 07:00:00,12888.7,12929.67,12877.0,12894.37,302.42299194000003,DOJI,Neutral
2020-10-23 08:00:00,12896.37,12963.79,12865.0,12929.47,283.47839828,NO_PATTERN,NO_PATTERN
2020-10-23 09:00:00,12929.46,12984.98,12921.77,12954.64,220.10402812,NO_PATTERN,NO_PATTERN
2020-10-23 10:00:00,12954.85,13037.0,12954.75,13024.33,330.03812729,NO_PATTERN,NO_PATTERN
2020-10-23 11:00:00,13023.36,13031.85,12966.35,12976.26,302.80346314,NO_PATTERN,NO_PATTERN
2020-10-23 12:00:00,12976.41,12988.47,12946.35,12983.13,290.19811255,HARAMI,Bull
2020-10-23 13:00:00,12983.11,13019.75,12954.61,12959.56,407.60484445,NO_PATTERN,NO_PATTERN
2020-10-23 14:00:00,12959.56,12970.0,12911.83,12945.04,388.7248097,NO_PATTERN,NO_PATTERN
2020-10-23 15:00:00,12942.34,12972.29,12901.16,12932.05,425.16973807,NO_PATTERN,NO_PATTERN
2020-10-23 16:00:00,12930.29,12957.85,12722.72,12794.17,1237.34889428,NO_PATTERN,NO_PATTERN
2020-10-23 17:00:00,12795.96,12830.39,12755.19,12795.97,724.08623935,HARAMI,Bull
2020-10-23 18:00:00,12795.22,12883.52,12795.21,12865.0,433.20883887,NO_PATTERN,NO_PATTERN
2020-10-23 19:00:00,12864.75,12932.13,12854.54,12932.12,477.35018584,NO_PATTERN,NO_PATTERN
2020-10-23 20:00:00,12932.13,12956.24,12901.14,12943.5,479.38343316,NO_PATTERN,NO_PATTERN
2020-10-23 21:00:00,12943.49,12952.48,12887.37,12919.63,426.36885514,NO_PATTERN,NO_PATTERN
2020-10-23 22:00:00,12919.53,12954.32,12906.77,12949.51,262.45519111,ENGULFING,Bullish
2020-10-23 23:00:00,12949.61,12986.05,12936.73,12937.09,289.47014761,NO_PATTERN,NO_PATTERN
2020-10-24 00:00:00,12938.0,12947.07,12884.31,12923.47,272.14966815,NO_PATTERN,NO_PATTERN
2020-10-24 01:00:00,12923.47,12984.19,12920.57,12977.0,199.95672499,NO_PATTERN,NO_PATTERN
2020-10-24 02:00:00,12977.0,13000.0,12963.12,12998.9,262.90994873,NO_PATTERN,NO_PATTERN
2020-10-24 03:00:00,12998.89,13026.43,12972.18,12983.84,285.76263997,NO_PATTERN,NO_PATTERN
2020-10-24 04:00:00,12983.84,13014.09,12970.48,12981.77,188.0701846,DOJI,Neutral
2020-10-24 05:00:00,12981.77,12984.11,12947.58,12979.28,146.74037212,HAMMER,Neutral
2020-10-24 06:00:00,12979.35,12991.89,12961.03,12965.84,122.38923706,NO_PATTERN,NO_PATTERN
2020-10-24 07:00:00,12965.84,12987.59,12930.0,12939.83,213.39644694999998,NO_PATTERN,NO_PATTERN
2020-10-24 08:00:00,12939.83,12962.08,12921.49,12944.22,272.02167844,DOJI,Neutral
2020-10-24 09:00:00,12944.23,12974.6,12925.06,12963.02,134.76437573,NO_PATTERN,NO_PATTERN
2020-10-24 10:00:00,12963.02,13000.0,12942.65,12990.98,128.90923988,NO_PATTERN,NO_PATTERN
2020-10-24 11:00:00,12990.98,13010.04,12975.48,13008.16,158.38665794,NO_PATTERN,NO_PATTERN
2020-10-24 12:00:00,13008.78,13010.04,12981.89,12994.71,215.93924198,NO_PATTERN,NO_PATTERN
2020-10-24 13:00:00,12994.7,13010.04,12978.05,13001.12,215.83446354,NO_PATTERN,NO_PATTERN
2020-10-24 14:00:00,13001.12,13105.06,12930.0,13084.37,1023.72196479,NO_PATTERN,NO_PATTERN
2020-10-24 15:00:00,13084.54,13175.0,13084.54,13115.09,1042.20977057,NO_PATTERN,NO_PATTERN
2020-10-24 16:00:00,13115.08,13141.16,13034.41,13096.44,509.69887155,HARAMI,Bearish
2020-10-24 17:00:00,13093.96,13162.59,13092.8,13145.72,431.6954013,ENGULFING,Bullish
2020-10-24 18:00:00,13145.71,13148.49,13100.82,13118.25,327.57064061,NO_PATTERN,NO_PATTERN
2020-10-24 19:00:00,13118.26,13147.66,13090.62,13138.87,281.47939193,HARAMI,Bullish
2020-10-24 20:00:00,13138.65,13148.96,13105.0,13113.89,414.57165293,NO_PATTERN,NO_PATTERN
2020-10-24 21:00:00,13113.88,13149.47,13052.0,13083.5,509.70090683,NO_PATTERN,NO_PATTERN
2020-10-24 22:00:00,13083.5,13107.38,13054.52,13084.33,309.98037886,DOJI,Neutral
2020-10-24 23:00:00,13084.33,13133.88,13079.09,13126.24,230.15220668999999,NO_PATTERN,NO_PATTERN
2020-10-25 00:00:00,13126.34,13150.0,13083.77,13148.11,248.72004426,NO_PATTERN,NO_PATTERN
2020-10-25 01:00:00,13147.81,13180.4,13127.04,13154.42,389.97796152,DOJI,Neutral
2020-10-25 02:00:00,13154.42,13178.0,13130.12,13142.35,298.0196694,NO_PATTERN,NO_PATTERN
2020-10-25 03:00:00,13142.31,13360.0,13142.3,13308.89,1056.26887932,ENGULFING,Bullish
2020-10-25 04:00:00,13308.47,13361.0,13270.69,13321.5,454.83553357,NO_PATTERN,NO_PATTERN
2020-10-25 05:00:00,13321.5,13321.72,12900.0,12974.47,1230.74668815,NO_PATTERN,NO_PATTERN
2020-10-25 06:00:00,12973.83,13074.95,12940.02,13029.78,397.57629737999997,NO_PATTERN,NO_PATTERN
2020-10-25 07:00:00,13030.37,13053.98,13013.21,13041.61,265.77044718,DRAGONFLYDOJI,Neutral
2020-10-25 08:00:00,13041.61,13044.64,12970.65,13037.01,204.78718285,HAMMER,Neutral
2020-10-25 09:00:00,13037.06,13037.08,12989.1,13007.26,255.50823865,NO_PATTERN,NO_PATTERN
2020-10-25 10:00:00,13007.27,13012.26,12943.36,12996.15,279.68246286,HAMMER,Neutral
2020-10-25 11:00:00,12996.15,12996.15,12890.76,12969.93,521.68339875,HAMMER,Neutral
2020-10-25 12:00:00,12965.56,13004.96,12946.23,12989.23,209.07246215,NO_PATTERN,NO_PATTERN
2020-10-25 13:00:00,12989.23,13025.57,12964.34,12998.76,285.53036717000003,DOJI,Neutral
2020-10-25 14:00:00,12998.77,13014.81,12982.91,12992.39,251.40163714,GRAVESTONEDOJI,Neutral
