Time,Open,High,Low,Close,Volume,candlestick_pattern,candlestick_pattern_type
2020-01-01 00:00:00,7165.72,7218.42,7136.05,7197.31,1232.20352278,NO_PATTERN,NO_PATTERN
2020-01-01 06:00:00,7197.31,7215.0,7158.19,7174.26,458.27680119,NO_PATTERN,NO_PATTERN
2020-01-01 12:00:00,7174.27,7238.14,7174.27,7218.01,686.07740838,NO_PATTERN,NO_PATTERN
2020-01-01 18:00:00,7218.0,7229.37,7150.0,7174.33,967.59860139,NO_PATTERN,NO_PATTERN
2020-01-02 00:00:00,7174.33,7186.18,7089.0,7108.03,1324.7741574,NO_PATTERN,NO_PATTERN
2020-01-02 06:00:00,7108.04,7156.65,7074.09,7120.0,764.36228955,NO_PATTERN,NO_PATTERN
2020-01-02 12:00:00,7117.78,7140.81,6903.0,6942.4,3901.70298552,NO_PATTERN,NO_PATTERN
2020-01-02 18:00:00,6942.4,6976.17,6924.75,6945.02,1956.83878434,NO_PATTERN,NO_PATTERN
2020-01-03 00:00:00,6945.02,7281.24,6854.67,7203.04,4384.27939152,NO_PATTERN,NO_PATTERN
2020-01-03 06:00:00,7203.04,7361.7,7176.07,7327.64,2974.38704941,NO_PATTERN,NO_PATTERN
2020-01-03 12:00:00,7327.64,7401.2,7227.78,7353.04,4011.27932105,NO_PATTERN,NO_PATTERN
2020-01-03 18:00:00,7353.04,7363.28,7250.0,7334.45,2609.16174813,NO_PATTERN,NO_PATTERN
2020-01-04 00:00:00,7334.45,7359.99,7277.34,7333.94,951.17307487,DOJI,Neutral
2020-01-04 06:00:00,7333.95,7357.39,7292.02,7326.61,560.08981887,DOJI,Neutral
2020-01-04 12:00:00,7326.61,7339.31,7280.5,7339.3,855.55636391,HAMMER,Neutral
2020-01-04 18:00:00,7339.31,7398.0,7263.32,7348.63,2364.93892505,DOJI,Neutral
2020-01-05 00:00:00,7348.63,7488.87,7348.62,7454.73,2602.77575719,NO_PATTERN,NO_PATTERN
2020-01-05 06:00:00,7454.8,7478.24,7396.36,7423.92,1170.7838608700001,NO_PATTERN,NO_PATTERN
2020-01-05 12:00:00,7423.85,7479.52,7411.11,7461.16,737.93507926,ENGULFING,Bullish
2020-01-05 18:00:00,7461.17,7463.0,7312.22,7355.4,1404.49995642,ENGULFING,Bearish
2020-01-06 00:00:00,7355.4,7580.0,7343.17,7528.7,3450.79481408,NO_PATTERN,NO_PATTERN
2020-01-06 06:00:00,7528.76,7572.2,7503.55,7536.29,848.36002099,DOJI,Neutral
2020-01-06 12:00:00,7536.29,7615.68,7484.65,7552.76,2844.3860679,NO_PATTERN,NO_PATTERN
2020-01-06 18:00:00,7552.77,7805.0,7516.88,7764.63,4578.56577442,NO_PATTERN,NO_PATTERN
2020-01-07 00:00:00,7764.63,8000.0,7764.63,7877.17,6238.73894384,NO_PATTERN,NO_PATTERN
2020-01-07 06:00:00,7877.17,7966.16,7856.74,7893.61,938.73285534,NO_PATTERN,NO_PATTERN
2020-01-07 12:00:00,7893.15,7956.82,7723.0,7942.58,4408.4512712,HAMMER,Neutral
2020-01-07 18:00:00,7942.58,8216.0,7923.09,8158.52,8181.12366805,NO_PATTERN,NO_PATTERN
2020-01-08 00:00:00,8160.01,8469.39,8157.71,8335.09,8720.76267693,NO_PATTERN,NO_PATTERN
2020-01-08 06:00:00,8334.47,8374.88,8268.1,8334.8,1418.92530332,HARAMI,Bear
2020-01-08 12:00:00,8337.41,8416.2,8008.88,8080.18,7962.63970286,ENGULFING,Bearish
2020-01-08 18:00:00,8076.79,8112.93,7845.0,8045.51,5791.69107441,NO_PATTERN,NO_PATTERN
2020-01-09 00:00:00,8047.75,8048.67,7927.27,7939.85,2092.04771334,NO_PATTERN,NO_PATTERN
2020-01-09 06:00:00,7939.85,7966.99,7852.58,7873.05,1381.23022846,NO_PATTERN,NO_PATTERN
2020-01-09 12:00:00,7873.05,7943.2,7777.0,7790.97,2408.20011203,NO_PATTERN,NO_PATTERN
2020-01-09 18:00:00,7790.97,7995.72,7744.48,7813.78,3564.57472161,NO_PATTERN,NO_PATTERN
2020-01-10 00:00:00,7813.78,7845.69,7721.12,7737.42,1514.58277413,NO_PATTERN,NO_PATTERN
2020-01-10 06:00:00,7735.84,7846.13,7671.0,7831.0,2869.32282783,ENGULFING,Bullish
2020-01-10 12:00:00,7831.01,8132.01,7797.84,7964.24,4746.36915808,NO_PATTERN,NO_PATTERN
2020-01-10 18:00:00,7964.24,8199.77,7964.24,8198.09,4278.4980492,NO_PATTERN,NO_PATTERN
2020-01-11 00:00:00,8198.09,8262.78,8048.53,8086.54,2758.04344191,NO_PATTERN,NO_PATTERN
2020-01-11 06:00:00,8086.54,8145.61,8011.56,8037.0,751.27643982,NO_PATTERN,NO_PATTERN
2020-01-11 12:00:00,8037.0,8225.09,8017.12,8155.75,1451.14012259,NO_PATTERN,NO_PATTERN
2020-01-11 18:00:00,8155.75,8290.0,8000.01,8020.0,2584.88035553,NO_PATTERN,NO_PATTERN
2020-01-12 00:00:00,8017.47,8106.7,7963.25,8101.53,1155.38247757,NO_PATTERN,NO_PATTERN
2020-01-12 06:00:00,8101.53,8154.0,8078.79,8103.9,549.40193031,DOJI,Neutral
2020-01-12 12:00:00,8103.9,8185.0,8070.38,8092.81,1130.79080312,DOJI,Neutral
2020-01-12 18:00:00,8093.36,8180.81,8078.1,8180.81,1072.65330672,NO_PATTERN,NO_PATTERN
2020-01-13 00:00:00,8180.81,8195.81,8074.98,8082.69,1393.09368191,NO_PATTERN,NO_PATTERN
2020-01-13 06:00:00,8082.69,8118.15,8041.95,8070.0,1526.9585217000001,DOJI,Neutral
2020-01-13 12:00:00,8066.86,8127.19,8045.07,8088.96,1822.54632859,ENGULFING,Bullish
2020-01-13 18:00:00,8088.97,8157.95,8081.56,8104.5,1893.23495938,SHOOTINGSTAR,Neutral
2020-01-14 00:00:00,8105.6,8590.38,8105.23,8483.18,9028.34823899,NO_PATTERN,NO_PATTERN
2020-01-14 06:00:00,8481.3,8560.64,8458.21,8524.12,2582.7995548100002,NO_PATTERN,NO_PATTERN
2020-01-14 12:00:00,8522.81,8822.0,8467.5,8784.03,9998.43916878,NO_PATTERN,NO_PATTERN
2020-01-14 18:00:00,8785.58,8893.69,8671.01,8815.69,5213.13344541,NO_PATTERN,NO_PATTERN
2020-01-15 00:00:00,8812.58,8900.0,8550.0,8604.36,5894.41843205,EVENINGSTAR,Neutral
2020-01-15 06:00:00,8602.87,8797.63,8592.0,8714.07,1705.14429183,NO_PATTERN,NO_PATTERN
2020-01-15 12:00:00,8717.09,8899.0,8658.0,8783.08,4206.58941384,NO_PATTERN,NO_PATTERN
2020-01-15 18:00:00,8783.08,8864.29,8706.42,8808.81,3121.84094638,NO_PATTERN,NO_PATTERN
2020-01-16 00:00:00,8808.81,8850.0,8580.0,8685.35,3487.90910632,NO_PATTERN,NO_PATTERN
2020-01-16 06:00:00,8685.33,8715.01,8590.0,8714.89,1402.35080842,NO_PATTERN,NO_PATTERN
2020-01-16 12:00:00,8715.07,8772.38,8602.98,8665.59,2369.48601235,ENGULFING,Bearish
2020-01-16 18:00:00,8665.59,8749.71,8633.13,8714.76,1966.924484,NO_PATTERN,NO_PATTERN
2020-01-17 00:00:00,8714.77,8894.0,8665.67,8888.64,2954.48310785,NO_PATTERN,NO_PATTERN
2020-01-17 06:00:00,8888.65,9013.0,8847.94,8891.75,5621.93313907,DOJI,Neutral
2020-01-17 12:00:00,8891.75,8909.99,8766.27,8874.38,3589.59025725,HAMMER,Neutral
2020-01-17 18:00:00,8874.39,8949.39,8800.0,8899.42,3235.44890751,NO_PATTERN,NO_PATTERN
2020-01-18 00:00:00,8899.42,8980.0,8800.1,8841.41,2334.98032147,NO_PATTERN,NO_PATTERN
2020-01-18 06:00:00,8841.41,8901.79,8805.0,8865.74,789.03333837,NO_PATTERN,NO_PATTERN
2020-01-18 12:00:00,8866.64,8958.82,8840.0,8896.01,1441.81031723,NO_PATTERN,NO_PATTERN
2020-01-18 18:00:00,8896.01,8953.8,8860.49,8909.32,1019.49141722,DOJI,Neutral
2020-01-19 00:00:00,8908.95,9194.99,8882.0,9118.15,4717.93683906,NO_PATTERN,NO_PATTERN
2020-01-19 06:00:00,9118.16,9136.54,8465.0,8665.62,4925.24446439,3LINESTRIKE,Bull
2020-01-19 12:00:00,8665.62,8665.62,8550.0,8645.85,2915.99408244,DRAGONFLYDOJI,Neutral
2020-01-19 18:00:00,8645.85,8750.0,8477.02,8697.53,2604.16647787,NO_PATTERN,NO_PATTERN
2020-01-20 00:00:00,8697.53,8725.0,8622.14,8661.86,1240.1244273,NO_PATTERN,NO_PATTERN
2020-01-20 06:00:00,8661.86,8678.67,8583.39,8605.09,725.48246304,NO_PATTERN,NO_PATTERN
2020-01-20 12:00:00,8605.09,8685.48,8504.06,8627.51,2221.64410073,NO_PATTERN,NO_PATTERN
2020-01-20 18:00:00,8627.51,8734.84,8601.91,8628.89,1390.93217407,DOJI,Neutral
2020-01-21 00:00:00,8628.89,8675.0,8605.0,8643.01,1177.6926142,DOJI,Neutral
2020-01-21 06:00:00,8643.01,8659.65,8591.45,8639.73,914.46976404,DRAGONFLYDOJI,Neutral
2020-01-21 12:00:00,8639.73,8670.06,8596.85,8637.82,1490.07677343,DOJI,Neutral
2020-01-21 18:00:00,8637.36,8774.31,8465.0,8722.03,3922.42648584,ENGULFING,Bullish
2020-01-22 00:00:00,8722.03,8740.0,8685.0,8700.01,883.74689295,NO_PATTERN,NO_PATTERN
2020-01-22 06:00:00,8700.02,8791.76,8601.0,8637.79,1651.52857219,NO_PATTERN,NO_PATTERN
2020-01-22 12:00:00,8637.12,8685.85,8565.0,8664.43,1805.24278761,NO_PATTERN,NO_PATTERN
2020-01-22 18:00:00,8664.43,8664.43,8619.44,8660.38,1130.03573696,DRAGONFLYDOJI,Neutral
2020-01-23 00:00:00,8660.38,8665.0,8458.0,8523.86,2670.29474968,NO_PATTERN,NO_PATTERN
2020-01-23 06:00:00,8523.87,8590.11,8379.0,8391.87,2602.01798937,NO_PATTERN,NO_PATTERN
2020-01-23 12:00:00,8389.94,8450.02,8288.88,8296.69,4123.55310488,NO_PATTERN,NO_PATTERN
2020-01-23 18:00:00,8296.66,8426.65,8278.0,8385.22,2764.59407561,NO_PATTERN,NO_PATTERN
2020-01-24 00:00:00,8385.21,8400.0,8267.0,8303.89,1968.13200697,NO_PATTERN,NO_PATTERN
2020-01-24 06:00:00,8305.49,8390.02,8216.71,8384.74,1878.31773757,NO_PATTERN,NO_PATTERN
2020-01-24 12:00:00,8384.74,8509.55,8350.84,8463.14,2945.36692301,NO_PATTERN,NO_PATTERN
2020-01-24 18:00:00,8463.14,8509.99,8399.29,8427.26,1812.87362336,NO_PATTERN,NO_PATTERN
2020-01-25 00:00:00,8427.58,8437.76,8252.73,8308.67,1689.80440174,NO_PATTERN,NO_PATTERN
2020-01-25 06:00:00,8309.08,8361.22,8289.96,8296.92,407.21903259,GRAVESTONEDOJI,Neutral
2020-01-25 12:00:00,8296.92,8346.97,8275.0,8320.1,704.37739043,NO_PATTERN,NO_PATTERN
2020-01-25 18:00:00,8320.1,8406.14,8308.33,8326.81,977.72294499,GRAVESTONEDOJI,Neutral
2020-01-26 00:00:00,8326.8,8370.0,8278.68,8354.37,959.03980266,NO_PATTERN,NO_PATTERN
2020-01-26 06:00:00,8354.34,8458.71,8320.2,8457.27,1133.86436193,NO_PATTERN,NO_PATTERN
2020-01-26 12:00:00,8457.28,8572.87,8412.69,8557.82,1911.92622965,NO_PATTERN,NO_PATTERN
2020-01-26 18:00:00,8557.82,8594.0,8530.0,8586.72,1458.99768915,NO_PATTERN,NO_PATTERN
2020-01-27 00:00:00,8595.0,8683.48,8595.0,8631.51,1646.45356726,SHOOTINGSTAR,Neutral
2020-01-27 06:00:00,8631.51,8723.0,8556.6,8709.41,1288.53746322,NO_PATTERN,NO_PATTERN
2020-01-27 12:00:00,8709.41,8800.0,8680.77,8747.2,2439.75270461,NO_PATTERN,NO_PATTERN
2020-01-27 18:00:00,8747.2,8985.0,8742.0,8895.96,4136.85018212,NO_PATTERN,NO_PATTERN
2020-01-28 00:00:00,8895.95,9150.0,8895.95,9045.01,4847.10209693,NO_PATTERN,NO_PATTERN
2020-01-28 06:00:00,9045.01,9103.33,8926.02,9063.5,2053.45429376,NO_PATTERN,NO_PATTERN
2020-01-28 12:00:00,9063.5,9188.62,8880.87,8969.34,5194.15727509,NO_PATTERN,NO_PATTERN
2020-01-28 18:00:00,8968.89,9418.91,8952.33,9394.5,5441.71313007,ENGULFING,Bullish
2020-01-29 00:00:00,9391.14,9439.83,9265.0,9354.31,4609.6008293,HARAMI,Bearish
2020-01-29 06:00:00,9352.89,9423.0,9224.75,9287.9,2772.57857204,NO_PATTERN,NO_PATTERN
2020-01-29 12:00:00,9286.78,9356.39,9241.9,9330.02,1952.73984735,NO_PATTERN,NO_PATTERN
2020-01-29 18:00:00,9330.02,9429.0,9276.93,9288.44,2866.55291457,NO_PATTERN,NO_PATTERN
2020-01-30 00:00:00,9287.9,9341.67,9185.0,9292.38,2068.75469106,DOJI,Neutral
2020-01-30 06:00:00,9292.38,9380.96,9277.44,9325.0,1171.78672657,NO_PATTERN,NO_PATTERN
2020-01-30 12:00:00,9325.01,9470.0,9171.11,9343.49,5190.2555366999995,DOJI,Neutral
2020-01-30 18:00:00,9345.0,9574.68,9345.0,9503.08,4511.47499786,NO_PATTERN,NO_PATTERN
2020-01-31 00:00:00,9502.71,9522.5,9323.0,9328.01,2183.68767853,NO_PATTERN,NO_PATTERN
2020-01-31 06:00:00,9328.01,9380.91,9239.31,9308.45,2323.6557375,DOJI,Neutral
2020-01-31 12:00:00,9308.45,9342.34,9195.49,9262.0,3312.57149769,NO_PATTERN,NO_PATTERN
2020-01-31 18:00:00,9262.0,9414.44,9260.0,9334.98,1874.34794319,NO_PATTERN,NO_PATTERN
2020-02-01 00:00:00,9334.98,9458.08,9331.13,9377.26,1328.51664824,NO_PATTERN,NO_PATTERN
2020-02-01 06:00:00,9377.26,9444.51,9317.06,9340.64,672.93345345,NO_PATTERN,NO_PATTERN
2020-02-01 12:00:00,9341.26,9409.06,9285.01,9371.11,1384.3691718,NO_PATTERN,NO_PATTERN
2020-02-01 18:00:00,9371.44,9400.0,9340.71,9380.18,987.37466258,DOJI,Neutral
2020-02-02 00:00:00,9380.18,9380.18,9140.0,9300.14,2927.56223942,NO_PATTERN,NO_PATTERN
2020-02-02 06:00:00,9300.14,9447.0,9277.77,9421.87,996.91389842,NO_PATTERN,NO_PATTERN
2020-02-02 12:00:00,9424.05,9480.0,9363.82,9431.08,1751.43534147,DOJI,Neutral
2020-02-02 18:00:00,9431.08,9463.56,9310.48,9323.5,1616.61938171,EVENINGSTAR,Neutral
2020-02-03 00:00:00,9325.01,9619.95,9250.0,9392.62,5033.25626724,NO_PATTERN,NO_PATTERN
2020-02-03 06:00:00,9392.62,9398.84,9281.13,9327.04,1129.0436493,NO_PATTERN,NO_PATTERN
2020-02-03 12:00:00,9327.05,9355.15,9220.0,9278.01,3569.51276132,NO_PATTERN,NO_PATTERN
2020-02-03 18:00:00,9278.01,9336.21,9226.63,9280.49,2158.2581158899998,DOJI,Neutral
2020-02-04 00:00:00,9280.49,9350.0,9207.57,9268.56,1887.41595703,DOJI,Neutral
2020-02-04 06:00:00,9268.56,9308.84,9082.08,9164.42,2464.63404312,NO_PATTERN,NO_PATTERN
2020-02-04 12:00:00,9164.43,9218.66,9078.05,9201.08,2343.6673207,HARAMI,Bullish
2020-02-04 18:00:00,9200.36,9211.0,9119.63,9164.33,1484.10229649,NO_PATTERN,NO_PATTERN
2020-02-05 00:00:00,9164.33,9260.0,9150.0,9246.02,1533.73585169,NO_PATTERN,NO_PATTERN
2020-02-05 06:00:00,9246.02,9409.99,9215.4,9403.11,1646.33726098,NO_PATTERN,NO_PATTERN
2020-02-05 12:00:00,9403.12,9569.0,9395.13,9565.54,3639.62541681,NO_PATTERN,NO_PATTERN
2020-02-05 18:00:00,9565.55,9769.7,9565.5,9613.82,6422.35201541,SHOOTINGSTAR,Neutral
2020-02-06 00:00:00,9613.91,9650.0,9521.47,9633.27,3419.15923432,NO_PATTERN,NO_PATTERN
2020-02-06 06:00:00,9632.44,9692.12,9587.77,9686.75,1340.43360319,NO_PATTERN,NO_PATTERN
2020-02-06 12:00:00,9683.62,9857.0,9641.06,9761.0,5302.422911,NO_PATTERN,NO_PATTERN
2020-02-06 18:00:00,9761.0,9787.99,9650.0,9763.01,2564.89170677,DOJI,Neutral
2020-02-07 00:00:00,9763.01,9840.66,9728.0,9742.9,2781.47896195,NO_PATTERN,NO_PATTERN
2020-02-07 06:00:00,9742.9,9885.0,9730.0,9794.08,1702.34760024,NO_PATTERN,NO_PATTERN
2020-02-07 12:00:00,9794.26,9825.0,9713.99,9766.17,2414.04355629,NO_PATTERN,NO_PATTERN
2020-02-07 18:00:00,9766.22,9825.36,9720.52,9808.05,1604.72119854,NO_PATTERN,NO_PATTERN
2020-02-08 00:00:00,9807.92,9821.64,9653.47,9755.67,2060.79344071,NO_PATTERN,NO_PATTERN
2020-02-08 06:00:00,9755.67,9840.77,9741.57,9815.0,1279.74341377,NO_PATTERN,NO_PATTERN
2020-02-08 12:00:00,9815.0,9888.0,9751.84,9872.36,2514.47170114,NO_PATTERN,NO_PATTERN
2020-02-08 18:00:00,9871.56,9955.0,9815.53,9905.64,2233.81370528,NO_PATTERN,NO_PATTERN
2020-02-09 00:00:00,9905.64,10145.33,9888.76,10111.0,4294.64652819,NO_PATTERN,NO_PATTERN
2020-02-09 06:00:00,10111.01,10175.58,10057.36,10104.15,1458.5215799,DOJI,Neutral
2020-02-09 12:00:00,10107.86,10150.0,10019.04,10099.98,1877.60435207,DOJI,Neutral
2020-02-09 18:00:00,10098.18,10178.91,10017.0,10168.35,1925.6182007,ENGULFING,Bullish
2020-02-10 00:00:00,10168.36,10199.0,9736.0,9831.73,4818.31151751,ENGULFING,Bearish
2020-02-10 06:00:00,9826.48,10020.79,9760.0,9807.0,4434.86365719,NO_PATTERN,NO_PATTERN
2020-02-10 12:00:00,9806.99,9924.35,9766.63,9841.61,2255.10563614,ENGULFING,Bullish
2020-02-10 18:00:00,9841.61,9895.5,9795.1,9851.78,1724.70867392,DOJI,Neutral
2020-02-11 00:00:00,9851.78,9861.47,9706.0,9752.67,3267.0229708800002,NO_PATTERN,NO_PATTERN
2020-02-11 06:00:00,9752.67,9815.0,9722.57,9803.44,1382.50012165,NO_PATTERN,NO_PATTERN
2020-02-11 12:00:00,9803.43,10400.0,9793.33,10303.23,8813.98531925,NO_PATTERN,NO_PATTERN
2020-02-11 18:00:00,10303.21,10354.34,10207.31,10270.01,3216.33824163,HARAMI,Bearish
2020-02-12 00:00:00,10270.01,10372.73,10269.19,10361.48,3437.3862964,NO_PATTERN,NO_PATTERN
2020-02-12 06:00:00,10361.21,10483.86,10250.0,10364.49,3404.05471994,DOJI,Neutral
2020-02-12 12:00:00,10365.0,10446.76,10264.69,10371.6,3952.39096661,DOJI,Neutral
2020-02-12 18:00:00,10371.6,10445.0,10330.02,10351.13,2928.10028073,NO_PATTERN,NO_PATTERN
2020-02-13 00:00:00,10351.13,10470.0,10337.3,10450.0,2880.2725493,NO_PATTERN,NO_PATTERN
2020-02-13 06:00:00,10450.0,10500.0,10083.1,10152.24,6115.18577066,NO_PATTERN,NO_PATTERN
2020-02-13 12:00:00,10152.24,10522.51,10107.14,10190.72,6484.73385214,NO_PATTERN,NO_PATTERN
2020-02-13 18:00:00,10189.01,10268.32,10175.0,10236.49,1566.00745443,NO_PATTERN,NO_PATTERN
2020-02-14 00:00:00,10236.49,10284.02,10151.0,10158.66,1677.72629914,NO_PATTERN,NO_PATTERN
2020-02-14 06:00:00,10157.67,10290.0,10102.5,10265.14,1566.93546197,ENGULFING,Bullish
2020-02-14 12:00:00,10266.95,10349.99,10215.84,10293.09,2176.90540497,NO_PATTERN,NO_PATTERN
2020-02-14 18:00:00,10293.09,10395.66,10293.09,10371.33,2585.92130161,NO_PATTERN,NO_PATTERN
2020-02-15 00:00:00,10371.33,10400.0,10230.0,10232.4,2285.82470761,NO_PATTERN,NO_PATTERN
2020-02-15 06:00:00,10232.39,10278.29,10200.0,10233.26,797.50263994,DOJI,Neutral
2020-02-15 12:00:00,10233.25,10256.2,9750.0,9835.29,6718.55864286,NO_PATTERN,NO_PATTERN
2020-02-15 18:00:00,9838.3,9938.37,9801.81,9911.22,2503.03042569,HARAMI,Bullish
2020-02-16 00:00:00,9911.22,10048.34,9856.12,9955.13,1920.98923848,NO_PATTERN,NO_PATTERN
2020-02-16 06:00:00,9955.53,10019.17,9912.0,9924.01,860.8844256900001,NO_PATTERN,NO_PATTERN
2020-02-16 12:00:00,9924.01,9991.04,9612.12,9760.65,4759.39593001,NO_PATTERN,NO_PATTERN
2020-02-16 18:00:00,9760.52,10004.46,9708.45,9921.0,1856.46705043,NO_PATTERN,NO_PATTERN
2020-02-17 00:00:00,9920.52,9969.38,9707.99,9774.14,1870.04995159,NO_PATTERN,NO_PATTERN
2020-02-17 06:00:00,9773.13,9845.0,9580.89,9632.65,2235.40751724,NO_PATTERN,NO_PATTERN
2020-02-17 12:00:00,9634.45,9736.84,9467.0,9651.73,4580.4853025,HARAMI,Bull
2020-02-17 18:00:00,9651.73,9729.73,9597.66,9700.0,1445.77919288,NO_PATTERN,NO_PATTERN
2020-02-18 00:00:00,9700.0,9818.6,9635.84,9797.19,1998.9575193,NO_PATTERN,NO_PATTERN
2020-02-18 06:00:00,9797.19,9823.42,9657.07,9723.0,1119.44112213,NO_PATTERN,NO_PATTERN
2020-02-18 12:00:00,9723.0,9980.0,9610.27,9973.9,3589.59454905,NO_PATTERN,NO_PATTERN
2020-02-18 18:00:00,9973.9,10298.25,9973.9,10188.04,4880.23515064,NO_PATTERN,NO_PATTERN
2020-02-19 00:00:00,10188.04,10205.05,10112.28,10139.63,2023.60572291,NO_PATTERN,NO_PATTERN
2020-02-19 06:00:00,10139.64,10238.95,10039.22,10236.41,1575.42362876,HAMMER,Neutral
2020-02-19 12:00:00,10232.42,10315.0,10068.0,10187.77,3529.0492347,NO_PATTERN,NO_PATTERN
2020-02-19 18:00:00,10186.0,10229.87,9280.98,9600.08,9470.61934675,NO_PATTERN,NO_PATTERN
2020-02-20 00:00:00,9593.48,9653.1,9479.19,9564.27,3882.36830745,DOJI,Neutral
2020-02-20 06:00:00,9564.27,9639.27,9540.02,9568.37,1978.69812947,GRAVESTONEDOJI,Neutral
2020-02-20 12:00:00,9570.56,9698.1,9393.39,9508.08,4368.91226788,ENGULFING,Bearish
2020-02-20 18:00:00,9508.09,9673.41,9455.5,9610.05,2114.4614883,NO_PATTERN,NO_PATTERN
2020-02-21 00:00:00,9610.05,9747.78,9578.14,9692.7,2072.91860082,NO_PATTERN,NO_PATTERN
2020-02-21 06:00:00,9689.77,9730.36,9621.69,9708.43,889.26089716,DRAGONFLYDOJI,Neutral
2020-02-21 12:00:00,9707.14,9769.66,9676.09,9724.01,1822.56510417,DOJI,Neutral
2020-02-21 18:00:00,9724.01,9738.6,9566.98,9695.66,2273.27829276,HAMMER,Neutral
2020-02-22 00:00:00,9695.66,9722.97,9601.63,9629.23,975.28591542,NO_PATTERN,NO_PATTERN
2020-02-22 06:00:00,9629.23,9673.42,9575.01,9654.0,575.5579967,HAMMER,Neutral
2020-02-22 12:00:00,9654.0,9696.97,9621.7,9668.78,843.78024161,DOJI,Neutral
2020-02-22 18:00:00,9668.78,9709.99,9658.03,9668.23,903.22192704,GRAVESTONEDOJI,Neutral
2020-02-23 00:00:00,9668.23,9949.0,9667.13,9900.01,2103.02281378,NO_PATTERN,NO_PATTERN
2020-02-23 06:00:00,9900.0,10025.66,9839.37,9859.46,1410.61486018,HARAMI,Bearish
2020-02-23 12:00:00,9859.55,9929.99,9843.34,9900.72,985.71166441,NO_PATTERN,NO_PATTERN
2020-02-23 18:00:00,9900.71,10000.0,9870.17,9965.01,1116.98914962,NO_PATTERN,NO_PATTERN
2020-02-24 00:00:00,9965.0,10030.0,9585.0,9772.63,3233.19660154,NO_PATTERN,NO_PATTERN
2020-02-24 06:00:00,9769.5,9850.26,9636.49,9820.01,1747.2927433,NO_PATTERN,NO_PATTERN
2020-02-24 12:00:00,9820.01,9847.63,9577.0,9600.17,3204.58687307,NO_PATTERN,NO_PATTERN
2020-02-24 18:00:00,9600.12,9680.37,9474.74,9660.0,3063.38389994,NO_PATTERN,NO_PATTERN
2020-02-25 00:00:00,9660.0,9669.99,9532.51,9554.77,1202.69346535,NO_PATTERN,NO_PATTERN
2020-02-25 06:00:00,9554.77,9654.99,9489.72,9630.77,1172.36104179,NO_PATTERN,NO_PATTERN
2020-02-25 12:00:00,9630.7,9681.56,9265.0,9325.01,4224.28938763,NO_PATTERN,NO_PATTERN
2020-02-25 18:00:00,9325.01,9425.0,9230.0,9305.0,2605.3421758,DOJI,Neutral
2020-02-26 00:00:00,9304.99,9375.36,9092.92,9188.85,4702.01983268,NO_PATTERN,NO_PATTERN
2020-02-26 06:00:00,9188.84,9214.16,9081.0,9142.79,1307.37840371,NO_PATTERN,NO_PATTERN
2020-02-26 12:00:00,9142.8,9280.0,8602.0,8716.6,11254.76764273,NO_PATTERN,NO_PATTERN
2020-02-26 18:00:00,8717.51,8855.82,8705.53,8778.3,4309.71866978,HARAMI,Bullish
2020-02-27 00:00:00,8778.3,8780.0,8520.0,8760.58,5077.77374339,HAMMER,Neutral
2020-02-27 06:00:00,8760.58,8850.0,8738.94,8803.12,1783.7685766499999,NO_PATTERN,NO_PATTERN
2020-02-27 12:00:00,8803.12,8972.92,8742.39,8918.4,4446.01619852,NO_PATTERN,NO_PATTERN
2020-02-27 18:00:00,8918.4,8941.63,8667.69,8812.49,3443.52090877,NO_PATTERN,NO_PATTERN
2020-02-28 00:00:00,8814.9,8899.94,8779.06,8786.54,1814.26934652,NO_PATTERN,NO_PATTERN
2020-02-28 06:00:00,8786.53,8806.13,8540.0,8573.69,2931.12329219,NO_PATTERN,NO_PATTERN
2020-02-28 12:00:00,8573.69,8728.99,8428.8,8569.62,5768.4875528,DOJI,Neutral
2020-02-28 18:00:00,8569.61,8813.12,8510.83,8708.89,3101.72835099,ENGULFING,Bullish
2020-02-29 00:00:00,8708.61,8780.97,8676.59,8779.68,980.52612905,NO_PATTERN,NO_PATTERN
2020-02-29 06:00:00,8779.67,8799.0,8618.21,8708.54,861.112727,HAMMER,Neutral
2020-02-29 12:00:00,8708.53,8708.54,8580.96,8665.0,1576.33721943,NO_PATTERN,NO_PATTERN
2020-02-29 18:00:00,8663.64,8683.95,8520.67,8525.07,1704.88578909,NO_PATTERN,NO_PATTERN
2020-03-01 00:00:00,8523.33,8671.56,8508.96,8588.26,1925.92135598,NO_PATTERN,NO_PATTERN
2020-03-01 06:00:00,8588.25,8650.0,8512.07,8647.93,970.45183019,NO_PATTERN,NO_PATTERN
2020-03-01 12:00:00,8647.94,8752.34,8450.0,8492.93,2379.7328186600002,ENGULFING,Bearish
2020-03-01 18:00:00,8494.36,8581.25,8400.0,8522.31,2057.32293287,HARAMI,Bullish
2020-03-02 00:00:00,8522.3,8656.23,8487.33,8655.51,2327.75148779,NO_PATTERN,NO_PATTERN
2020-03-02 06:00:00,8655.5,8776.57,8591.22,8756.65,1759.15091179,NO_PATTERN,NO_PATTERN
2020-03-02 12:00:00,8756.65,8918.07,8715.89,8872.0,3492.43812868,NO_PATTERN,NO_PATTERN
2020-03-02 18:00:00,8872.0,8973.45,8832.0,8915.0,2612.03015359,NO_PATTERN,NO_PATTERN
2020-03-03 00:00:00,8919.21,8927.45,8815.0,8856.17,1809.41845321,ENGULFING,Bearish
2020-03-03 06:00:00,8856.17,8883.54,8737.8,8878.5,1316.15237892,NO_PATTERN,NO_PATTERN
2020-03-03 12:00:00,8878.5,8924.69,8635.31,8720.51,3937.89206866,NO_PATTERN,NO_PATTERN
2020-03-03 18:00:00,8720.51,8796.55,8670.91,8757.84,2080.40378139,NO_PATTERN,NO_PATTERN
2020-03-04 00:00:00,8757.83,8847.0,8727.24,8841.71,1475.37989638,NO_PATTERN,NO_PATTERN
2020-03-04 06:00:00,8841.7,8847.0,8700.17,8721.34,853.02747736,NO_PATTERN,NO_PATTERN
2020-03-04 12:00:00,8721.34,8789.38,8670.57,8730.93,1875.86998928,DOJI,Neutral
2020-03-04 18:00:00,8730.93,8770.0,8695.0,8760.66,1473.93516818,NO_PATTERN,NO_PATTERN
2020-03-05 00:00:00,8759.99,8958.11,8759.99,8937.43,2760.84382425,NO_PATTERN,NO_PATTERN
2020-03-05 06:00:00,8937.42,9125.67,8894.64,9110.0,2076.51755636,NO_PATTERN,NO_PATTERN
2020-03-05 12:00:00,9109.99,9148.51,9035.02,9111.25,2790.71538018,DOJI,Neutral
2020-03-05 18:00:00,9110.82,9174.24,9044.82,9070.17,2393.32441778,NO_PATTERN,NO_PATTERN
2020-03-06 00:00:00,9070.18,9128.87,9000.01,9123.73,1786.30314796,HAMMER,Neutral
2020-03-06 06:00:00,9123.72,9182.08,9087.28,9145.1,1185.61417654,NO_PATTERN,NO_PATTERN
2020-03-06 12:00:00,9145.1,9145.1,9022.0,9090.49,1956.8142305,HAMMER,Neutral
2020-03-06 18:00:00,9090.49,9158.72,9079.9,9158.51,1486.08257466,NO_PATTERN,NO_PATTERN
2020-03-07 00:00:00,9158.51,9170.05,9082.66,9100.09,955.65130456,NO_PATTERN,NO_PATTERN
2020-03-07 06:00:00,9100.1,9140.0,9066.72,9115.26,512.98752044,NO_PATTERN,NO_PATTERN
2020-03-07 12:00:00,9115.26,9214.67,8910.0,8937.33,2833.910561,NO_PATTERN,NO_PATTERN
2020-03-07 18:00:00,8937.33,8937.33,8850.47,8901.37,2167.70769988,HAMMER,Neutral
2020-03-08 00:00:00,8901.36,8901.37,8717.0,8734.69,2412.31137418,NO_PATTERN,NO_PATTERN
2020-03-08 06:00:00,8734.68,8760.76,8690.0,8753.7,674.0376361900001,HAMMER,Neutral
2020-03-08 12:00:00,8753.74,8755.19,8159.6,8322.72,9025.28102599,ENGULFING,Bearish
2020-03-08 18:00:00,8322.41,8328.64,8002.2,8037.76,4475.86974734,NO_PATTERN,NO_PATTERN
2020-03-09 00:00:00,8037.73,8187.03,7689.99,7937.13,7751.74875625,NO_PATTERN,NO_PATTERN
2020-03-09 06:00:00,7937.84,8011.51,7768.83,7814.97,2780.51588816,NO_PATTERN,NO_PATTERN
2020-03-09 12:00:00,7813.78,7925.6,7630.0,7727.26,10988.51491137,NO_PATTERN,NO_PATTERN
2020-03-09 18:00:00,7727.39,7945.5,7720.13,7934.52,3869.9910821,NO_PATTERN,NO_PATTERN
2020-03-10 00:00:00,7934.56,7968.25,7842.29,7935.86,3280.5512869,DOJI,Neutral
2020-03-10 06:00:00,7935.85,8118.83,7869.52,8070.91,2211.5667542,NO_PATTERN,NO_PATTERN
2020-03-10 12:00:00,8070.92,8158.25,7733.56,7871.0,7178.48686014,ENGULFING,Bearish
2020-03-10 18:00:00,7870.99,8040.64,7805.01,7894.68,4484.24330487,DOJI,Neutral
2020-03-11 00:00:00,7894.68,7967.48,7830.58,7855.0,1571.6435876,NO_PATTERN,NO_PATTERN
2020-03-11 06:00:00,7854.99,7926.77,7765.29,7831.84,1906.10995574,DOJI,Neutral
2020-03-11 12:00:00,7831.83,7902.17,7650.0,7670.87,4632.40659805,NO_PATTERN,NO_PATTERN
2020-03-11 18:00:00,7670.72,7987.97,7583.27,7938.05,5491.54804047,3LINESTRIKE,Bear
2020-03-12 00:00:00,7938.05,7969.45,7538.0,7639.24,6773.79805827,NO_PATTERN,NO_PATTERN
2020-03-12 06:00:00,7639.24,7642.08,5578.0,6080.0,28966.42884621,NO_PATTERN,NO_PATTERN
2020-03-12 12:00:00,6080.0,6345.0,5710.0,6110.62,37994.81331451,DOJI,Neutral
2020-03-12 18:00:00,6110.62,6164.71,4644.0,4857.1,40000.16223752,NO_PATTERN,NO_PATTERN
2020-03-13 00:00:00,4857.1,5858.0,3858.0,4968.99,60018.98741119,NO_PATTERN,NO_PATTERN
2020-03-13 06:00:00,4958.82,5858.0,4858.0,5448.32,16437.03135018,NO_PATTERN,NO_PATTERN
2020-03-13 12:00:00,5447.97,5995.0,4924.97,5215.86,28987.28597649,HARAMI,Bearish
2020-03-13 18:00:00,5215.77,5790.0,4860.0,5637.6,24518.36675044,ENGULFING,Bullish
2020-03-14 00:00:00,5630.93,5669.0,5360.55,5464.04,8997.12010465,NO_PATTERN,NO_PATTERN
2020-03-14 06:00:00,5462.91,5553.4,5214.47,5501.04,4455.01592797,HAMMER,Neutral
2020-03-14 12:00:00,5495.33,5495.33,5262.38,5411.3,7161.24391144,HAMMER,Neutral
2020-03-14 18:00:00,5411.3,5514.45,5050.0,5165.25,12093.71744315,NO_PATTERN,NO_PATTERN
2020-03-15 00:00:00,5161.16,5270.0,5085.91,5238.96,8618.41104807,DOJI,Neutral
2020-03-15 06:00:00,5239.45,5479.0,5207.84,5431.48,2996.05882284,NO_PATTERN,NO_PATTERN
2020-03-15 12:00:00,5431.48,5582.62,5220.87,5288.87,7903.93943292,NO_PATTERN,NO_PATTERN
2020-03-15 18:00:00,5288.86,5985.0,5163.16,5345.35,24232.65220779,NO_PATTERN,NO_PATTERN
2020-03-16 00:00:00,5346.86,5350.3,5125.0,5147.68,8577.01087668,ENGULFING,Bearish
2020-03-16 06:00:00,5147.67,5147.67,4432.3,4572.65,21965.82967166,NO_PATTERN,NO_PATTERN
2020-03-16 12:00:00,4570.08,5214.2,4502.78,5085.01,32069.73270504,NO_PATTERN,NO_PATTERN
2020-03-16 18:00:00,5085.0,5162.33,4830.0,5037.61,17151.31516179,HARAMI,Bearish
2020-03-17 00:00:00,5039.95,5432.0,4935.6,5296.77,12823.17149676,NO_PATTERN,NO_PATTERN
2020-03-17 06:00:00,5294.53,5466.75,5188.9,5286.74,6473.37086593,HARAMI,Bear
2020-03-17 12:00:00,5285.32,5513.5,5071.0,5379.13,14784.28589262,ENGULFING,Bullish
2020-03-17 18:00:00,5380.21,5569.44,5322.23,5331.71,10074.11606249,NO_PATTERN,NO_PATTERN
2020-03-18 00:00:00,5331.71,5452.82,5271.87,5286.02,7137.57047607,GRAVESTONEDOJI,Neutral
2020-03-18 06:00:00,5286.21,5307.68,5021.81,5160.99,7425.72340883,HAMMER,Neutral
2020-03-18 12:00:00,5161.0,5420.69,5001.0,5241.34,15814.0804485,NO_PATTERN,NO_PATTERN
2020-03-18 18:00:00,5241.33,5440.0,5230.31,5413.64,7035.31394703,NO_PATTERN,NO_PATTERN
2020-03-19 00:00:00,5413.88,5474.99,5261.69,5389.91,6297.04071717,DOJI,Neutral
2020-03-19 06:00:00,5389.72,5686.94,5368.19,5652.79,6373.45868739,ENGULFING,Bullish
2020-03-19 12:00:00,5654.92,6395.0,5639.0,6367.43,27792.64248128,NO_PATTERN,NO_PATTERN
2020-03-19 18:00:00,6359.01,6441.37,6111.0,6186.26,14043.139462430001,NO_PATTERN,NO_PATTERN
2020-03-20 00:00:00,6183.82,6299.48,6055.23,6224.41,6166.67878584,NO_PATTERN,NO_PATTERN
2020-03-20 06:00:00,6222.03,6990.0,6177.79,6684.91,11328.8056173,NO_PATTERN,NO_PATTERN
2020-03-20 12:00:00,6684.9,6734.04,6331.03,6422.36,16314.37485275,NO_PATTERN,NO_PATTERN
2020-03-20 18:00:00,6424.73,6434.08,5657.0,6206.1,19172.20737131,HAMMER,Neutral
2020-03-21 00:00:00,6210.47,6384.6,6052.0,6116.97,6032.95500278,NO_PATTERN,NO_PATTERN
2020-03-21 06:00:00,6116.96,6241.63,5851.0,6117.62,5464.03150104,DOJI,Neutral
2020-03-21 12:00:00,6119.69,6274.32,6056.67,6088.42,4052.22163352,GRAVESTONEDOJI,Neutral
2020-03-21 18:00:00,6088.41,6470.0,6070.0,6198.78,7778.92452391,ENGULFING,Bullish
2020-03-22 00:00:00,6198.64,6398.0,6121.46,6369.48,3489.02064926,NO_PATTERN,NO_PATTERN
2020-03-22 06:00:00,6369.48,6420.0,6142.23,6162.13,2960.04942689,NO_PATTERN,NO_PATTERN
2020-03-22 12:00:00,6164.99,6165.0,5920.0,6026.26,9098.01100472,NO_PATTERN,NO_PATTERN
2020-03-22 18:00:00,6028.3,6145.72,5738.0,5818.25,12463.59451126,NO_PATTERN,NO_PATTERN
2020-03-23 00:00:00,5815.24,5998.6,5678.2,5884.96,6756.24879024,NO_PATTERN,NO_PATTERN
2020-03-23 06:00:00,5882.97,5948.8,5751.19,5863.46,4785.79503396,DOJI,Neutral
2020-03-23 12:00:00,5864.32,6641.03,5864.3,6297.95,20496.00905892,NO_PATTERN,NO_PATTERN
2020-03-23 18:00:00,6297.92,6533.6,6236.93,6490.63,10318.939505,NO_PATTERN,NO_PATTERN
2020-03-24 00:00:00,6493.58,6710.0,6403.16,6503.22,12299.71965524,DOJI,Neutral
2020-03-24 06:00:00,6507.92,6866.1,6480.84,6762.92,7656.055365,NO_PATTERN,NO_PATTERN
2020-03-24 12:00:00,6764.83,6795.0,6500.0,6680.01,12448.94308239,NO_PATTERN,NO_PATTERN
2020-03-24 18:00:00,6680.0,6819.62,6581.9,6766.64,8151.98886924,ENGULFING,Bullish
2020-03-25 00:00:00,6766.0,6766.0,6534.08,6724.06,6949.75358522,NO_PATTERN,NO_PATTERN
2020-03-25 06:00:00,6724.73,6983.31,6470.0,6540.0,9064.95420025,NO_PATTERN,NO_PATTERN
2020-03-25 12:00:00,6539.56,6836.79,6525.0,6661.31,8920.40269841,NO_PATTERN,NO_PATTERN
2020-03-25 18:00:00,6659.27,6715.76,6564.27,6690.96,6190.69241377,DRAGONFLYDOJI,Neutral
2020-03-26 00:00:00,6691.71,6795.0,6631.73,6642.84,4442.18351896,ENGULFING,Bearish
2020-03-26 06:00:00,6642.84,6695.0,6575.0,6619.49,2585.62761156,DOJI,Neutral
2020-03-26 12:00:00,6620.0,6708.0,6520.13,6650.74,5501.4018477,NO_PATTERN,NO_PATTERN
2020-03-26 18:00:00,6650.86,6782.76,6645.89,6758.18,4877.23429987,NO_PATTERN,NO_PATTERN
2020-03-27 00:00:00,6760.0,6880.0,6630.0,6670.85,5968.55797366,NO_PATTERN,NO_PATTERN
2020-03-27 06:00:00,6670.84,6750.0,6609.62,6632.21,3347.64859444,INVERTEDHAMMER,Neutral
2020-03-27 12:00:00,6632.21,6680.94,6585.0,6642.81,5359.32992046,DOJI,Neutral
2020-03-27 18:00:00,6642.78,6710.45,6260.0,6372.36,5751.73267643,NO_PATTERN,NO_PATTERN
2020-03-28 00:00:00,6372.36,6372.36,6070.0,6169.01,9295.51265717,NO_PATTERN,NO_PATTERN
2020-03-28 06:00:00,6169.02,6330.0,6130.0,6243.0,2464.91792809,HARAMI,Bullish
2020-03-28 12:00:00,6243.0,6284.0,6030.0,6040.57,3927.02236592,NO_PATTERN,NO_PATTERN
2020-03-28 18:00:00,6031.74,6310.0,6031.74,6251.82,4428.02417649,ENGULFING,Bullish
2020-03-29 00:00:00,6251.45,6279.96,6153.97,6155.01,2076.52641981,HARAMI,Bearish
2020-03-29 06:00:00,6155.0,6218.96,6085.43,6138.01,3529.44010121,DOJI,Neutral
2020-03-29 12:00:00,6138.0,6164.56,6051.8,6107.53,3308.8513288,NO_PATTERN,NO_PATTERN
2020-03-29 18:00:00,6107.54,6107.54,5870.46,5877.21,7152.90139148,NO_PATTERN,NO_PATTERN
2020-03-30 00:00:00,5878.98,6257.41,5853.0,6213.16,5369.50297116,NO_PATTERN,NO_PATTERN
2020-03-30 06:00:00,6213.61,6428.81,6181.25,6377.07,4804.48075464,NO_PATTERN,NO_PATTERN
2020-03-30 12:00:00,6376.57,6461.85,6284.67,6362.25,5727.96340291,DOJI,Neutral
2020-03-30 18:00:00,6361.61,6631.23,6340.0,6406.4,7734.16038968,ENGULFING,Bullish
2020-03-31 00:00:00,6401.33,6524.79,6382.4,6422.01,3651.54436695,GRAVESTONEDOJI,Neutral
2020-03-31 06:00:00,6421.6,6512.0,6357.36,6400.93,1759.17948474,DOJI,Neutral
2020-03-31 12:00:00,6400.93,6520.34,6333.91,6466.74,3842.25717309,NO_PATTERN,NO_PATTERN
2020-03-31 18:00:00,6466.74,6511.95,6407.7,6424.35,2633.82098476,NO_PATTERN,NO_PATTERN
2020-04-01 00:00:00,6424.02,6437.57,6260.0,6311.33,4447.1649448,NO_PATTERN,NO_PATTERN
2020-04-01 06:00:00,6311.32,6347.74,6270.0,6301.36,2307.12077495,DOJI,Neutral
2020-04-01 12:00:00,6301.26,6345.19,6160.0,6207.21,4445.8265091,NO_PATTERN,NO_PATTERN
2020-04-01 18:00:00,6207.18,6744.99,6169.11,6666.11,6676.7597442,3LINESTRIKE,Bear
2020-04-02 00:00:00,6666.11,6767.0,6570.92,6618.73,4496.65998656,NO_PATTERN,NO_PATTERN
2020-04-02 06:00:00,6618.73,6720.0,6603.93,6695.0,2478.92462508,NO_PATTERN,NO_PATTERN
2020-04-02 12:00:00,6700.0,7292.11,6585.0,7091.69,13186.08942041,NO_PATTERN,NO_PATTERN
2020-04-02 18:00:00,7091.68,7097.96,6650.0,6804.52,8480.00926102,NO_PATTERN,NO_PATTERN
2020-04-03 00:00:00,6804.24,6833.7,6730.93,6784.97,1626.46659841,DOJI,Neutral
2020-04-03 06:00:00,6784.96,7050.0,6770.24,7015.0,3425.1056983099998,MORNINGSTAR,Neutral
2020-04-03 12:00:00,7015.0,7015.0,6606.06,6725.38,6783.08993034,NO_PATTERN,NO_PATTERN
2020-04-03 18:00:00,6725.38,6832.59,6683.51,6741.99,3078.8178996,DOJI,Neutral
2020-04-04 00:00:00,6741.99,6809.86,6672.01,6737.59,1672.49963371,DOJI,Neutral
2020-04-04 06:00:00,6737.52,6915.17,6658.16,6705.0,2476.47975946,NO_PATTERN,NO_PATTERN
2020-04-04 12:00:00,6705.33,6820.46,6675.67,6789.59,1795.11484944,NO_PATTERN,NO_PATTERN
2020-04-04 18:00:00,6789.7,7025.53,6730.01,6874.77,4255.66438597,NO_PATTERN,NO_PATTERN
2020-04-05 00:00:00,6874.77,6925.0,6751.99,6793.15,2407.5899467,NO_PATTERN,NO_PATTERN
2020-04-05 06:00:00,6788.03,6833.98,6745.46,6783.32,1510.06995743,DOJI,Neutral
2020-04-05 12:00:00,6783.31,6842.01,6681.0,6810.01,2859.92640635,ENGULFING,Bullish
2020-04-05 18:00:00,6807.04,6826.39,6729.45,6778.25,2175.30451336,NO_PATTERN,NO_PATTERN
2020-04-06 00:00:00,6778.64,7018.0,6773.28,7010.0,6302.05932999,NO_PATTERN,NO_PATTERN
2020-04-06 06:00:00,7010.0,7167.16,6976.43,7111.46,5986.58744934,NO_PATTERN,NO_PATTERN
2020-04-06 12:00:00,7111.47,7239.31,7051.01,7224.58,7434.22986267,NO_PATTERN,NO_PATTERN
2020-04-06 18:00:00,7224.58,7373.37,7190.0,7341.56,8156.68927285,NO_PATTERN,NO_PATTERN
2020-04-07 00:00:00,7341.55,7461.0,7230.0,7286.57,8226.83837639,HARAMI,Bearish
2020-04-07 06:00:00,7286.56,7451.02,7267.28,7392.13,2772.4751789,ENGULFING,Bullish
2020-04-07 12:00:00,7391.22,7466.0,7271.0,7360.72,4552.42944901,HARAMI,Bearish
2020-04-07 18:00:00,7360.72,7365.02,7073.0,7200.01,7098.27191188,NO_PATTERN,NO_PATTERN
2020-04-08 00:00:00,7200.01,7423.84,7154.22,7418.42,4572.53215468,NO_PATTERN,NO_PATTERN
2020-04-08 06:00:00,7419.92,7430.0,7221.02,7298.7,2890.81505677,NO_PATTERN,NO_PATTERN
2020-04-08 12:00:00,7298.4,7372.82,7196.45,7319.27,4398.18754922,DOJI,Neutral
2020-04-08 18:00:00,7319.26,7397.5,7265.0,7370.11,3536.12105078,NO_PATTERN,NO_PATTERN
2020-04-09 00:00:00,7370.38,7377.0,7241.91,7316.22,2486.6794258,ENGULFING,Bearish
2020-04-09 06:00:00,7316.21,7363.99,7137.45,7184.31,2064.55836175,NO_PATTERN,NO_PATTERN
2020-04-09 12:00:00,7189.09,7365.0,7110.0,7302.59,4644.67902718,NO_PATTERN,NO_PATTERN
2020-04-09 18:00:00,7302.6,7323.55,7240.0,7293.24,3145.72154638,DOJI,Neutral
2020-04-10 00:00:00,7293.23,7305.91,6917.68,6958.94,5475.68382791,NO_PATTERN,NO_PATTERN
2020-04-10 06:00:00,6955.6,7006.1,6852.92,6902.19,4192.8368205,NO_PATTERN,NO_PATTERN
2020-04-10 12:00:00,6902.19,6937.55,6750.0,6878.06,6421.30028713,NO_PATTERN,NO_PATTERN
2020-04-10 18:00:00,6878.06,6962.16,6832.18,6871.91,3484.5622457,DOJI,Neutral
2020-04-11 00:00:00,6871.83,6955.0,6850.87,6938.79,1803.4816166,ENGULFING,Bullish
2020-04-11 06:00:00,6938.31,6947.02,6842.0,6890.85,1543.51369446,NO_PATTERN,NO_PATTERN
2020-04-11 12:00:00,6890.85,6899.25,6794.0,6797.69,2309.88622176,NO_PATTERN,NO_PATTERN
2020-04-11 18:00:00,6797.69,6895.12,6775.0,6889.65,2367.26044628,NO_PATTERN,NO_PATTERN
2020-04-12 00:00:00,6889.78,6913.83,6787.44,6843.77,2106.96018883,NO_PATTERN,NO_PATTERN
2020-04-12 06:00:00,6843.77,6888.0,6815.3,6862.19,826.68873061,NO_PATTERN,NO_PATTERN
2020-04-12 12:00:00,6860.65,7200.0,6860.65,7123.91,5540.49244316,NO_PATTERN,NO_PATTERN
2020-04-12 18:00:00,7123.55,7174.0,6882.31,6908.13,4186.44157837,NO_PATTERN,NO_PATTERN
2020-04-13 00:00:00,6908.12,6908.13,6555.0,6704.57,8472.61454764,NO_PATTERN,NO_PATTERN
2020-04-13 06:00:00,6703.54,6849.98,6671.56,6790.83,2784.1452882,NO_PATTERN,NO_PATTERN
2020-04-13 12:00:00,6789.84,6819.99,6613.53,6765.02,6314.0572255199995,NO_PATTERN,NO_PATTERN
2020-04-13 18:00:00,6765.01,6906.51,6760.28,6861.21,4678.89433814,ENGULFING,Bullish
2020-04-14 00:00:00,6860.51,6933.48,6821.7,6897.38,2761.31163984,NO_PATTERN,NO_PATTERN
2020-04-14 06:00:00,6897.38,6909.34,6771.41,6845.59,2740.67411895,HAMMER,Neutral
2020-04-14 12:00:00,6845.28,6997.38,6815.76,6931.45,4568.81504284,ENGULFING,Bullish
2020-04-14 18:00:00,6930.19,6950.0,6845.65,6877.37,2752.71369105,NO_PATTERN,NO_PATTERN
2020-04-15 00:00:00,6876.92,6940.0,6809.0,6919.67,2159.77877937,HAMMER,Neutral
2020-04-15 06:00:00,6919.67,6931.68,6754.58,6781.65,3480.0945679,NO_PATTERN,NO_PATTERN
2020-04-15 12:00:00,6781.66,6781.66,6688.0,6756.62,4595.15804645,HAMMER,Neutral
2020-04-15 18:00:00,6756.62,6778.34,6605.89,6624.12,4479.88433987,NO_PATTERN,NO_PATTERN
2020-04-16 00:00:00,6623.62,6684.39,6456.0,6644.12,5678.40463385,NO_PATTERN,NO_PATTERN
2020-04-16 06:00:00,6644.12,7153.0,6644.11,7030.44,8518.05519998,NO_PATTERN,NO_PATTERN
2020-04-16 12:00:00,7031.38,7096.56,6942.91,7012.9,5827.9545126,NO_PATTERN,NO_PATTERN
2020-04-16 18:00:00,7012.9,7217.27,6980.17,7112.64,8036.91915089,NO_PATTERN,NO_PATTERN
2020-04-17 00:00:00,7114.76,7155.16,7017.56,7076.11,3225.09180545,NO_PATTERN,NO_PATTERN
2020-04-17 06:00:00,7076.11,7134.0,7031.38,7082.41,3194.44416062,DOJI,Neutral
2020-04-17 12:00:00,7082.41,7114.16,7000.0,7051.17,4315.34410605,NO_PATTERN,NO_PATTERN
2020-04-17 18:00:00,7051.15,7156.66,7021.0,7037.46,2758.40063487,INVERTEDHAMMER,Neutral
2020-04-18 00:00:00,7036.45,7130.0,7021.0,7111.58,1513.98050595,ENGULFING,Bullish
2020-04-18 06:00:00,7111.58,7130.0,7061.19,7114.3,1069.07021535,DRAGONFLYDOJI,Neutral
2020-04-18 12:00:00,7112.82,7283.99,7086.03,7199.36,5541.33594396,NO_PATTERN,NO_PATTERN
2020-04-18 18:00:00,7200.27,7308.0,7185.21,7261.76,3334.83213956,NO_PATTERN,NO_PATTERN
2020-04-19 00:00:00,7262.04,7275.0,7102.52,7127.85,2430.5855232,EVENINGSTAR,Neutral
2020-04-19 06:00:00,7127.13,7194.17,7107.65,7170.72,1141.03719337,NO_PATTERN,NO_PATTERN
2020-04-19 12:00:00,7171.83,7183.39,7063.02,7170.0,2690.8810934,DRAGONFLYDOJI,Neutral
2020-04-19 18:00:00,7169.99,7212.07,7119.02,7130.71,2608.6298668599998,INVERTEDHAMMER,Neutral
2020-04-20 00:00:00,7130.7,7227.11,7096.69,7181.24,1837.95528129,ENGULFING,Bullish
2020-04-20 06:00:00,7183.33,7201.95,6961.28,6972.12,3473.75986388,ENGULFING,Bearish
2020-04-20 12:00:00,6970.18,7108.22,6846.78,6881.95,6105.54789082,NO_PATTERN,NO_PATTERN
2020-04-20 18:00:00,6881.94,7000.0,6748.72,6838.19,6946.01417684,NO_PATTERN,NO_PATTERN
2020-04-21 00:00:00,6837.22,6925.0,6823.92,6898.25,2613.0058208,ENGULFING,Bullish
2020-04-21 06:00:00,6898.25,6913.0,6776.0,6803.88,2893.07999558,NO_PATTERN,NO_PATTERN
2020-04-21 12:00:00,6803.89,6959.0,6792.44,6905.12,6208.96034755,NO_PATTERN,NO_PATTERN
2020-04-21 18:00:00,6907.86,6919.28,6845.0,6853.68,2677.31259814,NO_PATTERN,NO_PATTERN
2020-04-22 00:00:00,6853.67,6927.0,6826.0,6913.95,2231.86112077,ENGULFING,Bullish
2020-04-22 06:00:00,6913.94,6985.32,6892.85,6965.78,1637.95206614,NO_PATTERN,NO_PATTERN
2020-04-22 12:00:00,6965.79,7167.37,6940.25,7091.39,6756.59708457,NO_PATTERN,NO_PATTERN
2020-04-22 18:00:00,7091.38,7139.99,7089.38,7136.84,2492.93675046,NO_PATTERN,NO_PATTERN
2020-04-23 00:00:00,7136.81,7191.99,7103.63,7109.64,2244.97563352,NO_PATTERN,NO_PATTERN
2020-04-23 06:00:00,7108.67,7155.0,7031.14,7140.31,1843.81685545,ENGULFING,Bullish
2020-04-23 12:00:00,7140.31,7775.0,7120.01,7560.23,14492.07077761,NO_PATTERN,NO_PATTERN
2020-04-23 18:00:00,7560.22,7621.82,7439.36,7488.83,4132.76667856,HARAMI,Bearish
2020-04-24 00:00:00,7491.5,7560.0,7469.0,7496.95,2227.78344211,DOJI,Neutral
2020-04-24 06:00:00,7497.98,7612.24,7477.53,7492.73,3935.29519225,GRAVESTONEDOJI,Neutral
2020-04-24 12:00:00,7492.73,7531.04,7390.0,7517.85,4732.85746362,HAMMER,Neutral
2020-04-24 18:00:00,7516.53,7562.9,7483.72,7514.64,2843.62727768,DOJI,Neutral
2020-04-25 00:00:00,7514.99,7569.0,7437.94,7569.0,1493.63699134,HAMMER,Neutral
2020-04-25 06:00:00,7568.99,7612.5,7518.63,7539.22,1327.85465885,NO_PATTERN,NO_PATTERN
2020-04-25 12:00:00,7538.39,7720.0,7489.44,7549.88,3209.55644057,DOJI,Neutral
2020-04-25 18:00:00,7548.69,7565.55,7511.0,7547.61,1405.53257003,DRAGONFLYDOJI,Neutral
2020-04-26 00:00:00,7547.61,7592.5,7531.93,7543.12,1465.24918668,GRAVESTONEDOJI,Neutral
2020-04-26 06:00:00,7543.12,7688.88,7535.0,7670.54,1699.10376159,NO_PATTERN,NO_PATTERN
2020-04-26 12:00:00,7670.41,7715.0,7490.0,7592.38,3659.3969390800003,NO_PATTERN,NO_PATTERN
2020-04-26 18:00:00,7591.4,7709.15,7580.01,7706.4,2430.17438825,ENGULFING,Bullish
2020-04-27 00:00:00,7706.4,7810.99,7659.0,7707.82,5058.9795551,DOJI,Neutral
2020-04-27 06:00:00,7707.81,7749.99,7639.02,7724.68,2143.17948872,NO_PATTERN,NO_PATTERN
2020-04-27 12:00:00,7724.68,7737.75,7635.69,7670.05,5102.55027369,NO_PATTERN,NO_PATTERN
2020-04-27 18:00:00,7669.03,7794.71,7667.68,7789.77,3125.0187709799998,ENGULFING,Bullish
2020-04-28 00:00:00,7789.77,7794.74,7672.0,7706.59,3398.13052936,NO_PATTERN,NO_PATTERN
2020-04-28 06:00:00,7706.59,7765.54,7683.61,7742.32,1380.9735854,NO_PATTERN,NO_PATTERN
2020-04-28 12:00:00,7742.32,7775.0,7672.51,7741.03,3566.88924534,DOJI,Neutral
2020-04-28 18:00:00,7741.02,7777.44,7714.44,7755.01,2550.15524346,ENGULFING,Bullish
2020-04-29 00:00:00,7757.18,7885.0,7720.0,7872.66,4768.55342577,NO_PATTERN,NO_PATTERN
2020-04-29 06:00:00,7872.65,8193.53,7855.43,8144.41,8005.15798943,NO_PATTERN,NO_PATTERN
2020-04-29 12:00:00,8144.4,8988.0,8144.4,8725.1,24232.8274518,NO_PATTERN,NO_PATTERN
2020-04-29 18:00:00,8727.37,8950.0,8570.0,8793.75,11594.17382684,NO_PATTERN,NO_PATTERN
2020-04-30 00:00:00,8794.99,9418.0,8715.0,9380.0,13536.30093422,NO_PATTERN,NO_PATTERN
2020-04-30 06:00:00,9376.73,9478.66,8541.63,8846.29,12587.26945115,NO_PATTERN,NO_PATTERN
2020-04-30 12:00:00,8846.63,8923.12,8407.0,8560.0,10084.2563567,NO_PATTERN,NO_PATTERN
2020-04-30 18:00:00,8560.01,8894.0,8552.8,8624.28,8553.48099762,HARAMI,Bullish
2020-05-01 00:00:00,8624.68,8836.9,8622.72,8818.27,4273.79466873,NO_PATTERN,NO_PATTERN
2020-05-01 06:00:00,8817.01,9075.98,8712.57,9014.55,4952.76755753,NO_PATTERN,NO_PATTERN
2020-05-01 12:00:00,9011.2,9038.63,8659.82,8760.16,7892.12316372,NO_PATTERN,NO_PATTERN
2020-05-01 18:00:00,8761.92,8900.0,8666.4,8829.42,4478.18260255,NO_PATTERN,NO_PATTERN
2020-05-02 00:00:00,8829.42,8865.4,8762.01,8825.74,2232.26436034,DRAGONFLYDOJI,Neutral
2020-05-02 06:00:00,8825.77,8898.0,8777.24,8850.0,1363.43781949,DOJI,Neutral
2020-05-02 12:00:00,8848.92,9025.0,8848.92,8979.99,4002.1608555000003,NO_PATTERN,NO_PATTERN
2020-05-02 18:00:00,8979.99,8996.0,8817.0,8985.58,2912.96922317,DRAGONFLYDOJI,Neutral
2020-05-03 00:00:00,8984.69,9203.52,8950.0,9099.99,5496.00707307,NO_PATTERN,NO_PATTERN
2020-05-03 06:00:00,9099.99,9144.17,8922.67,9047.92,3075.54641252,NO_PATTERN,NO_PATTERN
2020-05-03 12:00:00,9050.8,9073.57,8731.01,8823.27,5553.07108993,NO_PATTERN,NO_PATTERN
2020-05-03 18:00:00,8823.27,8967.63,8798.0,8909.95,2947.89168541,NO_PATTERN,NO_PATTERN
2020-05-04 00:00:00,8907.85,8950.0,8533.98,8615.02,6320.42769912,NO_PATTERN,NO_PATTERN
2020-05-04 06:00:00,8615.02,8729.99,8583.25,8690.01,2810.5394378299998,NO_PATTERN,NO_PATTERN
2020-05-04 12:00:00,8690.01,8898.88,8663.1,8814.47,5268.7112624,NO_PATTERN,NO_PATTERN
2020-05-04 18:00:00,8814.54,8970.0,8805.1,8883.53,3953.74983988,SHOOTINGSTAR,Neutral
2020-05-05 00:00:00,8887.81,9126.27,8822.05,9019.77,4489.630213,NO_PATTERN,NO_PATTERN
2020-05-05 06:00:00,9017.82,9091.65,8769.69,8857.05,4082.93388683,NO_PATTERN,NO_PATTERN
2020-05-05 12:00:00,8857.04,8961.1,8824.92,8880.72,4149.37095243,DOJI,Neutral
2020-05-05 18:00:00,8879.04,9050.92,8859.99,9028.79,3589.38976732,NO_PATTERN,NO_PATTERN
2020-05-06 00:00:00,9028.78,9075.0,8922.13,9014.74,2907.94172461,HARAMI,Bear
2020-05-06 06:00:00,9014.75,9377.62,9005.19,9334.9,5967.31809957,NO_PATTERN,NO_PATTERN
2020-05-06 12:00:00,9334.79,9399.0,9129.45,9285.05,9439.92288589,HARAMI,Bearish
2020-05-06 18:00:00,9284.59,9418.0,9061.63,9155.79,9227.62597805,NO_PATTERN,NO_PATTERN
2020-05-07 00:00:00,9155.79,9382.61,9028.89,9283.23,5315.55709208,NO_PATTERN,NO_PATTERN
2020-05-07 06:00:00,9282.17,9348.0,9248.46,9288.98,2196.1003199,DOJI,Neutral
2020-05-07 12:00:00,9290.0,9935.61,9269.76,9849.99,16899.93752196,NO_PATTERN,NO_PATTERN
2020-05-07 18:00:00,9849.99,10079.0,9750.0,10004.77,14840.8815811,NO_PATTERN,NO_PATTERN
2020-05-08 00:00:00,10000.37,10049.0,9822.01,9877.72,6717.87869801,HARAMI,Bearish
2020-05-08 06:00:00,9878.14,9973.21,9730.0,9917.15,4823.55854286,NO_PATTERN,NO_PATTERN
2020-05-08 12:00:00,9917.16,10026.0,9798.31,9985.65,7852.37919705,NO_PATTERN,NO_PATTERN
2020-05-08 18:00:00,9985.66,10020.08,9788.0,9810.0,6938.70555772,ENGULFING,Bearish
2020-05-09 00:00:00,9810.01,9920.73,9701.11,9835.01,4465.05414215,HARAMI,Bull
2020-05-09 06:00:00,9835.01,9839.43,9525.0,9637.08,4641.1337287,NO_PATTERN,NO_PATTERN
2020-05-09 12:00:00,9638.63,9800.0,9575.65,9781.82,4028.35427713,HARAMI,Bullish
2020-05-09 18:00:00,9782.58,9797.19,9521.0,9537.21,4771.15725241,ENGULFING,Bearish
2020-05-10 00:00:00,9537.21,9559.98,8106.7,8631.01,29638.21556032,NO_PATTERN,NO_PATTERN
2020-05-10 06:00:00,8631.01,8919.34,8568.75,8744.99,4632.20928255,NO_PATTERN,NO_PATTERN
2020-05-10 12:00:00,8743.93,8817.69,8253.74,8529.08,8911.76642046,NO_PATTERN,NO_PATTERN
2020-05-10 18:00:00,8527.96,8840.04,8432.14,8729.86,7142.16933058,NO_PATTERN,NO_PATTERN
2020-05-11 00:00:00,8729.86,8815.0,8620.0,8699.93,3970.58559312,DOJI,Neutral
2020-05-11 06:00:00,8698.03,8998.98,8482.26,8934.32,5161.78172696,ENGULFING,Bullish
2020-05-11 12:00:00,8936.19,9182.66,8377.0,8519.56,16368.7881083,ENGULFING,Bearish
2020-05-11 18:00:00,8514.61,8815.02,8185.0,8572.4,14403.18331694,NO_PATTERN,NO_PATTERN
2020-05-12 00:00:00,8572.4,8786.97,8534.85,8734.9,4691.56221566,NO_PATTERN,NO_PATTERN
2020-05-12 06:00:00,8734.03,8827.99,8617.05,8801.59,3273.68773501,NO_PATTERN,NO_PATTERN
2020-05-12 12:00:00,8803.79,8982.9,8663.85,8883.45,7542.47353219,NO_PATTERN,NO_PATTERN
2020-05-12 18:00:00,8883.46,8931.83,8736.16,8821.42,4674.66735966,NO_PATTERN,NO_PATTERN
2020-05-13 00:00:00,8821.41,8979.0,8803.97,8886.26,3353.90933968,ENGULFING,Bullish
2020-05-13 06:00:00,8886.25,9049.21,8834.71,9039.91,2092.02219335,NO_PATTERN,NO_PATTERN
2020-05-13 12:00:00,9040.86,9200.0,8999.01,9093.65,7259.06266371,NO_PATTERN,NO_PATTERN
2020-05-13 18:00:00,9093.95,9420.18,9084.0,9321.26,8600.96711502,NO_PATTERN,NO_PATTERN
2020-05-14 00:00:00,9320.85,9449.91,9257.15,9438.64,4612.4772775,NO_PATTERN,NO_PATTERN
2020-05-14 06:00:00,9441.28,9943.93,9410.14,9682.62,9319.56551922,NO_PATTERN,NO_PATTERN
2020-05-14 12:00:00,9687.67,9788.82,9537.26,9621.87,7454.2508079,NO_PATTERN,NO_PATTERN
2020-05-14 18:00:00,9621.87,9875.0,9583.47,9795.34,7338.75227026,NO_PATTERN,NO_PATTERN
2020-05-15 00:00:00,9795.34,9849.0,9226.08,9501.34,9441.26921689,NO_PATTERN,NO_PATTERN
2020-05-15 06:00:00,9501.93,9720.67,9466.88,9587.95,2845.23334511,HARAMI,Bullish
2020-05-15 12:00:00,9586.39,9616.95,9410.35,9472.35,4347.84837826,NO_PATTERN,NO_PATTERN
2020-05-15 18:00:00,9472.35,9530.0,9120.0,9312.1,8482.35501304,NO_PATTERN,NO_PATTERN
2020-05-16 00:00:00,9312.1,9594.99,9215.01,9457.67,3628.84947193,NO_PATTERN,NO_PATTERN
2020-05-16 06:00:00,9456.61,9500.0,9325.0,9409.5,1496.23901746,NO_PATTERN,NO_PATTERN
2020-05-16 12:00:00,9409.5,9535.4,9296.0,9318.04,3349.46550909,NO_PATTERN,NO_PATTERN
2020-05-16 18:00:00,9318.04,9440.0,9261.23,9383.16,2254.60596384,NO_PATTERN,NO_PATTERN
2020-05-17 00:00:00,9380.01,9576.74,9325.81,9492.44,2977.07958772,NO_PATTERN,NO_PATTERN
2020-05-17 06:00:00,9492.44,9560.0,9452.01,9524.09,955.03908532,NO_PATTERN,NO_PATTERN
2020-05-17 12:00:00,9523.78,9896.0,9522.68,9764.09,6727.04127233,NO_PATTERN,NO_PATTERN
2020-05-17 18:00:00,9764.09,9792.94,9600.0,9676.63,2855.36873674,NO_PATTERN,NO_PATTERN
2020-05-18 00:00:00,9677.45,9957.25,9675.13,9855.27,6428.63499952,NO_PATTERN,NO_PATTERN
2020-05-18 06:00:00,9855.01,9879.92,9436.97,9627.4,4795.76367335,NO_PATTERN,NO_PATTERN
2020-05-18 12:00:00,9627.4,9729.21,9544.08,9619.0,4022.69317289,DOJI,Neutral
2020-05-18 18:00:00,9618.99,9749.74,9607.65,9728.52,2368.22649604,ENGULFING,Bullish
2020-05-19 00:00:00,9728.52,9737.3,9463.22,9594.81,4369.49839226,NO_PATTERN,NO_PATTERN
2020-05-19 06:00:00,9594.81,9898.0,9540.67,9749.4,4039.51646849,NO_PATTERN,NO_PATTERN
2020-05-19 12:00:00,9745.02,9755.05,9551.0,9662.9,4341.92634799,HARAMI,Bearish
2020-05-19 18:00:00,9665.32,9796.19,9618.3,9783.76,2463.51103156,NO_PATTERN,NO_PATTERN
2020-05-20 00:00:00,9783.57,9809.25,9700.0,9745.21,2655.10098974,NO_PATTERN,NO_PATTERN
2020-05-20 06:00:00,9745.21,9836.99,9639.87,9720.0,2407.06290363,NO_PATTERN,NO_PATTERN
2020-05-20 12:00:00,9720.02,9796.97,9294.54,9536.5,8890.38659278,NO_PATTERN,NO_PATTERN
2020-05-20 18:00:00,9536.5,9597.0,9440.0,9509.41,2905.6291401,NO_PATTERN,NO_PATTERN
2020-05-21 00:00:00,9509.4,9568.0,9418.0,9490.0,2460.64274727,DOJI,Neutral
2020-05-21 06:00:00,9489.99,9520.94,9215.01,9374.02,3933.7059917,NO_PATTERN,NO_PATTERN
2020-05-21 12:00:00,9375.56,9381.44,8921.32,8991.11,12293.68488651,NO_PATTERN,NO_PATTERN
2020-05-21 18:00:00,8989.82,9156.3,8800.0,9061.96,9347.78753451,NO_PATTERN,NO_PATTERN
2020-05-22 00:00:00,9059.32,9125.42,8923.5,9036.46,4093.150474,DOJI,Neutral
2020-05-22 06:00:00,9039.99,9189.0,9024.84,9164.2,2693.28009594,NO_PATTERN,NO_PATTERN
2020-05-22 12:00:00,9165.6,9267.34,9075.29,9197.74,4413.06722988,NO_PATTERN,NO_PATTERN
2020-05-22 18:00:00,9199.46,9227.3,9129.4,9168.84,2480.45509646,NO_PATTERN,NO_PATTERN
2020-05-23 00:00:00,9168.84,9313.83,9168.83,9268.6,2277.09588049,NO_PATTERN,NO_PATTERN
2020-05-23 06:00:00,9268.59,9270.0,9097.29,9183.0,1772.30511059,HAMMER,Neutral
2020-05-23 12:00:00,9182.85,9220.0,9090.11,9182.99,1581.38068342,DOJI,Neutral
2020-05-23 18:00:00,9183.0,9250.0,9128.2,9181.76,1240.13547635,ENGULFING,Bear
2020-05-24 00:00:00,9181.09,9234.94,9123.98,9215.17,1172.31530038,ENGULFING,Bullish
2020-05-24 06:00:00,9215.17,9306.23,9090.0,9116.5,1737.51489513,NO_PATTERN,NO_PATTERN
2020-05-24 12:00:00,9116.37,9177.65,8850.5,8943.41,4747.44150707,NO_PATTERN,NO_PATTERN
2020-05-24 18:00:00,8946.19,9084.97,8680.7,8715.73,5322.03863021,NO_PATTERN,NO_PATTERN
2020-05-25 00:00:00,8715.69,8819.53,8632.93,8778.47,4286.77675075,NO_PATTERN,NO_PATTERN
2020-05-25 06:00:00,8780.96,8879.99,8674.21,8753.0,2683.59614569,NO_PATTERN,NO_PATTERN
2020-05-25 12:00:00,8752.39,8923.62,8718.26,8894.96,3176.90441652,ENGULFING,Bullish
2020-05-25 18:00:00,8894.96,8977.0,8860.02,8899.31,2158.24833619,DOJI,Neutral
2020-05-26 00:00:00,8900.0,8940.47,8825.01,8935.01,2195.15958666,HAMMER,Neutral
2020-05-26 06:00:00,8935.01,9016.99,8830.0,8866.1,2707.40274326,NO_PATTERN,NO_PATTERN
2020-05-26 12:00:00,8861.86,8911.27,8694.23,8811.6,4444.66580574,NO_PATTERN,NO_PATTERN
2020-05-26 18:00:00,8811.61,8881.86,8759.0,8844.42,2117.16321736,NO_PATTERN,NO_PATTERN
2020-05-27 00:00:00,8844.41,8896.76,8811.46,8875.0,1492.62162655,NO_PATTERN,NO_PATTERN
2020-05-27 06:00:00,8874.99,9178.0,8831.38,9148.72,3146.21101611,NO_PATTERN,NO_PATTERN
2020-05-27 12:00:00,9148.72,9230.0,9124.66,9195.39,3821.39837623,NO_PATTERN,NO_PATTERN
2020-05-27 18:00:00,9195.39,9211.61,9051.03,9208.53,2455.51393668,DRAGONFLYDOJI,Neutral
2020-05-28 00:00:00,9208.53,9289.0,9118.09,9164.93,2730.86045819,NO_PATTERN,NO_PATTERN
2020-05-28 06:00:00,9165.76,9282.0,9112.0,9266.03,1674.23171705,NO_PATTERN,NO_PATTERN
2020-05-28 12:00:00,9266.53,9538.97,9251.38,9470.01,5875.90053822,NO_PATTERN,NO_PATTERN
2020-05-28 18:00:00,9470.01,9625.0,9408.27,9580.19,4189.49435612,NO_PATTERN,NO_PATTERN
2020-05-29 00:00:00,9580.01,9609.02,9463.58,9517.02,2614.63029813,HARAMI,Bearish
2020-05-29 06:00:00,9515.62,9591.88,9340.0,9400.01,3132.46109599,NO_PATTERN,NO_PATTERN
2020-05-29 12:00:00,9400.01,9475.55,9330.01,9424.09,2817.98538905,NO_PATTERN,NO_PATTERN
2020-05-29 18:00:00,9423.55,9451.35,9369.31,9423.84,1830.10132111,DOJI,Neutral
2020-05-30 00:00:00,9423.85,9563.29,9326.43,9553.22,2467.35671774,NO_PATTERN,NO_PATTERN
2020-05-30 06:00:00,9553.23,9598.0,9466.96,9553.23,1476.9078764600001,DOJI,Neutral
2020-05-30 12:00:00,9553.95,9578.02,9496.0,9526.78,1592.31381534,ENGULFING,Bearish
2020-05-30 18:00:00,9526.0,9764.0,9400.0,9700.33,4950.63315404,ENGULFING,Bullish
2020-05-31 00:00:00,9700.32,9705.6,9520.23,9565.62,2741.5000973,NO_PATTERN,NO_PATTERN
2020-05-31 06:00:00,9565.62,9600.0,9499.01,9589.35,886.56901749,NO_PATTERN,NO_PATTERN
2020-05-31 12:00:00,9589.36,9635.0,9435.0,9500.27,1877.32196168,ENGULFING,Bearish
2020-05-31 18:00:00,9500.02,9532.61,9369.58,9446.57,2428.08475364,NO_PATTERN,NO_PATTERN
2020-06-01 00:00:00,9445.83,9615.0,9417.42,9531.69,2172.52575861,MORNINGSTAR,Neutral
2020-06-01 06:00:00,9531.69,9577.7,9507.48,9508.63,862.57490491,NO_PATTERN,NO_PATTERN
2020-06-01 12:00:00,9508.32,9613.0,9490.0,9578.58,2680.29133264,ENGULFING,Bullish
2020-06-01 18:00:00,9577.78,10428.0,9557.26,10208.96,15917.3655339,NO_PATTERN,NO_PATTERN
2020-06-02 00:00:00,10208.96,10237.6,10037.6,10084.29,10223.23125543,NO_PATTERN,NO_PATTERN
2020-06-02 06:00:00,10082.88,10148.0,10079.39,10104.84,2100.71428269,GRAVESTONEDOJI,Neutral
2020-06-02 12:00:00,10102.55,10185.61,9270.0,9536.26,17287.36619339,NO_PATTERN,NO_PATTERN
2020-06-02 18:00:00,9536.26,9553.93,9425.0,9522.46,3523.16756687,DRAGONFLYDOJI,Neutral
2020-06-03 00:00:00,9521.53,9538.99,9385.22,9512.25,2911.2352158,DRAGONFLYDOJI,Neutral
2020-06-03 06:00:00,9512.26,9620.65,9487.16,9620.65,1636.15184586,NO_PATTERN,NO_PATTERN
2020-06-03 12:00:00,9620.64,9649.99,9500.0,9562.1,4033.83566578,NO_PATTERN,NO_PATTERN
2020-06-03 18:00:00,9562.1,9695.0,9518.0,9668.07,2821.54072221,NO_PATTERN,NO_PATTERN
2020-06-04 00:00:00,9668.06,9689.84,9601.01,9643.72,1598.03268346,DRAGONFLYDOJI,Neutral
2020-06-04 06:00:00,9643.73,9666.97,9450.0,9623.0,2420.23121463,HAMMER,Neutral
2020-06-04 12:00:00,9624.02,9869.19,9603.91,9821.75,4872.67756635,NO_PATTERN,NO_PATTERN
2020-06-04 18:00:00,9821.75,9888.0,9713.0,9788.03,3534.95711729,NO_PATTERN,NO_PATTERN
2020-06-05 00:00:00,9791.96,9848.97,9751.41,9789.67,1488.36573665,DOJI,Neutral
2020-06-05 06:00:00,9789.69,9855.0,9585.44,9692.8,3324.02484238,NO_PATTERN,NO_PATTERN
2020-06-05 12:00:00,9696.89,9750.0,9621.03,9727.08,4578.61178039,HARAMI,Bullish
2020-06-05 18:00:00,9726.7,9759.86,9611.57,9613.21,3081.93282166,NO_PATTERN,NO_PATTERN
2020-06-06 00:00:00,9613.42,9625.0,9526.03,9614.63,2873.77386823,HARAMI,Bull
2020-06-06 06:00:00,9614.62,9696.19,9573.84,9689.14,934.18920281,NO_PATTERN,NO_PATTERN
2020-06-06 12:00:00,9689.14,9735.13,9583.72,9614.01,1452.02161139,NO_PATTERN,NO_PATTERN
2020-06-06 18:00:00,9610.56,9727.81,9602.85,9671.7,1235.75079946,NO_PATTERN,NO_PATTERN
2020-06-07 00:00:00,9670.28,9717.16,9625.12,9668.47,943.46047716,DOJI,Neutral
2020-06-07 06:00:00,9668.47,9680.42,9550.0,9572.48,1267.5665284,NO_PATTERN,NO_PATTERN
2020-06-07 12:00:00,9572.48,9600.0,9370.0,9503.0,4244.44185203,NO_PATTERN,NO_PATTERN
2020-06-07 18:00:00,9503.01,9822.0,9492.38,9750.12,5161.31129096,NO_PATTERN,NO_PATTERN
2020-06-08 00:00:00,9750.12,9783.42,9706.86,9753.23,1722.19373625,DOJI,Neutral
2020-06-08 06:00:00,9753.23,9815.0,9632.79,9745.0,2127.86803914,DOJI,Neutral
2020-06-08 12:00:00,9745.29,9753.26,9656.5,9723.88,2571.3855434,NO_PATTERN,NO_PATTERN
2020-06-08 18:00:00,9723.43,9804.49,9680.0,9781.51,2099.71674922,ENGULFING,Bullish
2020-06-09 00:00:00,9781.51,9886.0,9567.33,9695.87,4000.96084424,NO_PATTERN,NO_PATTERN
2020-06-09 06:00:00,9695.87,9728.0,9620.36,9726.71,1233.03763277,NO_PATTERN,NO_PATTERN
2020-06-09 12:00:00,9726.71,9751.51,9675.77,9712.78,2216.4887047,DOJI,Neutral
2020-06-09 18:00:00,9712.79,9845.0,9689.21,9779.41,2868.11181703,NO_PATTERN,NO_PATTERN
2020-06-10 00:00:00,9779.7,9821.21,9734.96,9773.6,1768.0019954699999,DOJI,Neutral
2020-06-10 06:00:00,9774.31,9785.38,9705.02,9729.72,1125.62033707,NO_PATTERN,NO_PATTERN
2020-06-10 12:00:00,9728.78,9783.08,9722.15,9776.0,2095.37270566,ENGULFING,Bullish
2020-06-10 18:00:00,9776.01,10018.67,9690.0,9894.04,7873.98134218,NO_PATTERN,NO_PATTERN
2020-06-11 00:00:00,9894.35,9973.25,9856.4,9888.66,3387.3073365,DOJI,Neutral
2020-06-11 06:00:00,9889.99,9894.51,9600.0,9779.32,3923.3101787299997,NO_PATTERN,NO_PATTERN
2020-06-11 12:00:00,9779.29,9789.64,9050.0,9374.77,13852.53325117,NO_PATTERN,NO_PATTERN
2020-06-11 18:00:00,9376.75,9385.74,9213.0,9268.16,5596.50312068,NO_PATTERN,NO_PATTERN
2020-06-12 00:00:00,9268.16,9391.36,9227.0,9373.26,2550.74225527,NO_PATTERN,NO_PATTERN
2020-06-12 06:00:00,9373.26,9509.0,9353.32,9493.21,1890.93835025,NO_PATTERN,NO_PATTERN
2020-06-12 12:00:00,9493.21,9552.87,9300.0,9330.59,4300.31608292,NO_PATTERN,NO_PATTERN
2020-06-12 18:00:00,9330.88,9488.99,9321.0,9464.17,2226.76566843,NO_PATTERN,NO_PATTERN
2020-06-13 00:00:00,9464.71,9475.0,9361.75,9409.06,1155.04397096,NO_PATTERN,NO_PATTERN
2020-06-13 06:00:00,9408.13,9469.0,9381.68,9405.0,826.02079313,INVERTEDHAMMER,Neutral
2020-06-13 12:00:00,9405.0,9465.72,9389.16,9432.02,1044.07763232,NO_PATTERN,NO_PATTERN
2020-06-13 18:00:00,9432.04,9494.45,9346.0,9475.0,1545.96844994,NO_PATTERN,NO_PATTERN
2020-06-14 00:00:00,9475.0,9481.0,9413.46,9427.98,737.45929347,NO_PATTERN,NO_PATTERN
2020-06-14 06:00:00,9429.27,9438.69,9375.34,9428.03,564.26774947,HAMMER,Neutral
2020-06-14 12:00:00,9426.34,9433.33,9305.0,9396.32,1426.08796646,NO_PATTERN,NO_PATTERN
2020-06-14 18:00:00,9396.31,9408.93,9240.0,9325.0,2095.43416234,NO_PATTERN,NO_PATTERN
2020-06-15 00:00:00,9328.63,9359.85,8964.33,9025.78,5726.66404026,NO_PATTERN,NO_PATTERN
2020-06-15 06:00:00,9025.78,9146.26,8895.01,9101.15,4373.80811649,NO_PATTERN,NO_PATTERN
2020-06-15 12:00:00,9103.29,9409.0,9029.97,9337.53,5325.10307937,NO_PATTERN,NO_PATTERN
2020-06-15 18:00:00,9337.55,9499.0,9337.53,9432.53,3123.23674864,NO_PATTERN,NO_PATTERN
2020-06-16 00:00:00,9432.57,9590.74,9381.0,9542.54,3347.13518011,NO_PATTERN,NO_PATTERN
2020-06-16 06:00:00,9542.54,9553.02,9453.0,9507.34,1765.33554049,NO_PATTERN,NO_PATTERN
2020-06-16 12:00:00,9507.34,9592.04,9393.55,9466.99,3510.14773807,NO_PATTERN,NO_PATTERN
2020-06-16 18:00:00,9468.74,9539.05,9450.94,9526.25,1704.28860381,NO_PATTERN,NO_PATTERN
2020-06-17 00:00:00,9526.25,9536.61,9415.0,9439.55,1877.25755499,NO_PATTERN,NO_PATTERN
2020-06-17 06:00:00,9439.55,9523.72,9425.46,9469.32,1051.09930807,NO_PATTERN,NO_PATTERN
2020-06-17 12:00:00,9470.1,9558.48,9352.6,9395.0,2787.2319553,ENGULFING,Bearish
2020-06-17 18:00:00,9395.0,9465.25,9227.03,9457.51,3162.22349542,NO_PATTERN,NO_PATTERN
2020-06-18 00:00:00,9457.51,9463.0,9391.75,9415.92,1174.34097246,NO_PATTERN,NO_PATTERN
2020-06-18 06:00:00,9416.16,9482.66,9369.81,9424.51,1378.86968638,DOJI,Neutral
2020-06-18 12:00:00,9425.04,9439.05,9365.15,9396.33,1496.91919087,HAMMER,Neutral
2020-06-18 18:00:00,9396.17,9407.98,9267.18,9376.14,2242.360284,HAMMER,Neutral
2020-06-19 00:00:00,9376.14,9376.14,9229.0,9309.79,2105.84488788,NO_PATTERN,NO_PATTERN
2020-06-19 06:00:00,9309.8,9430.0,9251.0,9379.74,1577.67800947,NO_PATTERN,NO_PATTERN
2020-06-19 12:00:00,9379.75,9417.18,9281.9,9305.09,2016.9146967,ENGULFING,Bearish
2020-06-19 18:00:00,9305.11,9346.43,9242.0,9301.91,2131.881863,DOJI,Neutral
2020-06-20 00:00:00,9300.42,9343.0,9275.61,9301.48,1335.69690756,DOJI,Neutral
2020-06-20 06:00:00,9298.17,9380.49,9161.0,9322.57,2388.54010098,NO_PATTERN,NO_PATTERN
2020-06-20 12:00:00,9323.74,9326.5,9226.72,9267.53,1569.70728792,ENGULFING,Bearish
2020-06-20 18:00:00,9267.53,9391.71,9267.51,9355.74,1597.5236517600001,NO_PATTERN,NO_PATTERN
2020-06-21 00:00:00,9355.74,9399.0,9343.0,9386.8,701.4389016599999,NO_PATTERN,NO_PATTERN
2020-06-21 06:00:00,9386.79,9419.35,9328.45,9353.11,522.97709416,NO_PATTERN,NO_PATTERN
2020-06-21 12:00:00,9352.57,9383.26,9322.73,9336.99,819.9351719699999,NO_PATTERN,NO_PATTERN
2020-06-21 18:00:00,9336.47,9347.12,9273.0,9286.14,1033.54647411,NO_PATTERN,NO_PATTERN
2020-06-22 00:00:00,9286.14,9442.2,9267.58,9409.51,1760.68851334,NO_PATTERN,NO_PATTERN
2020-06-22 06:00:00,9409.51,9470.25,9400.0,9455.69,1127.62744695,NO_PATTERN,NO_PATTERN
2020-06-22 12:00:00,9455.68,9633.46,9445.0,9595.95,4136.58685854,NO_PATTERN,NO_PATTERN
2020-06-22 18:00:00,9595.95,9792.0,9542.44,9690.74,4717.0510713700005,NO_PATTERN,NO_PATTERN
2020-06-23 00:00:00,9690.67,9724.53,9606.0,9617.78,1748.82650644,NO_PATTERN,NO_PATTERN
2020-06-23 06:00:00,9620.0,9665.02,9572.22,9632.31,1838.50677656,HARAMI,Bullish
2020-06-23 12:00:00,9632.63,9694.81,9613.98,9665.0,2317.93285858,NO_PATTERN,NO_PATTERN
2020-06-23 18:00:00,9665.01,9683.92,9584.93,9623.56,2028.20451102,ENGULFING,Bearish
2020-06-24 00:00:00,9623.56,9662.84,9614.44,9638.06,1243.48633486,NO_PATTERN,NO_PATTERN
2020-06-24 06:00:00,9638.06,9663.38,9275.0,9312.21,3391.23488084,NO_PATTERN,NO_PATTERN
2020-06-24 12:00:00,9312.2,9416.73,9195.0,9296.51,6100.45928973,NO_PATTERN,NO_PATTERN
2020-06-24 18:00:00,9296.5,9333.3,9222.01,9285.91,2656.18825598,DOJI,Neutral
2020-06-25 00:00:00,9285.94,9295.61,8979.07,9167.31,6926.17868906,NO_PATTERN,NO_PATTERN
2020-06-25 06:00:00,9167.31,9325.0,9134.23,9250.01,1727.69725038,NO_PATTERN,NO_PATTERN
2020-06-25 12:00:00,9250.18,9292.1,9152.53,9276.09,2349.00830018,NO_PATTERN,NO_PATTERN
2020-06-25 18:00:00,9277.09,9335.0,9209.0,9243.51,2500.6497689,ENGULFING,Bearish
2020-06-26 00:00:00,9242.98,9291.73,9176.01,9204.18,1936.90492113,NO_PATTERN,NO_PATTERN
2020-06-26 06:00:00,9204.65,9245.0,9076.92,9173.07,2728.5648062,NO_PATTERN,NO_PATTERN
2020-06-26 12:00:00,9173.07,9226.0,9027.62,9147.84,3974.51774018,NO_PATTERN,NO_PATTERN
2020-06-26 18:00:00,9147.83,9209.03,9113.34,9155.42,2045.73076492,DOJI,Neutral
2020-06-27 00:00:00,9155.42,9180.02,9095.0,9158.98,1079.12717846,DOJI,Neutral
2020-06-27 06:00:00,9159.2,9188.14,9125.0,9152.53,756.50738778,ENGULFING,Bear
2020-06-27 12:00:00,9152.54,9170.0,9050.0,9072.18,1502.76840815,NO_PATTERN,NO_PATTERN
2020-06-27 18:00:00,9071.34,9100.0,8815.01,9002.46,5158.84768481,NO_PATTERN,NO_PATTERN
2020-06-28 00:00:00,9002.38,9005.93,8931.77,8956.13,1232.41161292,NO_PATTERN,NO_PATTERN
2020-06-28 06:00:00,8955.92,9073.88,8955.92,9046.11,1011.65477577,ENGULFING,Bullish
2020-06-28 12:00:00,9046.11,9189.0,9015.19,9152.4,2082.4650320700002,NO_PATTERN,NO_PATTERN
2020-06-28 18:00:00,9151.93,9165.58,9070.42,9113.24,1196.74323555,HARAMI,Bearish
2020-06-29 00:00:00,9113.23,9140.52,9077.53,9103.28,1249.91107926,DOJI,Neutral
2020-06-29 06:00:00,9103.29,9129.21,9054.12,9083.21,1578.68570055,NO_PATTERN,NO_PATTERN
2020-06-29 12:00:00,9083.21,9158.0,9014.0,9156.05,3333.97177176,NO_PATTERN,NO_PATTERN
2020-06-29 18:00:00,9156.05,9236.75,9126.55,9184.45,2485.06863809,NO_PATTERN,NO_PATTERN
2020-06-30 00:00:00,9188.79,9201.0,9112.0,9121.87,1489.01474493,ENGULFING,Bearish
2020-06-30 06:00:00,9121.87,9168.47,9111.11,9146.29,946.51565056,NO_PATTERN,NO_PATTERN
2020-06-30 12:00:00,9146.29,9191.28,9059.6,9143.13,2828.49751223,DOJI,Neutral
2020-06-30 18:00:00,9143.12,9172.0,9089.83,9136.2,1506.27978957,DOJI,Neutral
2020-07-01 00:00:00,9135.91,9164.7,9088.0,9143.01,1512.68072422,DOJI,Neutral
2020-07-01 06:00:00,9143.01,9189.99,9125.31,9159.95,1507.11408078,NO_PATTERN,NO_PATTERN
2020-07-01 12:00:00,9159.94,9297.2,9133.3,9287.28,3115.77262707,NO_PATTERN,NO_PATTERN
2020-07-01 18:00:00,9287.27,9289.0,9214.65,9239.97,1401.73242384,NO_PATTERN,NO_PATTERN
2020-07-02 00:00:00,9239.41,9265.0,9205.0,9210.85,1172.4180919,NO_PATTERN,NO_PATTERN
2020-07-02 06:00:00,9210.84,9218.23,9169.35,9197.79,1311.02125365,HAMMER,Neutral
2020-07-02 12:00:00,9196.15,9258.0,8938.0,9067.95,5917.99549834,NO_PATTERN,NO_PATTERN
2020-07-02 18:00:00,9067.96,9159.0,9026.59,9091.53,2358.56767752,HARAMI,Bullish
2020-07-03 00:00:00,9091.98,9125.34,9067.88,9109.51,1773.0638439699999,NO_PATTERN,NO_PATTERN
2020-07-03 06:00:00,9109.51,9126.12,9038.87,9098.7,1867.2529098300001,NO_PATTERN,NO_PATTERN
2020-07-03 12:00:00,9098.71,9125.01,9073.12,9089.01,2278.37279166,DOJI,Neutral
2020-07-03 18:00:00,9089.0,9103.11,9036.74,9063.87,1788.72628161,NO_PATTERN,NO_PATTERN
2020-07-04 00:00:00,9059.73,9098.28,9043.14,9091.26,1031.57844356,ENGULFING,Bullish
2020-07-04 06:00:00,9091.26,9091.98,9056.44,9062.22,591.52192137,NO_PATTERN,NO_PATTERN
2020-07-04 12:00:00,9061.73,9195.84,9039.84,9169.81,1457.89611587,ENGULFING,Bullish
2020-07-04 18:00:00,9169.81,9195.74,9108.82,9138.51,2204.44208025,NO_PATTERN,NO_PATTERN
2020-07-05 00:00:00,9138.51,9145.0,9064.35,9075.04,586.58990369,NO_PATTERN,NO_PATTERN
2020-07-05 06:00:00,9075.03,9085.34,8992.0,9037.01,1132.24145965,NO_PATTERN,NO_PATTERN
2020-07-05 12:00:00,9037.01,9072.33,9001.17,9033.01,1195.13685292,DOJI,Neutral
2020-07-05 18:00:00,9033.01,9100.0,8905.84,9074.39,1668.02941694,NO_PATTERN,NO_PATTERN
2020-07-06 00:00:00,9074.37,9120.0,9061.59,9112.88,1267.9102928300001,NO_PATTERN,NO_PATTERN
2020-07-06 06:00:00,9112.87,9239.77,9107.98,9226.0,1971.12227388,NO_PATTERN,NO_PATTERN
2020-07-06 12:00:00,9226.01,9352.15,9195.29,9312.61,3936.25113177,NO_PATTERN,NO_PATTERN
2020-07-06 18:00:00,9310.82,9375.9,9258.0,9343.31,2772.8499626,NO_PATTERN,NO_PATTERN
2020-07-07 00:00:00,9343.31,9379.34,9251.02,9284.32,1752.13009418,NO_PATTERN,NO_PATTERN
2020-07-07 06:00:00,9285.43,9285.9,9217.51,9270.0,1064.83003039,HAMMER,Neutral
2020-07-07 12:00:00,9269.99,9289.69,9235.37,9283.88,1478.57717196,NO_PATTERN,NO_PATTERN
2020-07-07 18:00:00,9284.08,9288.23,9201.57,9253.94,2021.0684908,HAMMER,Neutral
2020-07-08 00:00:00,9253.94,9321.25,9232.2,9270.01,1922.98800923,NO_PATTERN,NO_PATTERN
2020-07-08 06:00:00,9270.0,9313.01,9258.71,9312.66,1335.872828,NO_PATTERN,NO_PATTERN
2020-07-08 12:00:00,9312.66,9475.0,9283.32,9424.85,4058.51310035,NO_PATTERN,NO_PATTERN
2020-07-08 18:00:00,9424.9,9469.93,9408.92,9435.28,2764.18092521,DOJI,Neutral
2020-07-09 00:00:00,9435.28,9446.62,9359.53,9378.85,1361.17101598,EVENINGSTAR,Neutral
2020-07-09 06:00:00,9378.49,9417.32,9354.18,9399.93,1279.74928065,NO_PATTERN,NO_PATTERN
2020-07-09 12:00:00,9399.92,9432.16,9154.79,9208.97,4172.70590494,NO_PATTERN,NO_PATTERN
2020-07-09 18:00:00,9208.97,9256.54,9189.97,9236.95,1573.77385562,NO_PATTERN,NO_PATTERN
2020-07-10 00:00:00,9236.95,9237.63,9118.0,9144.56,1851.76124766,NO_PATTERN,NO_PATTERN
2020-07-10 06:00:00,9144.55,9200.0,9125.25,9157.43,1189.74294196,NO_PATTERN,NO_PATTERN
2020-07-10 12:00:00,9157.43,9245.0,9157.09,9220.96,2261.41767926,NO_PATTERN,NO_PATTERN
2020-07-10 18:00:00,9220.96,9322.23,9203.3,9291.05,1579.27570753,NO_PATTERN,NO_PATTERN
2020-07-11 00:00:00,9291.04,9303.04,9252.0,9258.47,831.36008851,HARAMI,Bearish
2020-07-11 06:00:00,9258.46,9278.0,9182.35,9202.53,849.6478830799999,NO_PATTERN,NO_PATTERN
2020-07-11 12:00:00,9202.02,9252.28,9196.11,9222.69,871.45751908,NO_PATTERN,NO_PATTERN
2020-07-11 18:00:00,9222.72,9253.17,9201.87,9235.0,808.39172438,NO_PATTERN,NO_PATTERN
2020-07-12 00:00:00,9235.0,9295.0,9231.59,9270.03,986.20715629,NO_PATTERN,NO_PATTERN
2020-07-12 06:00:00,9270.02,9275.0,9240.13,9248.13,459.53185411,NO_PATTERN,NO_PATTERN
2020-07-12 12:00:00,9247.89,9347.53,9187.77,9216.83,2025.54576797,NO_PATTERN,NO_PATTERN
2020-07-12 18:00:00,9216.83,9331.01,9159.33,9303.37,1924.25738513,NO_PATTERN,NO_PATTERN
2020-07-13 00:00:00,9303.38,9323.99,9262.67,9279.63,1775.65352409,NO_PATTERN,NO_PATTERN
2020-07-13 06:00:00,9279.64,9314.21,9243.63,9306.6,1254.40117383,HAMMER,Neutral
2020-07-13 12:00:00,9306.45,9339.61,9275.0,9316.1,2516.19557738,NO_PATTERN,NO_PATTERN
2020-07-13 18:00:00,9316.09,9316.1,9193.52,9236.92,3139.47722943,NO_PATTERN,NO_PATTERN
2020-07-14 00:00:00,9236.91,9239.68,9141.45,9180.29,2365.99947281,NO_PATTERN,NO_PATTERN
2020-07-14 06:00:00,9180.28,9230.01,9100.0,9228.7,1134.0628742,NO_PATTERN,NO_PATTERN
2020-07-14 12:00:00,9229.91,9269.99,9182.39,9250.01,2251.45241618,NO_PATTERN,NO_PATTERN
2020-07-14 18:00:00,9250.01,9280.0,9235.02,9256.94,1733.90612712,DOJI,Neutral
2020-07-15 00:00:00,9256.94,9273.98,9223.0,9239.68,1236.59845781,NO_PATTERN,NO_PATTERN
2020-07-15 06:00:00,9239.66,9242.55,9186.0,9211.79,1461.20977463,NO_PATTERN,NO_PATTERN
2020-07-15 12:00:00,9211.25,9243.17,9177.91,9200.01,2254.74721454,NO_PATTERN,NO_PATTERN
2020-07-15 18:00:00,9200.0,9230.01,9154.01,9190.16,2197.54027775,NO_PATTERN,NO_PATTERN
2020-07-16 00:00:00,9190.8,9216.02,9171.0,9191.01,1373.93438244,DOJI,Neutral
2020-07-16 06:00:00,9191.0,9197.99,9005.0,9068.39,2811.67126988,NO_PATTERN,NO_PATTERN
2020-07-16 12:00:00,9068.23,9134.93,9060.0,9122.73,2494.0909129,NO_PATTERN,NO_PATTERN
2020-07-16 18:00:00,9122.73,9152.26,9085.0,9130.11,2071.30263899,DOJI,Neutral
2020-07-17 00:00:00,9130.93,9138.35,9054.99,9092.63,2005.31988638,ENGULFING,Bearish
2020-07-17 06:00:00,9092.11,9136.96,9086.31,9132.07,1056.71569586,ENGULFING,Bullish
2020-07-17 12:00:00,9132.07,9182.99,9124.21,9150.51,1875.36985147,NO_PATTERN,NO_PATTERN
2020-07-17 18:00:00,9150.5,9182.18,9143.35,9154.29,1476.46867069,GRAVESTONEDOJI,Neutral
2020-07-18 00:00:00,9154.29,9167.78,9122.65,9137.6,1176.98779689,NO_PATTERN,NO_PATTERN
2020-07-18 06:00:00,9137.05,9210.0,9126.91,9161.95,865.82970704,ENGULFING,Bullish
2020-07-18 12:00:00,9162.64,9178.27,9156.73,9173.89,889.01968355,NO_PATTERN,NO_PATTERN
2020-07-18 18:00:00,9173.77,9207.18,9152.35,9175.85,1175.35122988,DOJI,Neutral
2020-07-19 00:00:00,9175.83,9186.77,9141.63,9143.86,633.90684588,NO_PATTERN,NO_PATTERN
2020-07-19 06:00:00,9143.85,9160.11,9105.37,9127.22,757.1251173100001,NO_PATTERN,NO_PATTERN
2020-07-19 12:00:00,9127.22,9176.32,9111.58,9154.37,810.82090322,MORNINGSTAR,Neutral
2020-07-19 18:00:00,9154.35,9245.03,9152.5,9212.87,1312.22287002,NO_PATTERN,NO_PATTERN
2020-07-20 00:00:00,9214.01,9223.51,9174.71,9192.52,743.33090304,NO_PATTERN,NO_PATTERN
2020-07-20 06:00:00,9192.51,9192.85,9131.0,9150.1,880.50608385,NO_PATTERN,NO_PATTERN
2020-07-20 12:00:00,9150.04,9209.66,9143.28,9196.04,2229.1666312,ENGULFING,Bullish
2020-07-20 18:00:00,9196.04,9203.93,9147.77,9161.05,1927.03559984,NO_PATTERN,NO_PATTERN
2020-07-21 00:00:00,9161.05,9210.0,9157.04,9188.33,1064.39389542,NO_PATTERN,NO_PATTERN
2020-07-21 06:00:00,9188.33,9367.0,9180.77,9351.97,2668.09540206,NO_PATTERN,NO_PATTERN
2020-07-21 12:00:00,9351.96,9438.0,9322.51,9369.75,3832.50587586,NO_PATTERN,NO_PATTERN
2020-07-21 18:00:00,9369.74,9402.99,9354.54,9394.14,2009.7797738,NO_PATTERN,NO_PATTERN
2020-07-22 00:00:00,9394.14,9398.46,9341.46,9349.49,1409.92204314,NO_PATTERN,NO_PATTERN
2020-07-22 06:00:00,9349.48,9362.46,9277.0,9351.71,1591.08094916,DOJI,Neutral
2020-07-22 12:00:00,9351.7,9377.0,9320.0,9369.54,2059.87466999,NO_PATTERN,NO_PATTERN
2020-07-22 18:00:00,9369.02,9567.77,9360.85,9536.18,5281.46873666,NO_PATTERN,NO_PATTERN
2020-07-23 00:00:00,9536.2,9549.94,9480.01,9500.66,2475.68401967,NO_PATTERN,NO_PATTERN
2020-07-23 06:00:00,9500.66,9539.7,9491.48,9512.1,1614.53354627,NO_PATTERN,NO_PATTERN
2020-07-23 12:00:00,9512.11,9686.0,9450.04,9624.05,5913.88354566,NO_PATTERN,NO_PATTERN
2020-07-23 18:00:00,9624.05,9636.01,9575.89,9613.24,2955.75418359,DOJI,Neutral
2020-07-24 00:00:00,9613.24,9617.96,9512.25,9555.7,2065.29737916,NO_PATTERN,NO_PATTERN
2020-07-24 06:00:00,9555.69,9567.77,9475.7,9535.84,1697.53928958,NO_PATTERN,NO_PATTERN
2020-07-24 12:00:00,9531.73,9595.0,9510.73,9570.99,2456.01455828,ENGULFING,Bullish
2020-07-24 18:00:00,9570.57,9645.55,9529.09,9551.21,3566.34598957,NO_PATTERN,NO_PATTERN
2020-07-25 00:00:00,9551.21,9636.08,9536.64,9598.27,1398.13208021,NO_PATTERN,NO_PATTERN
2020-07-25 06:00:00,9598.27,9630.64,9575.0,9587.19,940.05584324,DOJI,Neutral
2020-07-25 12:00:00,9587.19,9721.31,9569.59,9708.0,2255.98212759,NO_PATTERN,NO_PATTERN
2020-07-25 18:00:00,9708.62,9747.76,9653.0,9711.33,2354.84838603,DOJI,Neutral
2020-07-26 00:00:00,9711.79,9713.25,9661.35,9688.0,1096.15322714,ENGULFING,Bearish
2020-07-26 06:00:00,9687.99,10150.0,9685.37,9973.74,4989.49859273,ENGULFING,Bullish
2020-07-26 12:00:00,9973.74,9998.23,9802.0,9914.95,3331.18457502,NO_PATTERN,NO_PATTERN
2020-07-26 18:00:00,9914.95,9950.0,9852.0,9940.0,2080.68833483,NO_PATTERN,NO_PATTERN
2020-07-27 00:00:00,9941.0,10333.0,9935.0,10298.21,7192.72040122,NO_PATTERN,NO_PATTERN
2020-07-27 06:00:00,10298.2,10330.49,10129.7,10268.45,3579.91037549,HARAMI,Bearish
2020-07-27 12:00:00,10270.09,10968.0,10235.85,10889.5,13609.22738345,NO_PATTERN,NO_PATTERN
2020-07-27 18:00:00,10892.19,11420.0,10740.0,11048.91,17332.12170164,NO_PATTERN,NO_PATTERN
2020-07-28 00:00:00,11048.05,11259.0,10855.19,10893.34,7265.25487135,HARAMI,Bearish
2020-07-28 06:00:00,10893.34,11033.0,10575.0,10991.14,6427.96329189,NO_PATTERN,NO_PATTERN
2020-07-28 12:00:00,10991.14,11200.0,10878.78,10955.96,8496.0167016,DOJI,Neutral
2020-07-28 18:00:00,10957.11,11073.11,10861.0,10934.23,3726.38378585,DOJI,Neutral
2020-07-29 00:00:00,10934.22,11010.0,10843.47,10959.97,3077.96455354,ENGULFING,Bull
2020-07-29 06:00:00,10959.97,11149.43,10920.01,11103.96,3588.47666814,NO_PATTERN,NO_PATTERN
2020-07-29 12:00:00,11103.95,11314.82,10980.0,11181.87,6619.81169166,NO_PATTERN,NO_PATTERN
2020-07-29 18:00:00,11181.86,11350.0,11040.16,11110.12,5174.01644681,NO_PATTERN,NO_PATTERN
2020-07-30 00:00:00,11108.16,11127.66,10962.0,11000.01,3138.01228378,NO_PATTERN,NO_PATTERN
2020-07-30 06:00:00,11000.01,11027.8,10900.0,10926.1,2298.51984959,NO_PATTERN,NO_PATTERN
2020-07-30 12:00:00,10926.1,11055.61,10811.0,11049.58,3375.89131131,NO_PATTERN,NO_PATTERN
2020-07-30 18:00:00,11049.59,11188.65,11042.33,11115.95,3568.81880511,SHOOTINGSTAR,Neutral
2020-07-31 00:00:00,11115.99,11148.28,10975.0,11045.74,2093.98964309,ENGULFING,Bearish
2020-07-31 06:00:00,11045.74,11235.0,11045.74,11225.2,2301.30475308,NO_PATTERN,NO_PATTERN
2020-07-31 12:00:00,11225.2,11460.0,11126.01,11292.46,7211.46799657,NO_PATTERN,NO_PATTERN
2020-07-31 18:00:00,11292.25,11438.95,11237.07,11351.62,4086.72313485,NO_PATTERN,NO_PATTERN
2020-08-01 00:00:00,11351.61,11657.66,11237.82,11614.79,4290.44527674,NO_PATTERN,NO_PATTERN
2020-08-01 06:00:00,11614.78,11761.97,11561.56,11667.58,3162.22906807,NO_PATTERN,NO_PATTERN
2020-08-01 12:00:00,11667.58,11756.9,11490.63,11756.89,4602.0290670800005,NO_PATTERN,NO_PATTERN
2020-08-01 18:00:00,11754.95,11888.0,11590.0,11810.07,6179.26864584,NO_PATTERN,NO_PATTERN
2020-08-02 00:00:00,11810.07,12134.29,10546.15,11268.65,15742.67995094,NO_PATTERN,NO_PATTERN
2020-08-02 06:00:00,11268.65,11381.47,10931.81,11109.52,4599.4583307,NO_PATTERN,NO_PATTERN
2020-08-02 12:00:00,11109.5,11290.9,10963.73,11270.02,4003.0700401,ENGULFING,Bullish
2020-08-02 18:00:00,11269.21,11274.72,11001.0,11068.54,3727.90247364,NO_PATTERN,NO_PATTERN
2020-08-03 00:00:00,11067.46,11210.0,10911.74,11197.24,2406.0341372,HAMMER,Neutral
2020-08-03 06:00:00,11197.25,11244.99,11124.51,11234.62,1357.29327966,DRAGONFLYDOJI,Neutral
2020-08-03 12:00:00,11234.67,11486.6,11194.69,11430.01,5838.55406781,NO_PATTERN,NO_PATTERN
2020-08-03 18:00:00,11431.78,11442.85,11145.09,11233.13,4165.99523935,ENGULFING,Bearish
2020-08-04 00:00:00,11233.16,11417.11,11222.0,11282.51,2545.39397322,HARAMI,Bullish
2020-08-04 06:00:00,11282.52,11321.21,11061.0,11120.12,2767.00340299,ENGULFING,Bearish
2020-08-04 12:00:00,11123.41,11270.0,11006.16,11259.61,4141.25128509,NO_PATTERN,NO_PATTERN
2020-08-04 18:00:00,11259.1,11278.81,11163.67,11197.04,2599.4243874,NO_PATTERN,NO_PATTERN
2020-08-05 00:00:00,11197.05,11299.06,11073.7,11297.34,2230.58380572,HAMMER,Neutral
2020-08-05 06:00:00,11296.24,11460.21,11273.61,11444.92,1937.50827937,NO_PATTERN,NO_PATTERN
2020-08-05 12:00:00,11444.92,11729.56,11400.0,11687.62,7491.45073748,NO_PATTERN,NO_PATTERN
2020-08-05 18:00:00,11687.85,11798.87,11529.38,11756.75,4920.67544711,NO_PATTERN,NO_PATTERN
2020-08-06 00:00:00,11756.75,11816.54,11580.19,11643.72,4801.21032122,NO_PATTERN,NO_PATTERN
2020-08-06 06:00:00,11643.72,11764.13,11634.32,11704.3,2193.00026319,NO_PATTERN,NO_PATTERN
2020-08-06 12:00:00,11704.29,11888.0,11702.54,11875.0,5917.85906075,NO_PATTERN,NO_PATTERN
2020-08-06 18:00:00,11875.0,11916.68,11650.0,11773.89,5018.12375964,NO_PATTERN,NO_PATTERN
2020-08-07 00:00:00,11773.89,11920.0,11735.0,11794.1,3399.9168016,DOJI,Neutral
2020-08-07 06:00:00,11794.1,11852.37,11695.45,11763.57,3305.24525246,NO_PATTERN,NO_PATTERN
2020-08-07 12:00:00,11764.38,11780.13,11442.81,11551.96,10062.94582786,NO_PATTERN,NO_PATTERN
2020-08-07 18:00:00,11550.54,11657.08,11350.0,11606.52,6915.44573965,NO_PATTERN,NO_PATTERN
2020-08-08 00:00:00,11606.52,11667.87,11529.45,11623.91,1697.65936972,DOJI,Neutral
2020-08-08 06:00:00,11623.91,11800.0,11579.96,11786.99,1044.76585316,NO_PATTERN,NO_PATTERN
2020-08-08 12:00:00,11789.04,11818.18,11608.78,11717.96,2680.3582111,NO_PATTERN,NO_PATTERN
2020-08-08 18:00:00,11717.96,11793.0,11670.55,11774.98,1892.98848767,NO_PATTERN,NO_PATTERN
2020-08-09 00:00:00,11773.24,11810.24,11600.0,11650.74,1995.6540462,NO_PATTERN,NO_PATTERN
2020-08-09 06:00:00,11650.74,11720.97,11609.0,11693.92,1469.19633282,NO_PATTERN,NO_PATTERN
2020-08-09 12:00:00,11694.28,11694.92,11533.3,11536.59,2338.88893998,ENGULFING,Bearish
2020-08-09 18:00:00,11536.59,11704.52,11532.04,11688.48,1762.24922953,NO_PATTERN,NO_PATTERN
2020-08-10 00:00:00,11688.25,12086.22,11688.25,11984.0,7307.10697829,NO_PATTERN,NO_PATTERN
2020-08-10 06:00:00,11983.99,12024.48,11470.01,11744.02,5060.97655142,NO_PATTERN,NO_PATTERN
2020-08-10 12:00:00,11743.81,11983.26,11717.44,11899.01,5767.01103436,NO_PATTERN,NO_PATTERN
2020-08-10 18:00:00,11899.01,11922.14,11770.0,11899.73,3974.20792313,DRAGONFLYDOJI,Neutral
2020-08-11 00:00:00,11899.87,11943.0,11808.76,11859.45,2689.09524935,ENGULFING,Bearish
2020-08-11 06:00:00,11859.45,11859.88,11650.0,11748.73,3772.49379819,NO_PATTERN,NO_PATTERN
2020-08-11 12:00:00,11749.15,11749.15,11300.0,11494.34,8787.20555517,NO_PATTERN,NO_PATTERN
2020-08-11 18:00:00,11493.71,11494.2,11120.0,11388.53,5414.97016474,NO_PATTERN,NO_PATTERN
2020-08-12 00:00:00,11388.88,11413.67,11220.24,11262.92,2491.51412496,NO_PATTERN,NO_PATTERN
2020-08-12 06:00:00,11260.64,11539.99,11148.54,11467.91,3245.74887035,ENGULFING,Bullish
2020-08-12 12:00:00,11467.91,11625.0,11433.18,11542.3,4131.31867,NO_PATTERN,NO_PATTERN
2020-08-12 18:00:00,11542.31,11600.25,11490.52,11566.45,2921.18557062,DOJI,Neutral
2020-08-13 00:00:00,11566.44,11662.72,11521.38,11536.59,2778.36775281,NO_PATTERN,NO_PATTERN
2020-08-13 06:00:00,11536.59,11630.0,11274.14,11555.53,3303.88868518,DOJI,Neutral
2020-08-13 12:00:00,11555.3,11592.38,11386.32,11529.54,3569.92366709,NO_PATTERN,NO_PATTERN
2020-08-13 18:00:00,11529.53,11802.09,11484.45,11795.95,5683.66768619,ENGULFING,Bullish
2020-08-14 00:00:00,11795.95,11847.88,11685.0,11740.95,3147.3525544,NO_PATTERN,NO_PATTERN
2020-08-14 06:00:00,11740.95,11786.36,11660.05,11774.75,2670.870787,NO_PATTERN,NO_PATTERN
2020-08-14 12:00:00,11774.75,11865.97,11651.24,11801.68,4723.43703167,NO_PATTERN,NO_PATTERN
2020-08-14 18:00:00,11800.38,11843.91,11714.1,11779.0,3197.35904769,DOJI,Neutral
2020-08-15 00:00:00,11777.5,11989.98,11774.28,11898.0,3576.81615811,ENGULFING,Bullish
2020-08-15 06:00:00,11897.99,11945.59,11833.08,11852.26,1992.56821394,HARAMI,Bearish
2020-08-15 12:00:00,11852.26,11910.06,11688.0,11864.66,2918.67237355,DOJI,Neutral
2020-08-15 18:00:00,11864.66,11988.0,11750.0,11859.24,4068.65798219,DOJI,Neutral
2020-08-16 00:00:00,11860.02,11940.0,11782.29,11902.83,2001.85391021,NO_PATTERN,NO_PATTERN
2020-08-16 06:00:00,11902.94,11920.15,11725.14,11753.94,2174.70778099,ENGULFING,Bearish
2020-08-16 12:00:00,11753.41,11900.0,11686.53,11837.92,2702.46635282,NO_PATTERN,NO_PATTERN
2020-08-16 18:00:00,11837.93,11923.86,11799.33,11918.84,1988.00538392,NO_PATTERN,NO_PATTERN
2020-08-17 00:00:00,11918.84,11940.0,11775.0,11800.0,2175.90564322,NO_PATTERN,NO_PATTERN
2020-08-17 06:00:00,11800.0,11920.0,11785.92,11914.53,1501.69129803,NO_PATTERN,NO_PATTERN
2020-08-17 12:00:00,11912.11,12486.61,11807.44,12384.05,14290.69412346,NO_PATTERN,NO_PATTERN
2020-08-17 18:00:00,12384.05,12414.8,12225.65,12304.26,5811.57665978,NO_PATTERN,NO_PATTERN
2020-08-18 00:00:00,12303.98,12400.0,12214.47,12234.02,3368.95555691,INVERTEDHAMMER,Neutral
2020-08-18 06:00:00,12234.02,12292.36,12160.45,12179.0,2332.78069532,NO_PATTERN,NO_PATTERN
2020-08-18 12:00:00,12178.44,12268.8,11825.0,11989.91,9283.15902712,NO_PATTERN,NO_PATTERN
2020-08-18 18:00:00,11989.92,12099.99,11943.38,11950.0,3608.27482557,NO_PATTERN,NO_PATTERN
2020-08-19 00:00:00,11954.22,12024.83,11654.15,11718.27,5263.8226110900005,NO_PATTERN,NO_PATTERN
2020-08-19 06:00:00,11718.27,11865.0,11611.75,11848.25,2528.13262526,NO_PATTERN,NO_PATTERN
2020-08-19 12:00:00,11848.81,11915.41,11662.81,11782.24,4980.93838709,NO_PATTERN,NO_PATTERN
2020-08-19 18:00:00,11782.24,11784.89,11569.0,11758.87,3835.76638847,DRAGONFLYDOJI,Neutral
2020-08-20 00:00:00,11758.87,11829.0,11686.16,11702.23,1855.61991525,NO_PATTERN,NO_PATTERN
2020-08-20 06:00:00,11702.22,11819.0,11671.48,11819.0,1434.77237185,ENGULFING,Bullish
2020-08-20 12:00:00,11819.26,11892.16,11745.04,11829.5,2993.52166511,DOJI,Neutral
2020-08-20 18:00:00,11829.5,11892.11,11820.35,11864.26,2501.70441168,NO_PATTERN,NO_PATTERN
2020-08-21 00:00:00,11864.26,11884.99,11788.01,11851.71,2500.04771312,HAMMER,Neutral
2020-08-21 06:00:00,11850.04,11861.26,11691.11,11718.53,2522.98176029,NO_PATTERN,NO_PATTERN
2020-08-21 12:00:00,11718.53,11773.4,11605.11,11697.83,5154.59477049,NO_PATTERN,NO_PATTERN
2020-08-21 18:00:00,11697.2,11725.56,11480.0,11529.22,4653.66691088,NO_PATTERN,NO_PATTERN
2020-08-22 00:00:00,11529.99,11536.94,11370.0,11469.88,3480.32614031,HAMMER,Neutral
2020-08-22 06:00:00,11469.89,11619.21,11467.77,11565.49,1414.36363728,NO_PATTERN,NO_PATTERN
2020-08-22 12:00:00,11565.49,11646.51,11560.05,11606.17,1746.78582845,NO_PATTERN,NO_PATTERN
2020-08-22 18:00:00,11606.17,11693.16,11580.0,11672.93,1283.31021489,NO_PATTERN,NO_PATTERN
2020-08-23 00:00:00,11672.92,11695.75,11568.85,11580.97,1367.15580066,NO_PATTERN,NO_PATTERN
2020-08-23 06:00:00,11580.96,11629.6,11525.62,11531.97,847.2904985,NO_PATTERN,NO_PATTERN
2020-08-23 12:00:00,11533.04,11672.55,11532.35,11636.67,1437.43411142,MORNINGSTAR,Neutral
2020-08-23 18:00:00,11636.68,11715.0,11634.76,11650.01,1845.64878592,SHOOTINGSTAR,Neutral
2020-08-24 00:00:00,11650.01,11690.29,11592.91,11660.66,1091.91331065,DOJI,Neutral
2020-08-24 06:00:00,11660.65,11823.62,11646.29,11789.3,1678.27827364,NO_PATTERN,NO_PATTERN
2020-08-24 12:00:00,11792.28,11823.0,11726.4,11753.71,2483.0040757799998,NO_PATTERN,NO_PATTERN
2020-08-24 18:00:00,11753.68,11787.0,11695.74,11753.85,1972.39345915,DOJI,Neutral
2020-08-25 00:00:00,11753.26,11769.76,11651.85,11667.38,1516.22529534,NO_PATTERN,NO_PATTERN
2020-08-25 06:00:00,11668.31,11669.01,11514.0,11615.91,1462.95807274,HAMMER,Neutral
2020-08-25 12:00:00,11615.91,11615.91,11180.0,11230.01,6560.43329866,NO_PATTERN,NO_PATTERN
2020-08-25 18:00:00,11230.0,11390.0,11102.73,11324.92,4795.93337372,NO_PATTERN,NO_PATTERN
2020-08-26 00:00:00,11324.92,11407.03,11254.95,11363.54,1628.82268885,NO_PATTERN,NO_PATTERN
2020-08-26 06:00:00,11364.25,11447.58,11301.15,11380.22,1220.29926776,DOJI,Neutral
2020-08-26 12:00:00,11381.08,11539.99,11254.89,11459.57,4263.33220593,NO_PATTERN,NO_PATTERN
2020-08-26 18:00:00,11459.57,11518.85,11435.75,11463.27,1990.88549877,DOJI,Neutral
2020-08-27 00:00:00,11463.27,11485.72,11325.0,11348.24,1982.86933416,NO_PATTERN,NO_PATTERN
2020-08-27 06:00:00,11348.24,11438.36,11305.0,11313.76,1624.40636106,NO_PATTERN,NO_PATTERN
2020-08-27 12:00:00,11313.76,11597.92,11125.0,11192.77,6910.38184122,NO_PATTERN,NO_PATTERN
2020-08-27 18:00:00,11193.61,11358.92,11166.46,11330.06,2980.40365499,NO_PATTERN,NO_PATTERN
2020-08-28 00:00:00,11330.56,11409.0,11282.09,11404.64,1325.26365957,NO_PATTERN,NO_PATTERN
2020-08-28 06:00:00,11404.64,11484.08,11365.0,11481.49,2510.87609258,NO_PATTERN,NO_PATTERN
2020-08-28 12:00:00,11481.7,11550.51,11420.16,11481.97,4562.43813771,DOJI,Neutral
2020-08-28 18:00:00,11481.49,11540.06,11465.28,11535.0,1938.77072932,NO_PATTERN,NO_PATTERN
2020-08-29 00:00:00,11535.0,11549.95,11473.92,11514.4,1148.8913507,NO_PATTERN,NO_PATTERN
2020-08-29 06:00:00,11514.39,11580.0,11422.21,11450.53,1283.9845408,NO_PATTERN,NO_PATTERN
2020-08-29 12:00:00,11450.31,11540.1,11438.9,11510.53,1560.75520978,NO_PATTERN,NO_PATTERN
2020-08-29 18:00:00,11510.53,11556.87,11464.44,11474.31,1398.77435445,NO_PATTERN,NO_PATTERN
2020-08-30 00:00:00,11474.3,11649.0,11463.87,11592.95,1740.09720344,ENGULFING,Bullish
2020-08-30 06:00:00,11592.94,11611.36,11555.46,11603.58,560.72004726,DRAGONFLYDOJI,Neutral
2020-08-30 12:00:00,11603.58,11685.81,11560.74,11644.01,1742.79630674,NO_PATTERN,NO_PATTERN
2020-08-30 18:00:00,11644.01,11720.0,11594.29,11716.01,1531.69423801,NO_PATTERN,NO_PATTERN
2020-08-31 00:00:00,11716.0,11729.52,11653.2,11671.5,1338.74920946,HARAMI,Bearish
2020-08-31 06:00:00,11671.51,11713.1,11576.0,11682.01,1378.8050618299999,DOJI,Neutral
2020-08-31 12:00:00,11684.22,11784.66,11667.0,11712.71,3851.81968145,NO_PATTERN,NO_PATTERN
2020-08-31 18:00:00,11712.71,11740.68,11620.0,11655.0,2518.78239482,NO_PATTERN,NO_PATTERN
2020-09-01 00:00:00,11655.0,11798.05,11525.09,11797.98,2821.71829995,NO_PATTERN,NO_PATTERN
2020-09-01 06:00:00,11797.98,11957.78,11782.78,11881.68,3799.56463039,NO_PATTERN,NO_PATTERN
2020-09-01 12:00:00,11881.68,12086.0,11812.0,11972.99,5930.16773024,NO_PATTERN,NO_PATTERN
2020-09-01 18:00:00,11972.99,12058.0,11866.71,11924.22,3477.12468305,NO_PATTERN,NO_PATTERN
2020-09-02 00:00:00,11924.22,11950.0,11827.0,11867.86,2283.07251624,NO_PATTERN,NO_PATTERN
2020-09-02 06:00:00,11867.86,11867.86,11160.0,11410.39,6924.38211434,NO_PATTERN,NO_PATTERN
2020-09-02 12:00:00,11410.38,11480.94,11203.98,11364.64,6949.27108131,NO_PATTERN,NO_PATTERN
2020-09-02 18:00:00,11364.68,11449.57,11320.66,11395.48,3256.74198457,NO_PATTERN,NO_PATTERN
2020-09-03 00:00:00,11395.49,11454.35,11271.35,11296.21,2339.19392154,ENGULFING,Bearish
2020-09-03 06:00:00,11297.07,11474.99,11200.0,11218.76,2693.68572861,NO_PATTERN,NO_PATTERN
2020-09-03 12:00:00,11218.75,11259.53,10469.38,10696.88,15721.32528936,NO_PATTERN,NO_PATTERN
2020-09-03 18:00:00,10696.88,10802.04,10005.0,10172.52,9471.00648859,NO_PATTERN,NO_PATTERN
2020-09-04 00:00:00,10172.13,10363.2,10093.2,10295.65,5948.25953088,NO_PATTERN,NO_PATTERN
2020-09-04 06:00:00,10295.66,10538.0,10111.0,10438.37,4171.2409513,NO_PATTERN,NO_PATTERN
2020-09-04 12:00:00,10438.31,10511.7,9895.22,10420.3,9300.38683128,DOJI,Neutral
2020-09-04 18:00:00,10420.19,10638.34,10350.45,10500.05,3919.10025905,ENGULFING,Bullish
2020-09-05 00:00:00,10500.05,10564.8,10378.67,10408.74,2652.54788034,NO_PATTERN,NO_PATTERN
2020-09-05 06:00:00,10408.43,10500.5,10126.76,10227.88,2811.73020273,NO_PATTERN,NO_PATTERN
2020-09-05 12:00:00,10226.69,10350.41,9969.53,10132.97,7030.63176071,NO_PATTERN,NO_PATTERN
2020-09-05 18:00:00,10136.07,10193.62,9813.0,10168.36,9877.2631459,DRAGONFLYDOJI,Neutral
2020-09-06 00:00:00,10169.58,10250.0,10000.0,10123.08,2975.20717424,ENGULFING,Bearish
2020-09-06 06:00:00,10123.08,10278.56,10071.54,10268.34,1387.17229909,NO_PATTERN,NO_PATTERN
2020-09-06 12:00:00,10268.46,10299.94,10126.74,10209.86,2353.02168682,NO_PATTERN,NO_PATTERN
2020-09-06 18:00:00,10207.77,10358.88,10183.44,10257.86,2782.01834524,NO_PATTERN,NO_PATTERN
2020-09-07 00:00:00,10258.67,10315.1,10089.14,10103.5,1548.38427533,ENGULFING,Bearish
2020-09-07 06:00:00,10106.31,10185.0,10001.29,10029.56,2591.54821275,NO_PATTERN,NO_PATTERN
2020-09-07 12:00:00,10029.13,10233.61,9880.0,10163.37,4619.70076693,ENGULFING,Bullish
2020-09-07 18:00:00,10164.25,10410.9,10081.65,10375.0,3209.38027648,NO_PATTERN,NO_PATTERN
2020-09-08 00:00:00,10375.0,10440.91,10222.4,10228.04,2040.2970161399999,NO_PATTERN,NO_PATTERN
2020-09-08 06:00:00,10228.06,10339.99,9934.86,9980.08,2524.88710664,NO_PATTERN,NO_PATTERN
2020-09-08 12:00:00,9981.04,10169.9,9920.07,10153.31,4226.50515307,NO_PATTERN,NO_PATTERN
2020-09-08 18:00:00,10155.59,10205.87,9819.83,10125.69,6805.3291341,NO_PATTERN,NO_PATTERN
2020-09-09 00:00:00,10126.41,10148.05,9983.34,10087.93,1964.96946173,NO_PATTERN,NO_PATTERN
2020-09-09 06:00:00,10088.55,10286.9,10060.89,10226.75,1369.72952194,NO_PATTERN,NO_PATTERN
2020-09-09 12:00:00,10227.27,10287.19,10171.06,10275.69,3189.02592601,NO_PATTERN,NO_PATTERN
2020-09-09 18:00:00,10276.0,10349.99,10175.35,10224.56,3095.19058944,ENGULFING,Bearish
2020-09-10 00:00:00,10224.56,10420.0,10216.41,10381.48,2315.80640002,NO_PATTERN,NO_PATTERN
2020-09-10 06:00:00,10381.1,10387.25,10239.03,10300.76,1961.62404553,HARAMI,Bearish
2020-09-10 12:00:00,10300.76,10489.0,10297.76,10351.18,4338.28917501,NO_PATTERN,NO_PATTERN
2020-09-10 18:00:00,10351.18,10380.78,10254.91,10343.23,2560.39940546,DOJI,Neutral
2020-09-11 00:00:00,10344.24,10384.23,10200.0,10285.0,1636.88136525,NO_PATTERN,NO_PATTERN
2020-09-11 06:00:00,10288.27,10335.0,10239.78,10255.85,1436.5130615,NO_PATTERN,NO_PATTERN
2020-09-11 12:00:00,10256.54,10348.27,10254.08,10300.01,1939.42893205,NO_PATTERN,NO_PATTERN
2020-09-11 18:00:00,10300.02,10411.44,10295.0,10394.41,2173.45048769,NO_PATTERN,NO_PATTERN
2020-09-12 00:00:00,10394.41,10400.0,10328.0,10364.99,1424.17984343,NO_PATTERN,NO_PATTERN
2020-09-12 06:00:00,10364.99,10366.02,10304.44,10340.6,1121.6728872,HAMMER,Neutral
2020-09-12 12:00:00,10340.59,10380.5,10276.19,10380.0,1828.27663403,ENGULFING,Bullish
2020-09-12 18:00:00,10380.0,10483.23,10379.99,10446.52,2114.29373148,NO_PATTERN,NO_PATTERN
2020-09-13 00:00:00,10446.52,10582.36,10405.0,10536.27,1929.02415126,NO_PATTERN,NO_PATTERN
2020-09-13 06:00:00,10536.76,10562.78,10310.0,10326.81,2006.16376042,3LINESTRIKE,Bull
2020-09-13 12:00:00,10327.13,10351.66,10211.0,10284.96,4613.51949824,NO_PATTERN,NO_PATTERN
2020-09-13 18:00:00,10284.95,10336.76,10248.65,10336.76,1853.0197775,ENGULFING,Bullish
2020-09-14 00:00:00,10336.76,10375.0,10253.0,10343.36,2251.31386926,DOJI,Neutral
2020-09-14 06:00:00,10343.66,10477.01,10329.89,10474.92,2604.0411331,NO_PATTERN,NO_PATTERN
2020-09-14 12:00:00,10474.06,10760.62,10453.93,10687.66,5846.18287205,NO_PATTERN,NO_PATTERN
2020-09-14 18:00:00,10687.66,10750.0,10625.58,10679.95,2795.72817072,DOJI,Neutral
2020-09-15 00:00:00,10678.41,10834.51,10655.17,10741.54,1931.23934921,ENGULFING,Bullish
2020-09-15 06:00:00,10739.96,10878.75,10613.18,10832.83,2092.399731,NO_PATTERN,NO_PATTERN
2020-09-15 12:00:00,10832.84,10950.0,10700.0,10805.01,5716.31518578,NO_PATTERN,NO_PATTERN
2020-09-15 18:00:00,10805.0,10883.97,10748.46,10783.75,2851.15002247,NO_PATTERN,NO_PATTERN
2020-09-16 00:00:00,10783.36,10832.76,10662.02,10776.9,1788.4575784,DOJI,Neutral
2020-09-16 06:00:00,10776.9,10944.5,10766.58,10907.87,1655.14840338,NO_PATTERN,NO_PATTERN
2020-09-16 12:00:00,10908.87,11099.95,10867.5,11043.23,3948.92159887,NO_PATTERN,NO_PATTERN
2020-09-16 18:00:00,11043.23,11090.0,10941.76,10959.61,3561.43352246,NO_PATTERN,NO_PATTERN
2020-09-17 00:00:00,10957.06,11044.0,10850.87,10914.07,2036.07282227,NO_PATTERN,NO_PATTERN
2020-09-17 06:00:00,10914.07,10929.64,10782.63,10883.73,1566.94436629,HAMMER,Neutral
2020-09-17 12:00:00,10883.74,10885.0,10735.55,10866.09,3001.63864647,DRAGONFLYDOJI,Neutral
2020-09-17 18:00:00,10868.95,10977.14,10868.07,10943.61,2272.7642943700002,NO_PATTERN,NO_PATTERN
2020-09-18 00:00:00,10943.99,10962.99,10881.4,10931.76,1393.00099474,DOJI,Neutral
2020-09-18 06:00:00,10931.71,11039.88,10898.92,10976.14,1658.37036369,ENGULFING,Bullish
2020-09-18 12:00:00,10976.15,11002.94,10813.0,10835.14,3219.82661656,ENGULFING,Bearish
2020-09-18 18:00:00,10833.96,10949.6,10816.09,10937.52,2368.12416612,NO_PATTERN,NO_PATTERN
2020-09-19 00:00:00,10937.5,10985.0,10928.2,10935.13,1132.10475864,HARAMI,Bear
2020-09-19 06:00:00,10935.13,11151.36,10891.78,11144.86,1242.49642812,NO_PATTERN,NO_PATTERN
2020-09-19 12:00:00,11141.13,11179.9,11054.3,11071.98,1902.0507193,NO_PATTERN,NO_PATTERN
2020-09-19 18:00:00,11071.97,11098.74,11012.08,11080.0,1436.3875796,DOJI,Neutral
2020-09-20 00:00:00,11081.09,11081.37,10902.33,10953.05,1657.65616237,ENGULFING,Bearish
2020-09-20 06:00:00,10953.04,10989.0,10928.12,10950.0,643.93092383,DOJI,Neutral
2020-09-20 12:00:00,10950.01,10955.97,10759.37,10899.95,2307.90307759,HAMMER,Neutral
2020-09-20 18:00:00,10899.72,10939.27,10820.52,10920.89,1378.00417,NO_PATTERN,NO_PATTERN
2020-09-21 00:00:00,10920.94,10994.0,10896.03,10965.01,1357.28145896,NO_PATTERN,NO_PATTERN
2020-09-21 06:00:00,10965.0,10976.23,10575.0,10630.0,3193.9460899,NO_PATTERN,NO_PATTERN
2020-09-21 12:00:00,10629.99,10630.0,10180.0,10392.69,7411.25498533,NO_PATTERN,NO_PATTERN
2020-09-21 18:00:00,10391.0,10533.33,10376.75,10416.82,3003.6143267,NO_PATTERN,NO_PATTERN
2020-09-22 00:00:00,10416.83,10490.61,10355.0,10459.14,1996.12319025,NO_PATTERN,NO_PATTERN
2020-09-22 06:00:00,10462.06,10503.92,10356.92,10453.22,1078.57720049,DOJI,Neutral
2020-09-22 12:00:00,10451.4,10525.77,10421.94,10487.28,2792.24477799,ENGULFING,Bullish
2020-09-22 18:00:00,10487.29,10576.82,10457.09,10531.13,1989.17997017,NO_PATTERN,NO_PATTERN
2020-09-23 00:00:00,10531.13,10539.95,10448.73,10471.51,1012.35406181,NO_PATTERN,NO_PATTERN
2020-09-23 06:00:00,10470.95,10496.03,10380.49,10475.02,1229.08877452,DOJI,Neutral
2020-09-23 12:00:00,10475.03,10541.25,10451.0,10455.5,2042.06861296,ENGULFING,Bearish
2020-09-23 18:00:00,10455.49,10462.25,10135.22,10235.1,4599.48059275,NO_PATTERN,NO_PATTERN
2020-09-24 00:00:00,10237.41,10340.25,10192.56,10289.46,1429.51754337,HARAMI,Bullish
2020-09-24 06:00:00,10289.12,10441.61,10280.87,10412.0,1136.48703163,NO_PATTERN,NO_PATTERN
2020-09-24 12:00:00,10412.0,10737.38,10328.89,10667.44,4372.66436946,NO_PATTERN,NO_PATTERN
2020-09-24 18:00:00,10666.01,10795.87,10594.99,10740.01,2731.11149231,NO_PATTERN,NO_PATTERN
2020-09-25 00:00:00,10740.0,10762.44,10640.91,10642.46,1241.12075297,NO_PATTERN,NO_PATTERN
2020-09-25 06:00:00,10649.04,10706.05,10559.12,10625.67,3005.34958703,NO_PATTERN,NO_PATTERN
2020-09-25 12:00:00,10625.6,10725.8,10551.0,10701.02,3115.564978,ENGULFING,Bullish
2020-09-25 18:00:00,10701.01,10765.07,10658.88,10690.53,2311.62525757,DOJI,Neutral
2020-09-26 00:00:00,10690.53,10828.0,10654.58,10729.15,1090.69319194,NO_PATTERN,NO_PATTERN
2020-09-26 06:00:00,10727.14,10777.5,10669.0,10710.19,512.70173882,DOJI,Neutral
2020-09-26 12:00:00,10710.19,10755.23,10669.31,10747.21,1048.72535907,NO_PATTERN,NO_PATTERN
2020-09-26 18:00:00,10748.62,10786.52,10684.28,10730.0,1125.23219633,NO_PATTERN,NO_PATTERN
2020-09-27 00:00:00,10730.0,10806.32,10721.75,10787.0,995.75858568,NO_PATTERN,NO_PATTERN
2020-09-27 06:00:00,10786.99,10787.0,10617.53,10625.01,854.44626788,NO_PATTERN,NO_PATTERN
2020-09-27 12:00:00,10625.01,10775.0,10595.24,10728.32,1088.06402165,NO_PATTERN,NO_PATTERN
2020-09-27 18:00:00,10728.93,10784.25,10704.96,10778.2,935.67510871,NO_PATTERN,NO_PATTERN
2020-09-28 00:00:00,10779.0,10956.11,10778.99,10882.19,1936.9764120099999,NO_PATTERN,NO_PATTERN
2020-09-28 06:00:00,10882.18,10913.43,10832.46,10880.0,947.92926746,HARAMI,Bear
2020-09-28 12:00:00,10879.99,10947.07,10840.83,10894.08,2704.17323719,ENGULFING,Bullish
2020-09-28 18:00:00,10893.92,10893.92,10621.22,10695.55,3260.40942744,NO_PATTERN,NO_PATTERN
2020-09-29 00:00:00,10694.9,10728.09,10651.78,10673.67,1806.86304563,NO_PATTERN,NO_PATTERN
2020-09-29 06:00:00,10673.67,10790.0,10662.08,10757.19,1191.74413235,MORNINGSTAR,Neutral
2020-09-29 12:00:00,10757.19,10790.0,10636.13,10676.24,2454.77357284,NO_PATTERN,NO_PATTERN
2020-09-29 18:00:00,10676.24,10860.79,10672.97,10840.73,2698.70606477,NO_PATTERN,NO_PATTERN
2020-09-30 00:00:00,10839.98,10847.0,10695.92,10698.01,1267.34727361,NO_PATTERN,NO_PATTERN
2020-09-30 06:00:00,10698.0,10747.7,10657.04,10675.87,1016.35714761,NO_PATTERN,NO_PATTERN
2020-09-30 12:00:00,10675.86,10804.01,10667.39,10769.47,2001.95094948,MORNINGSTAR,Neutral
2020-09-30 18:00:00,10770.0,10785.27,10675.35,10779.63,2020.69492801,DRAGONFLYDOJI,Neutral
2020-10-01 00:00:00,10779.63,10857.22,10779.63,10823.65,1500.32910909,NO_PATTERN,NO_PATTERN
2020-10-01 06:00:00,10823.65,10931.98,10807.86,10908.27,1631.16129455,NO_PATTERN,NO_PATTERN
2020-10-01 12:00:00,10906.69,10913.06,10427.75,10472.97,6495.21194175,NO_PATTERN,NO_PATTERN
2020-10-01 18:00:00,10471.93,10641.83,10460.0,10617.63,3188.2361229,NO_PATTERN,NO_PATTERN
2020-10-02 00:00:00,10616.35,10668.56,10363.76,10437.92,2719.58396025,NO_PATTERN,NO_PATTERN
2020-10-02 06:00:00,10437.92,10526.46,10380.0,10437.02,2453.64077023,DOJI,Neutral
2020-10-02 12:00:00,10437.02,10600.0,10431.6,10543.18,3324.47513399,NO_PATTERN,NO_PATTERN
2020-10-02 18:00:00,10541.99,10584.19,10468.0,10573.12,1745.84183186,NO_PATTERN,NO_PATTERN
2020-10-03 00:00:00,10573.12,10579.7,10525.21,10541.63,791.14988131,NO_PATTERN,NO_PATTERN
2020-10-03 06:00:00,10541.61,10564.82,10498.02,10542.07,542.22534706,DOJI,Neutral
2020-10-03 12:00:00,10540.72,10606.36,10523.82,10587.46,845.57561366,NO_PATTERN,NO_PATTERN
2020-10-03 18:00:00,10587.59,10598.89,10534.65,10551.65,1026.58438342,NO_PATTERN,NO_PATTERN
2020-10-04 00:00:00,10550.32,10584.94,10521.87,10569.88,666.5014459,HAMMER,Neutral
2020-10-04 06:00:00,10568.66,10644.12,10567.71,10604.54,577.41766875,NO_PATTERN,NO_PATTERN
2020-10-04 12:00:00,10604.53,10625.0,10576.82,10610.0,991.63809951,DOJI,Neutral
2020-10-04 18:00:00,10610.0,10697.0,10599.49,10671.11,1330.2810508,NO_PATTERN,NO_PATTERN
2020-10-05 00:00:00,10670.01,10759.62,10640.56,10680.46,1409.35478907,NO_PATTERN,NO_PATTERN
2020-10-05 06:00:00,10680.45,10700.0,10621.12,10667.54,861.44671076,NO_PATTERN,NO_PATTERN
2020-10-05 12:00:00,10665.87,10775.26,10660.1,10695.49,2330.73480984,ENGULFING,Bullish
2020-10-05 18:00:00,10695.49,10800.0,10680.62,10795.0,1462.28620458,NO_PATTERN,NO_PATTERN
2020-10-06 00:00:00,10796.97,10800.0,10739.97,10749.82,1032.6075179,NO_PATTERN,NO_PATTERN
2020-10-06 06:00:00,10749.81,10769.41,10650.0,10697.9,870.60737768,NO_PATTERN,NO_PATTERN
2020-10-06 12:00:00,10697.34,10758.0,10618.13,10708.93,2086.29222953,NO_PATTERN,NO_PATTERN
2020-10-06 18:00:00,10708.94,10737.98,10524.0,10602.66,3577.90606117,ENGULFING,Bearish
2020-10-07 00:00:00,10601.2,10617.24,10546.78,10611.0,1709.82273203,DRAGONFLYDOJI,Neutral
2020-10-07 06:00:00,10610.99,10632.1,10577.98,10605.2,919.37455749,DOJI,Neutral
2020-10-07 12:00:00,10605.19,10650.13,10597.21,10637.87,1776.38145808,ENGULFING,Bullish
2020-10-07 18:00:00,10639.21,10683.75,10630.9,10670.47,1675.90300783,NO_PATTERN,NO_PATTERN
2020-10-08 00:00:00,10670.47,10674.88,10605.24,10616.74,1038.4493027,NO_PATTERN,NO_PATTERN
2020-10-08 06:00:00,10616.99,10631.63,10532.11,10605.41,1148.17100412,NO_PATTERN,NO_PATTERN
2020-10-08 12:00:00,10605.41,10963.16,10595.9,10884.18,6757.11580174,NO_PATTERN,NO_PATTERN
2020-10-08 18:00:00,10884.18,10943.58,10850.0,10933.09,2338.23871518,NO_PATTERN,NO_PATTERN
2020-10-09 00:00:00,10932.44,10947.03,10865.0,10868.01,1430.73647698,NO_PATTERN,NO_PATTERN
2020-10-09 06:00:00,10868.0,11107.3,10834.49,11045.16,2714.52894237,ENGULFING,Bullish
2020-10-09 12:00:00,11050.72,11111.11,11043.51,11069.28,3997.41450899,SHOOTINGSTAR,Neutral
2020-10-09 18:00:00,11068.9,11099.32,11023.54,11057.07,1933.48235729,DOJI,Neutral
2020-10-10 00:00:00,11057.07,11498.98,11055.75,11377.94,4125.43035139,NO_PATTERN,NO_PATTERN
2020-10-10 06:00:00,11377.96,11399.92,11235.16,11322.6,1431.46355464,NO_PATTERN,NO_PATTERN
2020-10-10 12:00:00,11322.6,11423.14,11290.63,11360.41,2244.44144224,NO_PATTERN,NO_PATTERN
2020-10-10 18:00:00,11360.41,11382.31,11267.78,11299.5,1489.51796231,NO_PATTERN,NO_PATTERN
2020-10-11 00:00:00,11299.52,11399.19,11280.01,11342.71,1179.30660985,NO_PATTERN,NO_PATTERN
2020-10-11 06:00:00,11342.71,11409.33,11328.21,11373.89,726.55178437,NO_PATTERN,NO_PATTERN
2020-10-11 12:00:00,11373.88,11444.25,11339.0,11425.0,1370.72745174,NO_PATTERN,NO_PATTERN
2020-10-11 18:00:00,11425.0,11430.02,11276.28,11374.01,1858.18883787,NO_PATTERN,NO_PATTERN
2020-10-12 00:00:00,11374.01,11411.63,11352.0,11401.67,1317.42683444,NO_PATTERN,NO_PATTERN
2020-10-12 06:00:00,11401.68,11404.98,11187.6,11247.6,1599.95943638,ENGULFING,Bearish
2020-10-12 12:00:00,11247.61,11600.0,11240.51,11560.14,4688.345523,NO_PATTERN,NO_PATTERN
2020-10-12 18:00:00,11560.13,11736.02,11486.0,11535.46,3424.04334192,HARAMI,Bearish
2020-10-13 00:00:00,11535.46,11550.25,11421.04,11511.86,1849.76630269,HAMMER,Neutral
2020-10-13 06:00:00,11513.81,11561.45,11388.0,11493.91,1932.6381586,NO_PATTERN,NO_PATTERN
2020-10-13 12:00:00,11493.43,11511.64,11312.59,11361.41,3016.28895757,NO_PATTERN,NO_PATTERN
2020-10-13 18:00:00,11361.19,11470.63,11351.42,11428.22,1827.14779217,NO_PATTERN,NO_PATTERN
2020-10-14 00:00:00,11428.22,11492.19,11370.08,11414.37,1145.22294386,DOJI,Neutral
2020-10-14 06:00:00,11417.4,11454.05,11362.21,11371.84,953.15782172,NO_PATTERN,NO_PATTERN
2020-10-14 12:00:00,11368.2,11556.37,11300.0,11346.0,2820.1771161,NO_PATTERN,NO_PATTERN
2020-10-14 18:00:00,11345.42,11438.83,11290.83,11427.7,2143.95696708,ENGULFING,Bullish
2020-10-15 00:00:00,11427.7,11428.58,11367.65,11410.16,1287.7163553,DRAGONFLYDOJI,Neutral
2020-10-15 06:00:00,11410.06,11428.49,11263.15,11318.3,1636.26366768,NO_PATTERN,NO_PATTERN
2020-10-15 12:00:00,11317.21,11490.0,11275.33,11469.58,2576.0896365,ENGULFING,Bullish
2020-10-15 18:00:00,11472.32,11641.38,11456.81,11509.34,2990.9004989200002,NO_PATTERN,NO_PATTERN
2020-10-16 00:00:00,11509.31,11550.01,11201.0,11351.26,3442.81001048,EVENINGSTAR,Neutral
2020-10-16 06:00:00,11350.25,11400.04,11215.51,11376.44,1881.57738064,NO_PATTERN,NO_PATTERN
2020-10-16 12:00:00,11375.36,11402.15,11288.0,11343.56,2338.95786752,NO_PATTERN,NO_PATTERN
2020-10-16 18:00:00,11343.55,11375.32,11284.4,11328.95,1820.59410996,DOJI,Neutral
2020-10-17 00:00:00,11328.27,11372.71,11278.03,11360.42,928.56512284,ENGULFING,Bullish
2020-10-17 06:00:00,11360.42,11385.0,11315.67,11348.95,436.2528096,DOJI,Neutral
2020-10-17 12:00:00,11348.85,11421.0,11264.75,11347.71,1257.02179514,DOJI,Neutral
2020-10-17 18:00:00,11346.66,11376.0,11326.03,11367.89,956.40713089,ENGULFING,Bullish
2020-10-18 00:00:00,11367.9,11409.39,11350.37,11400.87,957.03794943,NO_PATTERN,NO_PATTERN
2020-10-18 06:00:00,11400.45,11475.8,11388.25,11428.96,772.18856377,NO_PATTERN,NO_PATTERN
2020-10-18 12:00:00,11428.95,11497.54,11418.98,11471.24,1131.21490347,NO_PATTERN,NO_PATTERN
2020-10-18 18:00:00,11471.86,11523.0,11408.52,11514.2,1479.08325088,NO_PATTERN,NO_PATTERN
2020-10-19 00:00:00,11514.2,11544.44,11416.04,11443.55,1366.31202777,NO_PATTERN,NO_PATTERN
2020-10-19 06:00:00,11443.57,11538.0,11426.29,11480.91,1090.64184448,NO_PATTERN,NO_PATTERN
2020-10-19 12:00:00,11482.39,11833.0,11472.0,11729.98,5331.63914714,NO_PATTERN,NO_PATTERN
2020-10-19 18:00:00,11729.98,11788.78,11659.44,11760.45,2512.42391802,NO_PATTERN,NO_PATTERN
2020-10-20 00:00:00,11760.45,11769.99,11685.0,11764.74,1910.50924838,DRAGONFLYDOJI,Neutral
2020-10-20 06:00:00,11764.74,11938.11,11711.28,11780.0,3368.27037816,NO_PATTERN,NO_PATTERN
2020-10-20 12:00:00,11780.0,12050.0,11770.05,11972.84,5813.62604055,NO_PATTERN,NO_PATTERN
2020-10-20 18:00:00,11972.11,11991.19,11876.51,11923.83,2731.73174998,HARAMI,Bearish
2020-10-21 00:00:00,11923.07,12322.82,11900.01,12248.86,5309.82287808,ENGULFING,Bullish
2020-10-21 06:00:00,12247.73,12376.15,12141.0,12343.51,2724.3700268000002,NO_PATTERN,NO_PATTERN
2020-10-21 12:00:00,12344.92,12928.74,12288.02,12785.27,12664.26266087,NO_PATTERN,NO_PATTERN
2020-10-21 18:00:00,12786.56,13250.04,12670.76,12808.0,11606.59569224,DOJI,Neutral
2020-10-22 00:00:00,12808.01,12958.95,12698.02,12774.51,4633.06670259,ENGULFING,Bearish
2020-10-22 06:00:00,12774.97,13032.44,12700.0,12978.98,3348.62311933,NO_PATTERN,NO_PATTERN
2020-10-22 12:00:00,12978.98,13095.74,12814.0,13072.24,7250.20406276,NO_PATTERN,NO_PATTERN
2020-10-22 18:00:00,13071.18,13200.0,12951.46,12987.02,5065.03506008,NO_PATTERN,NO_PATTERN
2020-10-23 00:00:00,12988.2,13022.0,12842.39,12999.0,2728.90466914,HAMMER,Neutral
2020-10-23 06:00:00,12999.02,13037.0,12865.0,12976.26,1850.25822473,ENGULFING,Bear
2020-10-23 12:00:00,12976.41,13019.75,12722.72,12795.97,3473.1326384,NO_PATTERN,NO_PATTERN
2020-10-23 18:00:00,12795.22,12986.05,12795.21,12937.09,2368.23665173,NO_PATTERN,NO_PATTERN
2020-10-24 00:00:00,12938.0,13026.43,12884.31,12979.28,1355.58953856,NO_PATTERN,NO_PATTERN
2020-10-24 06:00:00,12979.35,13010.04,12921.49,13008.16,1029.867636,NO_PATTERN,NO_PATTERN
2020-10-24 12:00:00,13008.78,13175.0,12930.0,13145.72,3439.09971373,NO_PATTERN,NO_PATTERN
2020-10-24 18:00:00,13145.71,13149.47,13052.0,13126.24,2073.45517785,HARAMI,Bear
2020-10-25 00:00:00,13126.34,13361.0,12900.0,12974.47,3678.56877622,NO_PATTERN,NO_PATTERN
2020-10-25 06:00:00,12973.83,13074.95,12890.76,12969.93,1925.00802767,DOJI,Neutral
2020-10-25 12:00:00,12965.56,13025.57,12946.23,12992.39,746.00446646,ENGULFING,Bullish
